videoId,field,languageId,currentValue,proposedValue,reasons,needsContentReview,published,reachability,httpStatus,checkedUrl,finalUrl
2_Acts7361-0-0,VideoTitle.value,3934, Павел предстает перед синедрионом.,Павел предстает перед синедрионом.,leading-or-trailing-whitespace,false,true,LIVE,200,https://www.jesusfilm.org/watch/paul-before-the-sanhedrin/russian,https://www.jesusfilm.org/watch/paul-before-the-sanhedrin.html/russian.html
2_Acts7361-0-0,VideoTitle.value,6464,महासभा के सामने पौलुस ,महासभा के सामने पौलुस,leading-or-trailing-whitespace,false,true,LIVE,200,https://www.jesusfilm.org/watch/paul-before-the-sanhedrin/portuguese-brazil,https://www.jesusfilm.org/watch/paul-before-the-sanhedrin.html/portuguese-brazil.html
1_jf6124-0-0,VideoTitle.value,6464,यीशु लकड़े को दुष्ट आत्मा से स्वस्थ करते हैं ,यीशु लकड़े को दुष्ट आत्मा से स्वस्थ करते हैं,leading-or-trailing-whitespace,false,true,LIVE,200,https://www.jesusfilm.org/watch/jesus-heals-boy-from-evil-spirit/hindi,https://www.jesusfilm.org/watch/jesus-heals-boy-from-evil-spirit.html/hindi.html
2_0-Brand_Video,VideoTitle.value,529,Brand_Video,Brand Video,underscore,false,true,LIVE,200,https://www.jesusfilm.org/watch/brand-video/english,https://www.jesusfilm.org/watch/brand-video.html/english.html
1_fj_3-0-0,VideoTitle.value,407,دُعا، خدا سے باتیں کرنا۔ ,دُعا، خدا سے باتیں کرنا۔,leading-or-trailing-whitespace,false,true,LIVE,200,https://www.jesusfilm.org/watch/prayer-talking-to-god/english,https://www.jesusfilm.org/watch/prayer-talking-to-god.html/english.html
1_fj_3-0-0,VideoTitle.value,6464,"प्रार्थना, भगवान से बातें करना ","प्रार्थना, भगवान से बातें करना",leading-or-trailing-whitespace,false,true,LIVE,200,https://www.jesusfilm.org/watch/prayer-talking-to-god/hindi,https://www.jesusfilm.org/watch/prayer-talking-to-god.html/hindi.html
1_jf6141-0-0,VideoTitle.value,496,Payer les taxes à César ,Payer les taxes à César,leading-or-trailing-whitespace,false,true,LIVE,200,https://www.jesusfilm.org/watch/paying-taxes-to-caesar/french,https://www.jesusfilm.org/watch/paying-taxes-to-caesar.html/french.html
2_0-PaperHats,VideoTitle.value,21754,"
纸帽",纸帽,leading-or-trailing-whitespace,false,true,LIVE,200,https://www.jesusfilm.org/watch/paper-hats/bari,https://www.jesusfilm.org/watch/paper-hats.html/bari.html
2_0-PaperHats,VideoTitle.value,22658,"طواقي ورق
",طواقي ورق,leading-or-trailing-whitespace,false,true,LIVE,200,https://www.jesusfilm.org/watch/paper-hats/arabic-modern-standard,https://www.jesusfilm.org/watch/paper-hats.html/arabic-modern-standard.html
2_0-PaperHats,VideoTitle.value,407,کاغذ کی ٹوپیاں ,کاغذ کی ٹوپیاں,leading-or-trailing-whitespace,false,true,LIVE,200,https://www.jesusfilm.org/watch/paper-hats/urdu,https://www.jesusfilm.org/watch/paper-hats.html/urdu.html
2_0-PaperHats,VideoTitle.value,6464,कागज की टोपियाँ ,कागज की टोपियाँ,leading-or-trailing-whitespace,false,true,LIVE,200,https://www.jesusfilm.org/watch/paper-hats/hindi,https://www.jesusfilm.org/watch/paper-hats.html/hindi.html
2_0-Theophilus,VideoTitle.value,6464,थियुफिलुस ,थियुफिलुस,leading-or-trailing-whitespace,false,true,LIVE,200,https://www.jesusfilm.org/watch/theophilus/english,https://www.jesusfilm.org/watch/theophilus.html/english.html
2_0-Nightwatch,VideoTitle.value,6464,रात का पहरा ,रात का पहरा,leading-or-trailing-whitespace,false,true,LIVE,200,https://www.jesusfilm.org/watch/nightwatch/thai,https://www.jesusfilm.org/watch/nightwatch.html/thai.html
2_Acts7318-0-0,VideoTitle.value,3934, Мученичество Стефана,Мученичество Стефана,leading-or-trailing-whitespace,false,true,LIVE,200,https://www.jesusfilm.org/watch/stoning-of-stephen/russian,https://www.jesusfilm.org/watch/stoning-of-stephen.html/russian.html
2_Acts7318-0-0,VideoTitle.value,6464,स्तिुफनुस पर पथराव ,स्तिुफनुस पर पथराव,leading-or-trailing-whitespace,false,true,LIVE,200,https://www.jesusfilm.org/watch/stoning-of-stephen/arabic-tunisian,https://www.jesusfilm.org/watch/stoning-of-stephen.html/arabic-tunisian.html
2_0-Good,VideoTitle.value,22658,"صالح

",صالح,leading-or-trailing-whitespace,false,true,LIVE,200,https://www.jesusfilm.org/watch/good/arabic-modern-standard,https://www.jesusfilm.org/watch/good.html/arabic-modern-standard.html
2_0-Good,VideoTitle.value,6464,अच्छा ,अच्छा,leading-or-trailing-whitespace,false,true,LIVE,200,https://www.jesusfilm.org/watch/good/arabic-modern-standard,https://www.jesusfilm.org/watch/good.html/arabic-modern-standard.html
GoodStory,VideoTitle.value,143871,Нэгэн Сайн Түүх ,Нэгэн Сайн Түүх,leading-or-trailing-whitespace,false,true,LIVE,200,https://www.jesusfilm.org/watch/retelling-the-good-story/english,https://www.jesusfilm.org/watch/retelling-the-good-story.html/english.html
GoodStory,VideoTitle.value,18259,Нэгэн Сайн Түүх ,Нэгэн Сайн Түүх,leading-or-trailing-whitespace,false,true,LIVE,200,https://www.jesusfilm.org/watch/retelling-the-good-story/english,https://www.jesusfilm.org/watch/retelling-the-good-story.html/english.html
2_Acts7368-0-0,VideoTitle.value,1106,"
Paulus segelt nach Rom",Paulus segelt nach Rom,leading-or-trailing-whitespace,false,true,LIVE,200,https://www.jesusfilm.org/watch/paul-sails-for-rome/tamazight-central-atlas,https://www.jesusfilm.org/watch/paul-sails-for-rome.html/tamazight-central-atlas.html
2_Acts7368-0-0,VideoTitle.value,3934, Павел отплывает в Рим,Павел отплывает в Рим,leading-or-trailing-whitespace,false,true,LIVE,200,https://www.jesusfilm.org/watch/paul-sails-for-rome/russian,https://www.jesusfilm.org/watch/paul-sails-for-rome.html/russian.html
2_Acts7368-0-0,VideoTitle.value,6464,रोम के लिए पौलुस सीलास ,रोम के लिए पौलुस सीलास,leading-or-trailing-whitespace,false,true,LIVE,200,https://www.jesusfilm.org/watch/paul-sails-for-rome/tamazight-central-atlas,https://www.jesusfilm.org/watch/paul-sails-for-rome.html/tamazight-central-atlas.html
2_Acts7368-0-0,VideoTitle.value,6788, پولس به سوی روم حرکت میکند,پولس به سوی روم حرکت میکند,leading-or-trailing-whitespace,false,true,LIVE,200,https://www.jesusfilm.org/watch/paul-sails-for-rome/tamazight-central-atlas,https://www.jesusfilm.org/watch/paul-sails-for-rome.html/tamazight-central-atlas.html
2_Acts7337-0-0,VideoTitle.value,1106,Die Verwechselung in Lystra ,Die Verwechselung in Lystra,leading-or-trailing-whitespace,false,true,LIVE,200,https://www.jesusfilm.org/watch/mistaken-identity-in-lystra/arabic-tunisian,https://www.jesusfilm.org/watch/mistaken-identity-in-lystra.html/arabic-tunisian.html
2_Acts7337-0-0,VideoTitle.value,1942,Listra'da Yanlış Hüviyet ,Listra'da Yanlış Hüviyet,leading-or-trailing-whitespace,false,true,LIVE,200,https://www.jesusfilm.org/watch/mistaken-identity-in-lystra/arabic-tunisian,https://www.jesusfilm.org/watch/mistaken-identity-in-lystra.html/arabic-tunisian.html
2_Acts7337-0-0,VideoTitle.value,584, Identidade Equivocada em Listra,Identidade Equivocada em Listra,leading-or-trailing-whitespace,false,true,LIVE,200,https://www.jesusfilm.org/watch/mistaken-identity-in-lystra/portuguese-brazil,https://www.jesusfilm.org/watch/mistaken-identity-in-lystra.html/portuguese-brazil.html
2_GOJ4910-0-0,VideoTitle.value,3934,Сын Чиновника Исцелён ,Сын Чиновника Исцелён,leading-or-trailing-whitespace,false,true,LIVE,200,https://www.jesusfilm.org/watch/official-son-healed/russian,https://www.jesusfilm.org/watch/official-son-healed.html/russian.html
2_GOJ4910-0-0,VideoTitle.value,6464,राजकर्मचारी के पुत्र को चंगा करना ,राजकर्मचारी के पुत्र को चंगा करना,leading-or-trailing-whitespace,false,true,LIVE,200,https://www.jesusfilm.org/watch/official-son-healed/hindi,https://www.jesusfilm.org/watch/official-son-healed.html/hindi.html
2_GOJ4925-0-0,VideoTitle.value,3934,Добрый Пастырь ,Добрый Пастырь,leading-or-trailing-whitespace,false,true,LIVE,200,https://www.jesusfilm.org/watch/the-good-shepherd/russian,https://www.jesusfilm.org/watch/the-good-shepherd.html/russian.html
2_GOJ4925-0-0,VideoTitle.value,6464,अच्छा चरवाहा ,अच्छा चरवाहा,leading-or-trailing-whitespace,false,true,LIVE,200,https://www.jesusfilm.org/watch/the-good-shepherd/hindi,https://www.jesusfilm.org/watch/the-good-shepherd.html/hindi.html
1_mld11-0-0,VideoTitle.value,139485,آخر يوم لي - اعلان ,آخر يوم لي - اعلان,leading-or-trailing-whitespace,false,true,LIVE,200,https://www.jesusfilm.org/watch/my-last-day-trailer/jamaican-patwa,https://www.jesusfilm.org/watch/my-last-day-trailer.html/jamaican-patwa.html
1_mld11-0-0,VideoTitle.value,22658,آخر يوم لي - اعلان ,آخر يوم لي - اعلان,leading-or-trailing-whitespace,false,true,LIVE,200,https://www.jesusfilm.org/watch/my-last-day-trailer/arabic-modern-standard,https://www.jesusfilm.org/watch/my-last-day-trailer.html/arabic-modern-standard.html
1_riv_01-0-0,VideoTitle.value,6464,परिवार में ,परिवार में,leading-or-trailing-whitespace,false,true,LIVE,200,https://www.jesusfilm.org/watch/in-the-family/hindi,https://www.jesusfilm.org/watch/in-the-family.html/hindi.html
3_0-40DWJ_07-0-0,VideoTitle.value,6788,روز هفتم: معجزه بدست آوردن ,روز هفتم: معجزه بدست آوردن,leading-or-trailing-whitespace,false,true,LIVE,200,https://www.jesusfilm.org/watch/day-7-miracle-catch/farsi-western,https://www.jesusfilm.org/watch/day-7-miracle-catch.html/farsi-western.html
2_Acts7335-0-0,VideoTitle.value,21754,保罗于彼西底的安提阿之事工 ,保罗于彼西底的安提阿之事工,leading-or-trailing-whitespace,false,true,LIVE,200,https://www.jesusfilm.org/watch/paul-s-ministry-in-pisidian-antioch/tamazight-central-atlas,https://www.jesusfilm.org/watch/paul-s-ministry-in-pisidian-antioch.html/tamazight-central-atlas.html
2_Acts7335-0-0,VideoTitle.value,3934, Служение Павла в Антиохии Писидийской,Служение Павла в Антиохии Писидийской,leading-or-trailing-whitespace,false,true,LIVE,200,https://www.jesusfilm.org/watch/paul-s-ministry-in-pisidian-antioch/russian,https://www.jesusfilm.org/watch/paul-s-ministry-in-pisidian-antioch.html/russian.html
2_Acts7335-0-0,VideoTitle.value,6464,पिसिदिया के अन्ताकिया में पौलुस की सेवा ,पिसिदिया के अन्ताकिया में पौलुस की सेवा,leading-or-trailing-whitespace,false,true,LIVE,200,https://www.jesusfilm.org/watch/paul-s-ministry-in-pisidian-antioch/tamazight-central-atlas,https://www.jesusfilm.org/watch/paul-s-ministry-in-pisidian-antioch.html/tamazight-central-atlas.html
1_riv_02-0-0,VideoTitle.value,1106,"Schöpfung
Schöpferische Hände
Gestaltende Hände
Das Werk der Hände ",Schöpfung Schöpferische Hände Gestaltende Hände Das Werk der Hände,leading-or-trailing-whitespace,false,true,LIVE,200,https://www.jesusfilm.org/watch/handiwork/pashto-yusufzai,https://www.jesusfilm.org/watch/handiwork.html/pashto-yusufzai.html
1_riv_06-0-0,VideoTitle.value,6464,शांति ढूँढना ,शांति ढूँढना,leading-or-trailing-whitespace,false,true,LIVE,200,https://www.jesusfilm.org/watch/finding-peace/hindi,https://www.jesusfilm.org/watch/finding-peace.html/hindi.html
8_NBC06,Video.slug,,6-being-made-new,6-being-made,version-tag-remnant,false,true,LIVE,200,https://www.jesusfilm.org/watch/6-being-made-new/italian,https://www.jesusfilm.org/watch/6-being-made-new.html/italian.html
8_NBC06,VideoTitle.value,529,6. Being Made New,6. Being Made,version-tag-remnant,false,true,LIVE,200,https://www.jesusfilm.org/watch/6-being-made-new/english,https://www.jesusfilm.org/watch/6-being-made-new.html/english.html
2_Acts7321-0-0,VideoTitle.value,3887,Thuật Sĩ Si-môn ,Thuật Sĩ Si-môn,leading-or-trailing-whitespace,false,true,LIVE,200,https://www.jesusfilm.org/watch/simon-the-sorcerer/spanish-latin-american,https://www.jesusfilm.org/watch/simon-the-sorcerer.html/spanish-latin-american.html
2_Acts7321-0-0,VideoTitle.value,3934, Симон-волхв,Симон-волхв,leading-or-trailing-whitespace,false,true,LIVE,200,https://www.jesusfilm.org/watch/simon-the-sorcerer/russian,https://www.jesusfilm.org/watch/simon-the-sorcerer.html/russian.html
2_Acts7321-0-0,VideoTitle.value,6464,जादूगर शमौन ,जादूगर शमौन,leading-or-trailing-whitespace,false,true,LIVE,200,https://www.jesusfilm.org/watch/simon-the-sorcerer/spanish-latin-american,https://www.jesusfilm.org/watch/simon-the-sorcerer.html/spanish-latin-american.html
2_Acts7324-0-0,VideoTitle.value,3934, Савл в Дамаске и Иерусалиме,Савл в Дамаске и Иерусалиме,leading-or-trailing-whitespace,false,true,LIVE,200,https://www.jesusfilm.org/watch/saul-in-damascus-and-jerusalem/russian,https://www.jesusfilm.org/watch/saul-in-damascus-and-jerusalem.html/russian.html
2_Acts7324-0-0,VideoTitle.value,6464,यरुशलेम और दमि़शक में शाऊल ,यरुशलेम और दमि़शक में शाऊल,leading-or-trailing-whitespace,false,true,LIVE,200,https://www.jesusfilm.org/watch/saul-in-damascus-and-jerusalem/arabic-tunisian,https://www.jesusfilm.org/watch/saul-in-damascus-and-jerusalem.html/arabic-tunisian.html
2_0-Not-Evelyn-Cho,VideoTitle.value,6464,इवेलिन चो नहीं ,इवेलिन चो नहीं,leading-or-trailing-whitespace,false,true,LIVE,200,https://www.jesusfilm.org/watch/not-evelyn-cho/hindi,https://www.jesusfilm.org/watch/not-evelyn-cho.html/hindi.html
2_Acts7316-0-0,VideoTitle.value,1106,Die Gefangennahme des Stephanus ,Die Gefangennahme des Stephanus,leading-or-trailing-whitespace,false,true,LIVE,200,https://www.jesusfilm.org/watch/stephen-seized/arabic-tunisian,https://www.jesusfilm.org/watch/stephen-seized.html/arabic-tunisian.html
2_Acts7316-0-0,VideoTitle.value,3934, Арест Стефана,Арест Стефана,leading-or-trailing-whitespace,false,true,LIVE,200,https://www.jesusfilm.org/watch/stephen-seized/russian,https://www.jesusfilm.org/watch/stephen-seized.html/russian.html
2_Acts7316-0-0,VideoTitle.value,6464,स्तिुफनुस की गिरफ़्तारी ,स्तिुफनुस की गिरफ़्तारी,leading-or-trailing-whitespace,false,true,LIVE,200,https://www.jesusfilm.org/watch/stephen-seized/arabic-tunisian,https://www.jesusfilm.org/watch/stephen-seized.html/arabic-tunisian.html
2_Acts7329-0-0,VideoTitle.value,3934, Петр объясняет свои действия,Петр объясняет свои действия,leading-or-trailing-whitespace,false,true,LIVE,200,https://www.jesusfilm.org/watch/peter-explains-his-actions/russian,https://www.jesusfilm.org/watch/peter-explains-his-actions.html/russian.html
2_0-Just-An-Outside-Shot,VideoTitle.value,407,صرف بیرونی طور پر گولی لگی تھی۔ ,صرف بیرونی طور پر گولی لگی تھی۔,leading-or-trailing-whitespace,false,true,LIVE,200,https://www.jesusfilm.org/watch/just-an-outside-shot/arabic-modern-standard,https://www.jesusfilm.org/watch/just-an-outside-shot.html/arabic-modern-standard.html
3_0-40DWJ_37-0-0,VideoTitle.value,7083,37 日目：イエスの死 ,37 日目：イエスの死,leading-or-trailing-whitespace,false,true,LIVE,200,https://www.jesusfilm.org/watch/day-37-death-of-jesus/kabyle,https://www.jesusfilm.org/watch/day-37-death-of-jesus.html/kabyle.html
2_FileZero09-0-0,VideoTitle.value,1942,"Bölüm 9

",Bölüm 9,leading-or-trailing-whitespace,false,true,LIVE,200,https://www.jesusfilm.org/watch/episode-9/catalan-valencian-balear,https://www.jesusfilm.org/watch/episode-9.html/catalan-valencian-balear.html
2_FileZero09-0-0,VideoTitle.value,21753,第9集 ,第9集,leading-or-trailing-whitespace,false,true,LIVE,200,https://www.jesusfilm.org/watch/episode-9/catalan-valencian-balear,https://www.jesusfilm.org/watch/episode-9.html/catalan-valencian-balear.html
2_FileZero09-0-0,VideoTitle.value,22658,"الحلقة 9
",الحلقة 9,leading-or-trailing-whitespace,false,true,LIVE,200,https://www.jesusfilm.org/watch/episode-9/catalan-valencian-balear,https://www.jesusfilm.org/watch/episode-9.html/catalan-valencian-balear.html
1_riv_08-0-0,VideoTitle.value,6464,दिये साफ़ करना ,दिये साफ़ करना,leading-or-trailing-whitespace,false,true,LIVE,200,https://www.jesusfilm.org/watch/cleaning-the-lamps/hindi,https://www.jesusfilm.org/watch/cleaning-the-lamps.html/hindi.html
2_0-Fracture,VideoTitle.value,6464,हड्डी टूटना ,हड्डी टूटना,leading-or-trailing-whitespace,false,true,LIVE,200,https://www.jesusfilm.org/watch/fracture/english,https://www.jesusfilm.org/watch/fracture.html/english.html
1_riv_10-0-0,VideoTitle.value,6464,ड्रॉप्ड स्टिच ,ड्रॉप्ड स्टिच,leading-or-trailing-whitespace,false,true,LIVE,200,https://www.jesusfilm.org/watch/the-dropped-stitch/hindi,https://www.jesusfilm.org/watch/the-dropped-stitch.html/hindi.html
2_0-UseThisApp05,VideoTitle.value,6464,खेल से संबंध ,खेल से संबंध,leading-or-trailing-whitespace,false,true,LIVE,200,https://www.jesusfilm.org/watch/the-sports-connection/hindi,https://www.jesusfilm.org/watch/the-sports-connection.html/hindi.html
1_riv_11-0-0,VideoTitle.value,6464,जन्म ,जन्म,leading-or-trailing-whitespace,false,true,LIVE,200,https://www.jesusfilm.org/watch/births/hindi,https://www.jesusfilm.org/watch/births.html/hindi.html
2_GOJ4944-0-0,VideoTitle.value,407,یسوع  کو مصلوبیت  ,یسوع کو مصلوبیت,leading-or-trailing-whitespace,false,true,LIVE,200,https://www.jesusfilm.org/watch/the-crucifixion-of-jesus/urdu,https://www.jesusfilm.org/watch/the-crucifixion-of-jesus.html/urdu.html
2_GOJ4944-0-0,VideoTitle.value,496,La Crucifixion de Jésus ,La Crucifixion de Jésus,leading-or-trailing-whitespace,false,true,LIVE,200,https://www.jesusfilm.org/watch/the-crucifixion-of-jesus/french,https://www.jesusfilm.org/watch/the-crucifixion-of-jesus.html/french.html
2_GOJ4944-0-0,VideoTitle.value,6464,यीशु का क्रूस पर चढ़ाया जाना ,यीशु का क्रूस पर चढ़ाया जाना,leading-or-trailing-whitespace,false,true,LIVE,200,https://www.jesusfilm.org/watch/the-crucifixion-of-jesus/hindi,https://www.jesusfilm.org/watch/the-crucifixion-of-jesus.html/hindi.html
2_0-UseThisApp02,VideoTitle.value,3934,Язык Не Должен Препятствовать ,Язык Не Должен Препятствовать,leading-or-trailing-whitespace,false,true,LIVE,200,https://www.jesusfilm.org/watch/language-doesn-t-have-to-be-a-barrier/russian,https://www.jesusfilm.org/watch/language-doesn-t-have-to-be-a-barrier.html/russian.html
2_0-UseThisApp02,VideoTitle.value,6464,भाषा में कोई बाधा नही होनी चाहिए ,भाषा में कोई बाधा नही होनी चाहिए,leading-or-trailing-whitespace,false,true,LIVE,200,https://www.jesusfilm.org/watch/language-doesn-t-have-to-be-a-barrier/hindi,https://www.jesusfilm.org/watch/language-doesn-t-have-to-be-a-barrier.html/hindi.html
2_PrayingHandsVert,Video.slug,,praying_hands_vert,praying hands vert,underscore,false,true,LIVE,200,https://www.jesusfilm.org/watch/praying_hands_vert/english,https://www.jesusfilm.org/watch/praying_hands_vert.html/english.html
2_PrayingHandsVert,VideoVariant.slug,529,praying_hands_vert/english,praying hands vert/english,underscore,false,true,LIVE,200,https://www.jesusfilm.org/watch/praying_hands_vert/english,https://www.jesusfilm.org/watch/praying_hands_vert.html/english.html
2_PrayingHandsVert,VideoVariant.slug,496,praying_hands_vert/french,praying hands vert/french,underscore,false,true,LIVE,200,https://www.jesusfilm.org/watch/praying_hands_vert/french,https://www.jesusfilm.org/watch/praying_hands_vert.html/french.html
2_PrayingHandsVert,VideoVariant.slug,21028,praying_hands_vert/spanish-latin-american,praying hands vert/spanish-latin-american,underscore,false,true,LIVE,200,https://www.jesusfilm.org/watch/praying_hands_vert/spanish-latin-american,https://www.jesusfilm.org/watch/praying_hands_vert.html/spanish-latin-american.html
2_PrayingHandsVert,VideoVariant.slug,21046,praying_hands_vert/spanish-castilian,praying hands vert/spanish-castilian,underscore,false,true,LIVE,200,https://www.jesusfilm.org/watch/praying_hands_vert/spanish-castilian,https://www.jesusfilm.org/watch/praying_hands_vert.html/spanish-castilian.html
2_PrayingHandsVert,VideoVariant.slug,22658,praying_hands_vert/arabic-modern-standard,praying hands vert/arabic-modern-standard,underscore,false,true,LIVE,200,https://www.jesusfilm.org/watch/praying_hands_vert/arabic-modern-standard,https://www.jesusfilm.org/watch/praying_hands_vert.html/arabic-modern-standard.html
2_PrayingHandsVert,VideoVariant.slug,584,praying_hands_vert/portuguese-brazil,praying hands vert/portuguese-brazil,underscore,false,true,LIVE,200,https://www.jesusfilm.org/watch/praying_hands_vert/portuguese-brazil,https://www.jesusfilm.org/watch/praying_hands_vert.html/portuguese-brazil.html
2_PrayingHandsVert,VideoVariant.slug,1106,praying_hands_vert/german-standard,praying hands vert/german-standard,underscore,false,true,LIVE,200,https://www.jesusfilm.org/watch/praying_hands_vert/german-standard,https://www.jesusfilm.org/watch/praying_hands_vert.html/german-standard.html
2_PrayingHandsVert,VideoVariant.slug,20615,praying_hands_vert/mandarin-china,praying hands vert/mandarin-china,underscore,false,true,LIVE,200,https://www.jesusfilm.org/watch/praying_hands_vert/mandarin-china,https://www.jesusfilm.org/watch/praying_hands_vert.html/mandarin-china.html
2_PrayingHandsVert,VideoVariant.slug,170534,praying_hands_vert/bahasa-melayu-2,praying hands vert/bahasa-melayu-2,underscore,false,true,LIVE,200,https://www.jesusfilm.org/watch/praying_hands_vert/bahasa-melayu-2,https://www.jesusfilm.org/watch/praying_hands_vert.html/bahasa-melayu-2.html
2_PrayingHandsVert,VideoVariant.slug,3887,praying_hands_vert/vietnamese,praying hands vert/vietnamese,underscore,false,true,LIVE,200,https://www.jesusfilm.org/watch/praying_hands_vert/vietnamese,https://www.jesusfilm.org/watch/praying_hands_vert.html/vietnamese.html
2_PrayingHandsVert,VideoVariant.slug,13169,praying_hands_vert/thai,praying hands vert/thai,underscore,false,true,LIVE,200,https://www.jesusfilm.org/watch/praying_hands_vert/thai,https://www.jesusfilm.org/watch/praying_hands_vert.html/thai.html
2_PrayingHandsVert,VideoVariant.slug,3934,praying_hands_vert/russian,praying hands vert/russian,underscore,false,true,LIVE,200,https://www.jesusfilm.org/watch/praying_hands_vert/russian,https://www.jesusfilm.org/watch/praying_hands_vert.html/russian.html
2_FileZero12-0-0,VideoTitle.value,21753,第12集 ,第12集,leading-or-trailing-whitespace,false,true,LIVE,200,https://www.jesusfilm.org/watch/episode-12/albanian,https://www.jesusfilm.org/watch/episode-12.html/albanian.html
2_FileZero12-0-0,VideoTitle.value,22658,"الحلقة 12
",الحلقة 12,leading-or-trailing-whitespace,false,true,LIVE,200,https://www.jesusfilm.org/watch/episode-12/albanian,https://www.jesusfilm.org/watch/episode-12.html/albanian.html
2_FileZero12-0-0,VideoTitle.value,6464,धारावाहिक १२ ,धारावाहिक १२,leading-or-trailing-whitespace,false,true,LIVE,200,https://www.jesusfilm.org/watch/episode-12/albanian,https://www.jesusfilm.org/watch/episode-12.html/albanian.html
2_0-UltimateSacrifice,VideoTitle.value,584,Sacrifício final,Sacrifício,version-tag-remnant,false,true,LIVE,200,https://www.jesusfilm.org/watch/ultimate-sacrifice/english,https://www.jesusfilm.org/watch/ultimate-sacrifice.html/english.html
global_soccer_event_collection,Video.slug,,soccer_event_collection,soccer event collection,underscore,false,true,LIVE,200,https://www.jesusfilm.org/watch/soccer_event_collection/english,https://www.jesusfilm.org/watch/soccer_event_collection.html/english.html
global_soccer_event_collection,VideoVariant.slug,529,soccer_event_collection/english,soccer event collection/english,underscore,false,true,LIVE,200,https://www.jesusfilm.org/watch/soccer_event_collection/english,https://www.jesusfilm.org/watch/soccer_event_collection.html/english.html
global_soccer_event_collection,VideoVariant.slug,7546,soccer_event_collection/sotho-southern,soccer event collection/sotho-southern,underscore,false,true,LIVE,200,https://www.jesusfilm.org/watch/soccer_event_collection/sotho-southern,https://www.jesusfilm.org/watch/soccer_event_collection.html/sotho-southern.html
global_soccer_event_collection,VideoVariant.slug,21064,soccer_event_collection/portuguese-portugal,soccer event collection/portuguese-portugal,underscore,false,true,LIVE,200,https://www.jesusfilm.org/watch/soccer_event_collection/portuguese-portugal,https://www.jesusfilm.org/watch/soccer_event_collection.html/portuguese-portugal.html
global_soccer_event_collection,VideoVariant.slug,5048,soccer_event_collection/fulfulde-pulaar,soccer event collection/fulfulde-pulaar,underscore,false,true,LIVE,200,https://www.jesusfilm.org/watch/soccer_event_collection/fulfulde-pulaar,https://www.jesusfilm.org/watch/soccer_event_collection.html/fulfulde-pulaar.html
global_soccer_event_collection,VideoVariant.slug,1444,soccer_event_collection/afrikaans,soccer event collection/afrikaans,underscore,false,true,LIVE,200,https://www.jesusfilm.org/watch/soccer_event_collection/afrikaans,https://www.jesusfilm.org/watch/soccer_event_collection.html/afrikaans.html
global_soccer_event_collection,VideoVariant.slug,689,soccer_event_collection/azerbaijani-north,soccer event collection/azerbaijani-north,underscore,false,true,LIVE,200,https://www.jesusfilm.org/watch/soccer_event_collection/azerbaijani-north,https://www.jesusfilm.org/watch/soccer_event_collection.html/azerbaijani-north.html
global_soccer_event_collection,VideoVariant.slug,178043,soccer_event_collection/khmer-standard,soccer event collection/khmer-standard,underscore,false,true,LIVE,200,https://www.jesusfilm.org/watch/soccer_event_collection/khmer-standard,https://www.jesusfilm.org/watch/soccer_event_collection.html/khmer-standard.html
global_soccer_event_collection,VideoVariant.slug,20526,soccer_event_collection/albanian,soccer event collection/albanian,underscore,false,true,LIVE,200,https://www.jesusfilm.org/watch/soccer_event_collection/albanian,https://www.jesusfilm.org/watch/soccer_event_collection.html/albanian.html
global_soccer_event_collection,VideoVariant.slug,646,soccer_event_collection/armenian,soccer event collection/armenian,underscore,false,true,LIVE,200,https://www.jesusfilm.org/watch/soccer_event_collection/armenian,https://www.jesusfilm.org/watch/soccer_event_collection.html/armenian.html
global_soccer_event_collection,VideoVariant.slug,6930,soccer_event_collection/hebrew,soccer event collection/hebrew,underscore,false,true,LIVE,200,https://www.jesusfilm.org/watch/soccer_event_collection/hebrew,https://www.jesusfilm.org/watch/soccer_event_collection.html/hebrew.html
global_soccer_event_collection,VideoVariant.slug,1107,soccer_event_collection/hungarian,soccer event collection/hungarian,underscore,false,true,LIVE,200,https://www.jesusfilm.org/watch/soccer_event_collection/hungarian,https://www.jesusfilm.org/watch/soccer_event_collection.html/hungarian.html
global_soccer_event_collection,VideoVariant.slug,371,soccer_event_collection/kazakh,soccer event collection/kazakh,underscore,false,true,LIVE,200,https://www.jesusfilm.org/watch/soccer_event_collection/kazakh,https://www.jesusfilm.org/watch/soccer_event_collection.html/kazakh.html
global_soccer_event_collection,VideoVariant.slug,3804,soccer_event_collection/korean,soccer event collection/korean,underscore,false,true,LIVE,200,https://www.jesusfilm.org/watch/soccer_event_collection/korean,https://www.jesusfilm.org/watch/soccer_event_collection.html/korean.html
global_soccer_event_collection,VideoVariant.slug,1964,soccer_event_collection/bulgarian,soccer event collection/bulgarian,underscore,false,true,LIVE,200,https://www.jesusfilm.org/watch/soccer_event_collection/bulgarian,https://www.jesusfilm.org/watch/soccer_event_collection.html/bulgarian.html
global_soccer_event_collection,VideoVariant.slug,1109,soccer_event_collection/croatian,soccer event collection/croatian,underscore,false,true,LIVE,200,https://www.jesusfilm.org/watch/soccer_event_collection/croatian,https://www.jesusfilm.org/watch/soccer_event_collection.html/croatian.html
global_soccer_event_collection,VideoVariant.slug,4432,soccer_event_collection/czech,soccer event collection/czech,underscore,false,true,LIVE,200,https://www.jesusfilm.org/watch/soccer_event_collection/czech,https://www.jesusfilm.org/watch/soccer_event_collection.html/czech.html
global_soccer_event_collection,VideoVariant.slug,13172,soccer_event_collection/sinhala,soccer event collection/sinhala,underscore,false,true,LIVE,200,https://www.jesusfilm.org/watch/soccer_event_collection/sinhala,https://www.jesusfilm.org/watch/soccer_event_collection.html/sinhala.html
global_soccer_event_collection,VideoVariant.slug,483,soccer_event_collection/greek,soccer event collection/greek,underscore,false,true,LIVE,200,https://www.jesusfilm.org/watch/soccer_event_collection/greek,https://www.jesusfilm.org/watch/soccer_event_collection.html/greek.html
global_soccer_event_collection,VideoVariant.slug,4466,soccer_event_collection/somali,soccer event collection/somali,underscore,false,true,LIVE,200,https://www.jesusfilm.org/watch/soccer_event_collection/somali,https://www.jesusfilm.org/watch/soccer_event_collection.html/somali.html
global_soccer_event_collection,VideoVariant.slug,13562,soccer_event_collection/arabic-sudanese-spoken,soccer event collection/arabic-sudanese-spoken,underscore,false,true,LIVE,200,https://www.jesusfilm.org/watch/soccer_event_collection/arabic-sudanese-spoken,https://www.jesusfilm.org/watch/soccer_event_collection.html/arabic-sudanese-spoken.html
global_soccer_event_collection,VideoVariant.slug,23179,soccer_event_collection/swahili-kenya,soccer event collection/swahili-kenya,underscore,false,true,LIVE,200,https://www.jesusfilm.org/watch/soccer_event_collection/swahili-kenya,https://www.jesusfilm.org/watch/soccer_event_collection.html/swahili-kenya.html
global_soccer_event_collection,VideoVariant.slug,23178,soccer_event_collection/swahili-tanzania,soccer event collection/swahili-tanzania,underscore,false,true,LIVE,200,https://www.jesusfilm.org/watch/soccer_event_collection/swahili-tanzania,https://www.jesusfilm.org/watch/soccer_event_collection.html/swahili-tanzania.html
global_soccer_event_collection,VideoVariant.slug,5848,soccer_event_collection/telugu,soccer event collection/telugu,underscore,false,true,LIVE,200,https://www.jesusfilm.org/watch/soccer_event_collection/telugu,https://www.jesusfilm.org/watch/soccer_event_collection.html/telugu.html
global_soccer_event_collection,VideoVariant.slug,3888,soccer_event_collection/uzbek-northern,soccer event collection/uzbek-northern,underscore,false,true,LIVE,200,https://www.jesusfilm.org/watch/soccer_event_collection/uzbek-northern,https://www.jesusfilm.org/watch/soccer_event_collection.html/uzbek-northern.html
global_soccer_event_collection,VideoVariant.slug,22500,soccer_event_collection/vietnamese-northern,soccer event collection/vietnamese-northern,underscore,false,true,LIVE,200,https://www.jesusfilm.org/watch/soccer_event_collection/vietnamese-northern,https://www.jesusfilm.org/watch/soccer_event_collection.html/vietnamese-northern.html
global_soccer_event_collection,VideoVariant.slug,1370,soccer_event_collection/nepali,soccer event collection/nepali,underscore,false,true,LIVE,200,https://www.jesusfilm.org/watch/soccer_event_collection/nepali,https://www.jesusfilm.org/watch/soccer_event_collection.html/nepali.html
global_soccer_event_collection,VideoVariant.slug,1254,soccer_event_collection/burmese,soccer event collection/burmese,underscore,false,true,LIVE,200,https://www.jesusfilm.org/watch/soccer_event_collection/burmese,https://www.jesusfilm.org/watch/soccer_event_collection.html/burmese.html
global_soccer_event_collection,VideoVariant.slug,7547,soccer_event_collection/zulu,soccer event collection/zulu,underscore,false,true,LIVE,200,https://www.jesusfilm.org/watch/soccer_event_collection/zulu,https://www.jesusfilm.org/watch/soccer_event_collection.html/zulu.html
global_soccer_event_collection,VideoVariant.slug,5546,soccer_event_collection/romanian,soccer event collection/romanian,underscore,false,true,LIVE,200,https://www.jesusfilm.org/watch/soccer_event_collection/romanian,https://www.jesusfilm.org/watch/soccer_event_collection.html/romanian.html
global_soccer_event_collection,VideoVariant.slug,7411,soccer_event_collection/lao,soccer event collection/lao,underscore,false,true,LIVE,200,https://www.jesusfilm.org/watch/soccer_event_collection/lao,https://www.jesusfilm.org/watch/soccer_event_collection.html/lao.html
global_soccer_event_collection,VideoVariant.slug,5541,soccer_event_collection/serbian,soccer event collection/serbian,underscore,false,true,LIVE,200,https://www.jesusfilm.org/watch/soccer_event_collection/serbian,https://www.jesusfilm.org/watch/soccer_event_collection.html/serbian.html
global_soccer_event_collection,VideoVariant.slug,184820,soccer_event_collection/pashto-eastern-afghan,soccer event collection/pashto-eastern-afghan,underscore,false,true,LIVE,200,https://www.jesusfilm.org/watch/soccer_event_collection/pashto-eastern-afghan,https://www.jesusfilm.org/watch/soccer_event_collection.html/pashto-eastern-afghan.html
global_soccer_event_collection,VideoVariant.slug,1927,soccer_event_collection/malay,soccer event collection/malay,underscore,false,true,LIVE,200,https://www.jesusfilm.org/watch/soccer_event_collection/malay,https://www.jesusfilm.org/watch/soccer_event_collection.html/malay.html
global_soccer_event_collection,VideoVariant.slug,19985,soccer_event_collection/malayalam,soccer event collection/malayalam,underscore,false,true,LIVE,200,https://www.jesusfilm.org/watch/soccer_event_collection/malayalam,https://www.jesusfilm.org/watch/soccer_event_collection.html/malayalam.html
global_soccer_event_collection,VideoVariant.slug,6464,soccer_event_collection/hindi,soccer event collection/hindi,underscore,false,true,LIVE,200,https://www.jesusfilm.org/watch/soccer_event_collection/hindi,https://www.jesusfilm.org/watch/soccer_event_collection.html/hindi.html
global_soccer_event_collection,VideoVariant.slug,6174,soccer_event_collection/marathi,soccer event collection/marathi,underscore,false,true,LIVE,200,https://www.jesusfilm.org/watch/soccer_event_collection/marathi,https://www.jesusfilm.org/watch/soccer_event_collection.html/marathi.html
global_soccer_event_collection,VideoVariant.slug,18259,soccer_event_collection/mongolian-halh,soccer event collection/mongolian-halh,underscore,false,true,LIVE,200,https://www.jesusfilm.org/watch/soccer_event_collection/mongolian-halh,https://www.jesusfilm.org/watch/soccer_event_collection.html/mongolian-halh.html
global_soccer_event_collection,VideoVariant.slug,6318,soccer_event_collection/kannada,soccer event collection/kannada,underscore,false,true,LIVE,200,https://www.jesusfilm.org/watch/soccer_event_collection/kannada,https://www.jesusfilm.org/watch/soccer_event_collection.html/kannada.html
global_soccer_event_collection,VideoVariant.slug,12551,soccer_event_collection/tagalog,soccer event collection/tagalog,underscore,false,true,LIVE,200,https://www.jesusfilm.org/watch/soccer_event_collection/tagalog,https://www.jesusfilm.org/watch/soccer_event_collection.html/tagalog.html
global_soccer_event_collection,VideoVariant.slug,139081,soccer_event_collection/bengali-indian,soccer event collection/bengali-indian,underscore,false,true,LIVE,200,https://www.jesusfilm.org/watch/soccer_event_collection/bengali-indian,https://www.jesusfilm.org/watch/soccer_event_collection.html/bengali-indian.html
global_soccer_event_collection,VideoVariant.slug,16639,soccer_event_collection/indonesian-yesus,soccer event collection/indonesian-yesus,underscore,false,true,LIVE,200,https://www.jesusfilm.org/watch/soccer_event_collection/indonesian-yesus,https://www.jesusfilm.org/watch/soccer_event_collection.html/indonesian-yesus.html
global_soccer_event_collection,VideoVariant.slug,176243,soccer_event_collection/bangla-2,soccer event collection/bangla-2,underscore,false,true,LIVE,200,https://www.jesusfilm.org/watch/soccer_event_collection/bangla-2,https://www.jesusfilm.org/watch/soccer_event_collection.html/bangla-2.html
global_soccer_event_collection,VideoVariant.slug,1269,soccer_event_collection/dutch,soccer event collection/dutch,underscore,false,true,LIVE,200,https://www.jesusfilm.org/watch/soccer_event_collection/dutch,https://www.jesusfilm.org/watch/soccer_event_collection.html/dutch.html
global_soccer_event_collection,VideoVariant.slug,4415,soccer_event_collection/italian,soccer event collection/italian,underscore,false,true,LIVE,200,https://www.jesusfilm.org/watch/soccer_event_collection/italian,https://www.jesusfilm.org/watch/soccer_event_collection.html/italian.html
global_soccer_event_collection,VideoVariant.slug,1341,soccer_event_collection/hausa,soccer event collection/hausa,underscore,false,true,LIVE,200,https://www.jesusfilm.org/watch/soccer_event_collection/hausa,https://www.jesusfilm.org/watch/soccer_event_collection.html/hausa.html
global_soccer_event_collection,VideoVariant.slug,13195,soccer_event_collection/javanese,soccer event collection/javanese,underscore,false,true,LIVE,200,https://www.jesusfilm.org/watch/soccer_event_collection/javanese,https://www.jesusfilm.org/watch/soccer_event_collection.html/javanese.html
global_soccer_event_collection,VideoVariant.slug,4451,soccer_event_collection/polish,soccer event collection/polish,underscore,false,true,LIVE,200,https://www.jesusfilm.org/watch/soccer_event_collection/polish,https://www.jesusfilm.org/watch/soccer_event_collection.html/polish.html
global_soccer_event_collection,VideoVariant.slug,1942,soccer_event_collection/turkish,soccer event collection/turkish,underscore,false,true,LIVE,200,https://www.jesusfilm.org/watch/soccer_event_collection/turkish,https://www.jesusfilm.org/watch/soccer_event_collection.html/turkish.html
global_soccer_event_collection,VideoVariant.slug,407,soccer_event_collection/urdu,soccer event collection/urdu,underscore,false,true,LIVE,200,https://www.jesusfilm.org/watch/soccer_event_collection/urdu,https://www.jesusfilm.org/watch/soccer_event_collection.html/urdu.html
global_soccer_event_collection,VideoVariant.slug,5871,soccer_event_collection/tamil,soccer event collection/tamil,underscore,false,true,LIVE,200,https://www.jesusfilm.org/watch/soccer_event_collection/tamil,https://www.jesusfilm.org/watch/soccer_event_collection.html/tamil.html
global_soccer_event_collection,VideoVariant.slug,7083,soccer_event_collection/japanese,soccer event collection/japanese,underscore,false,true,LIVE,200,https://www.jesusfilm.org/watch/soccer_event_collection/japanese,https://www.jesusfilm.org/watch/soccer_event_collection.html/japanese.html
global_soccer_event_collection,VideoVariant.slug,8506,soccer_event_collection/shona,soccer event collection/shona,underscore,false,true,LIVE,200,https://www.jesusfilm.org/watch/soccer_event_collection/shona,https://www.jesusfilm.org/watch/soccer_event_collection.html/shona.html
global_soccer_event_collection,VideoVariant.slug,6548,soccer_event_collection/dhodia,soccer event collection/dhodia,underscore,false,true,LIVE,200,https://www.jesusfilm.org/watch/soccer_event_collection/dhodia,https://www.jesusfilm.org/watch/soccer_event_collection.html/dhodia.html
global_soccer_event_collection,VideoVariant.slug,6788,soccer_event_collection/farsi-western,soccer event collection/farsi-western,underscore,false,true,LIVE,200,https://www.jesusfilm.org/watch/soccer_event_collection/farsi-western,https://www.jesusfilm.org/watch/soccer_event_collection.html/farsi-western.html
global_soccer_event_collection,VideoVariant.slug,12876,soccer_event_collection/ukrainian,soccer event collection/ukrainian,underscore,false,true,LIVE,200,https://www.jesusfilm.org/watch/soccer_event_collection/ukrainian,https://www.jesusfilm.org/watch/soccer_event_collection.html/ukrainian.html
global_soccer_event_collection,VideoVariant.slug,6600,soccer_event_collection/gujarati,soccer event collection/gujarati,underscore,false,true,LIVE,200,https://www.jesusfilm.org/watch/soccer_event_collection/gujarati,https://www.jesusfilm.org/watch/soccer_event_collection.html/gujarati.html
global_soccer_event_collection,VideoVariant.slug,23221,soccer_event_collection/mandarin-taiwan,soccer event collection/mandarin-taiwan,underscore,false,true,LIVE,200,https://www.jesusfilm.org/watch/soccer_event_collection/mandarin-taiwan,https://www.jesusfilm.org/watch/soccer_event_collection.html/mandarin-taiwan.html
global_soccer_event_collection,VideoVariant.slug,139082,soccer_event_collection/bangla-muslim,soccer event collection/bangla-muslim,underscore,false,true,LIVE,200,https://www.jesusfilm.org/watch/soccer_event_collection/bangla-muslim,https://www.jesusfilm.org/watch/soccer_event_collection.html/bangla-muslim.html
global_soccer_event_collection,VideoVariant.slug,21028,soccer_event_collection/spanish-latin-american,soccer event collection/spanish-latin-american,underscore,false,true,LIVE,200,https://www.jesusfilm.org/watch/soccer_event_collection/spanish-latin-american,https://www.jesusfilm.org/watch/soccer_event_collection.html/spanish-latin-american.html
global_soccer_event_collection,VideoVariant.slug,22658,soccer_event_collection/arabic-modern-standard,soccer event collection/arabic-modern-standard,underscore,false,true,LIVE,200,https://www.jesusfilm.org/watch/soccer_event_collection/arabic-modern-standard,https://www.jesusfilm.org/watch/soccer_event_collection.html/arabic-modern-standard.html
global_soccer_event_collection,VideoVariant.slug,496,soccer_event_collection/french,soccer event collection/french,underscore,false,true,LIVE,200,https://www.jesusfilm.org/watch/soccer_event_collection/french,https://www.jesusfilm.org/watch/soccer_event_collection.html/french.html
global_soccer_event_collection,VideoVariant.slug,584,soccer_event_collection/portuguese-brazil,soccer event collection/portuguese-brazil,underscore,false,true,LIVE,200,https://www.jesusfilm.org/watch/soccer_event_collection/portuguese-brazil,https://www.jesusfilm.org/watch/soccer_event_collection.html/portuguese-brazil.html
global_soccer_event_collection,VideoVariant.slug,20615,soccer_event_collection/mandarin-china,soccer event collection/mandarin-china,underscore,false,true,LIVE,200,https://www.jesusfilm.org/watch/soccer_event_collection/mandarin-china,https://www.jesusfilm.org/watch/soccer_event_collection.html/mandarin-china.html
global_soccer_event_collection,VideoVariant.slug,170534,soccer_event_collection/bahasa-melayu-2,soccer event collection/bahasa-melayu-2,underscore,false,true,LIVE,200,https://www.jesusfilm.org/watch/soccer_event_collection/bahasa-melayu-2,https://www.jesusfilm.org/watch/soccer_event_collection.html/bahasa-melayu-2.html
global_soccer_event_collection,VideoVariant.slug,13169,soccer_event_collection/thai,soccer event collection/thai,underscore,false,true,LIVE,200,https://www.jesusfilm.org/watch/soccer_event_collection/thai,https://www.jesusfilm.org/watch/soccer_event_collection.html/thai.html
global_soccer_event_collection,VideoVariant.slug,3887,soccer_event_collection/vietnamese,soccer event collection/vietnamese,underscore,false,true,LIVE,200,https://www.jesusfilm.org/watch/soccer_event_collection/vietnamese,https://www.jesusfilm.org/watch/soccer_event_collection.html/vietnamese.html
global_soccer_event_collection,VideoVariant.slug,1106,soccer_event_collection/german-standard,soccer event collection/german-standard,underscore,false,true,LIVE,200,https://www.jesusfilm.org/watch/soccer_event_collection/german-standard,https://www.jesusfilm.org/watch/soccer_event_collection.html/german-standard.html
global_soccer_event_collection,VideoVariant.slug,4791,soccer_event_collection/amharic,soccer event collection/amharic,underscore,false,true,LIVE,200,https://www.jesusfilm.org/watch/soccer_event_collection/amharic,https://www.jesusfilm.org/watch/soccer_event_collection.html/amharic.html
global_soccer_event_collection,VideoVariant.slug,1308,soccer_event_collection/yoruba,soccer event collection/yoruba,underscore,false,true,LIVE,200,https://www.jesusfilm.org/watch/soccer_event_collection/yoruba,https://www.jesusfilm.org/watch/soccer_event_collection.html/yoruba.html
global_soccer_event_collection,VideoVariant.slug,13408,soccer_event_collection/xhosa,soccer event collection/xhosa,underscore,false,true,LIVE,200,https://www.jesusfilm.org/watch/soccer_event_collection/xhosa,https://www.jesusfilm.org/watch/soccer_event_collection.html/xhosa.html
global_soccer_event_collection,VideoVariant.slug,24309,soccer_event_collection/tajik,soccer event collection/tajik,underscore,false,true,LIVE,200,https://www.jesusfilm.org/watch/soccer_event_collection/tajik,https://www.jesusfilm.org/watch/soccer_event_collection.html/tajik.html
global_soccer_event_collection,VideoVariant.slug,389,soccer_event_collection/sindhi,soccer event collection/sindhi,underscore,false,true,LIVE,200,https://www.jesusfilm.org/watch/soccer_event_collection/sindhi,https://www.jesusfilm.org/watch/soccer_event_collection.html/sindhi.html
global_soccer_event_collection,VideoVariant.slug,46771,soccer_event_collection/punjabi,soccer event collection/punjabi,underscore,false,true,LIVE,200,https://www.jesusfilm.org/watch/soccer_event_collection/punjabi,https://www.jesusfilm.org/watch/soccer_event_collection.html/punjabi.html
global_soccer_event_collection,VideoVariant.slug,7761,soccer_event_collection/malagasy,soccer event collection/malagasy,underscore,false,true,LIVE,200,https://www.jesusfilm.org/watch/soccer_event_collection/malagasy,https://www.jesusfilm.org/watch/soccer_event_collection.html/malagasy.html
global_soccer_event_collection,VideoVariant.slug,53299,soccer_event_collection/kyrgyz,soccer event collection/kyrgyz,underscore,false,true,LIVE,200,https://www.jesusfilm.org/watch/soccer_event_collection/kyrgyz,https://www.jesusfilm.org/watch/soccer_event_collection.html/kyrgyz.html
global_soccer_event_collection,VideoVariant.slug,20770,soccer_event_collection/kurmanji-standard,soccer event collection/kurmanji-standard,underscore,false,true,LIVE,200,https://www.jesusfilm.org/watch/soccer_event_collection/kurmanji-standard,https://www.jesusfilm.org/watch/soccer_event_collection.html/kurmanji-standard.html
global_soccer_event_collection,VideoVariant.slug,9774,soccer_event_collection/igbo,soccer event collection/igbo,underscore,false,true,LIVE,200,https://www.jesusfilm.org/watch/soccer_event_collection/igbo,https://www.jesusfilm.org/watch/soccer_event_collection.html/igbo.html
global_soccer_event_collection,VideoVariant.slug,4012,soccer_event_collection/hmong-daw,soccer event collection/hmong-daw,underscore,false,true,LIVE,200,https://www.jesusfilm.org/watch/soccer_event_collection/hmong-daw,https://www.jesusfilm.org/watch/soccer_event_collection.html/hmong-daw.html
global_soccer_event_collection,VideoVariant.slug,4473,soccer_event_collection/haitian-creole,soccer event collection/haitian-creole,underscore,false,true,LIVE,200,https://www.jesusfilm.org/watch/soccer_event_collection/haitian-creole,https://www.jesusfilm.org/watch/soccer_event_collection.html/haitian-creole.html
global_soccer_event_collection,VideoVariant.slug,20857,soccer_event_collection/chichewa,soccer event collection/chichewa,underscore,false,true,LIVE,200,https://www.jesusfilm.org/watch/soccer_event_collection/chichewa,https://www.jesusfilm.org/watch/soccer_event_collection.html/chichewa.html
global_soccer_event_collection,VideoVariant.slug,3934,soccer_event_collection/russian,soccer event collection/russian,underscore,false,true,LIVE,200,https://www.jesusfilm.org/watch/soccer_event_collection/russian,https://www.jesusfilm.org/watch/soccer_event_collection.html/russian.html
2_GOJ4912-0-0,VideoTitle.value,6464,पुत्र होने का दावा ,पुत्र होने का दावा,leading-or-trailing-whitespace,false,true,LIVE,200,https://www.jesusfilm.org/watch/claim-to-be-the-son/hindi,https://www.jesusfilm.org/watch/claim-to-be-the-son.html/hindi.html
2_GOJ4917-0-0,VideoTitle.value,6464,ठोकर न खाओ ,ठोकर न खाओ,leading-or-trailing-whitespace,false,true,LIVE,200,https://www.jesusfilm.org/watch/falling-away/hindi,https://www.jesusfilm.org/watch/falling-away.html/hindi.html
2_FileZero02-0-0,VideoTitle.value,21753,第2集 ,第2集,leading-or-trailing-whitespace,false,true,LIVE,200,https://www.jesusfilm.org/watch/episode-2/cantonese,https://www.jesusfilm.org/watch/episode-2.html/cantonese.html
2_FileZero02-0-0,VideoTitle.value,22658,"الحلقة 2
",الحلقة 2,leading-or-trailing-whitespace,false,true,LIVE,200,https://www.jesusfilm.org/watch/episode-2/cantonese,https://www.jesusfilm.org/watch/episode-2.html/cantonese.html
2_Acts7352-0-0,VideoTitle.value,3934, Беспорядки в Ефесе,Беспорядки в Ефесе,leading-or-trailing-whitespace,false,true,LIVE,200,https://www.jesusfilm.org/watch/the-riot-in-ephesus/russian,https://www.jesusfilm.org/watch/the-riot-in-ephesus.html/russian.html
2_Acts7352-0-0,VideoTitle.value,6464,इफिसुस में उपद्रव ,इफिसुस में उपद्रव,leading-or-trailing-whitespace,false,true,LIVE,200,https://www.jesusfilm.org/watch/the-riot-in-ephesus/french,https://www.jesusfilm.org/watch/the-riot-in-ephesus.html/french.html
2_GOJ4908-0-0,VideoTitle.value,3934,Самаритянка ,Самаритянка,leading-or-trailing-whitespace,false,true,LIVE,200,https://www.jesusfilm.org/watch/samaritan-woman/russian,https://www.jesusfilm.org/watch/samaritan-woman.html/russian.html
2_GOJ4908-0-0,VideoTitle.value,407, سامری عورت,سامری عورت,leading-or-trailing-whitespace,false,true,LIVE,200,https://www.jesusfilm.org/watch/samaritan-woman/urdu,https://www.jesusfilm.org/watch/samaritan-woman.html/urdu.html
2_GOJ4908-0-0,VideoTitle.value,6464,सामारी स्त्री ,सामारी स्त्री,leading-or-trailing-whitespace,false,true,LIVE,200,https://www.jesusfilm.org/watch/samaritan-woman/hindi,https://www.jesusfilm.org/watch/samaritan-woman.html/hindi.html
2_GOJ4919-0-0,VideoTitle.value,22658,"اختلاف على: من هو يسوع؟
",اختلاف على: من هو يسوع؟,leading-or-trailing-whitespace,false,true,LIVE,200,https://www.jesusfilm.org/watch/disagreement-who-is-jesus/arabic-modern-standard,https://www.jesusfilm.org/watch/disagreement-who-is-jesus.html/arabic-modern-standard.html
2_GOJ4919-0-0,VideoTitle.value,6464, असहमति: यीशु कौन है?,असहमति: यीशु कौन है?,leading-or-trailing-whitespace,false,true,LIVE,200,https://www.jesusfilm.org/watch/disagreement-who-is-jesus/hindi,https://www.jesusfilm.org/watch/disagreement-who-is-jesus.html/hindi.html
1_fj_5-0-0,VideoTitle.value,13169,แบ่งปันความเชื่อของคุณกับคนอื่น ๆ ,แบ่งปันความเชื่อของคุณกับคนอื่น ๆ,leading-or-trailing-whitespace,false,true,LIVE,200,https://www.jesusfilm.org/watch/sharing-your-faith-with-others/bangla-2,https://www.jesusfilm.org/watch/sharing-your-faith-with-others.html/bangla-2.html
1_fj_5-0-0,VideoTitle.value,6464,दूसरों के साथ अपने विश्वास को साझा करना ,दूसरों के साथ अपने विश्वास को साझा करना,leading-or-trailing-whitespace,false,true,LIVE,200,https://www.jesusfilm.org/watch/sharing-your-faith-with-others/hindi,https://www.jesusfilm.org/watch/sharing-your-faith-with-others.html/hindi.html
2_0-EasterExplained,VideoTitle.value,407, ایسٹر کی وضاحت,ایسٹر کی وضاحت,leading-or-trailing-whitespace,false,true,LIVE,200,https://www.jesusfilm.org/watch/easter-explained/french,https://www.jesusfilm.org/watch/easter-explained.html/french.html
2_0-EasterExplained,VideoTitle.value,6464,पुनरुत्थान की व्याख्या ,पुनरुत्थान की व्याख्या,leading-or-trailing-whitespace,false,true,LIVE,200,https://www.jesusfilm.org/watch/easter-explained/french,https://www.jesusfilm.org/watch/easter-explained.html/french.html
2_Acts7315-0-0,VideoTitle.value,6464,सात का चुनाव ,सात का चुनाव,leading-or-trailing-whitespace,false,true,LIVE,200,https://www.jesusfilm.org/watch/the-choosing-of-the-seven/portuguese-brazil,https://www.jesusfilm.org/watch/the-choosing-of-the-seven.html/portuguese-brazil.html
2_Acts7349-0-0,VideoTitle.value,3934, Разделения в Коринфе,Разделения в Коринфе,leading-or-trailing-whitespace,false,true,LIVE,200,https://www.jesusfilm.org/watch/division-in-corinth/russian,https://www.jesusfilm.org/watch/division-in-corinth.html/russian.html
2_Acts7349-0-0,VideoTitle.value,6464,कुरिन्थ में विभाजन ,कुरिन्थ में विभाजन,leading-or-trailing-whitespace,false,true,LIVE,200,https://www.jesusfilm.org/watch/division-in-corinth/spanish-latin-american,https://www.jesusfilm.org/watch/division-in-corinth.html/spanish-latin-american.html
2_0-The_Story,VideoTitle.value,22658,"قصة الفيلم القصير
",قصة الفيلم القصير,leading-or-trailing-whitespace,false,true,LIVE,200,https://www.jesusfilm.org/watch/the-story-short-film/arabic-modern-standard,https://www.jesusfilm.org/watch/the-story-short-film.html/arabic-modern-standard.html
2_0-The_Story,VideoTitle.value,6464,कहानी का छोटा सा दृश्य ,कहानी का छोटा सा दृश्य,leading-or-trailing-whitespace,false,true,LIVE,200,https://www.jesusfilm.org/watch/the-story-short-film/hindi,https://www.jesusfilm.org/watch/the-story-short-film.html/hindi.html
2_Acts7331-0-0,VideoTitle.value,1106,Petrus' wunderbare Flucht aus dem Gefängnis ,Petrus' wunderbare Flucht aus dem Gefängnis,leading-or-trailing-whitespace,false,true,LIVE,200,https://www.jesusfilm.org/watch/peter-miraculous-escape-from-prison/mandarin-china,https://www.jesusfilm.org/watch/peter-miraculous-escape-from-prison.html/mandarin-china.html
2_Acts7331-0-0,VideoTitle.value,3934, Побег Петра из темницы,Побег Петра из темницы,leading-or-trailing-whitespace,false,true,LIVE,200,https://www.jesusfilm.org/watch/peter-miraculous-escape-from-prison/russian,https://www.jesusfilm.org/watch/peter-miraculous-escape-from-prison.html/russian.html
2_Acts7331-0-0,VideoTitle.value,6464,पतरस की बन्दीगृह से चमत्कारी मुक्ति ,पतरस की बन्दीगृह से चमत्कारी मुक्ति,leading-or-trailing-whitespace,false,true,LIVE,200,https://www.jesusfilm.org/watch/peter-miraculous-escape-from-prison/mandarin-china,https://www.jesusfilm.org/watch/peter-miraculous-escape-from-prison.html/mandarin-china.html
2_FileZero06-0-0,VideoTitle.value,1942,"Bölüm 6

",Bölüm 6,leading-or-trailing-whitespace,false,true,LIVE,200,https://www.jesusfilm.org/watch/episode-6/spanish-castilian,https://www.jesusfilm.org/watch/episode-6.html/spanish-castilian.html
2_FileZero06-0-0,VideoTitle.value,21753,第6集 ,第6集,leading-or-trailing-whitespace,false,true,LIVE,200,https://www.jesusfilm.org/watch/episode-6/spanish-castilian,https://www.jesusfilm.org/watch/episode-6.html/spanish-castilian.html
2_FileZero06-0-0,VideoTitle.value,22658,"الحلقة 6
",الحلقة 6,leading-or-trailing-whitespace,false,true,LIVE,200,https://www.jesusfilm.org/watch/episode-6/spanish-castilian,https://www.jesusfilm.org/watch/episode-6.html/spanish-castilian.html
2_Acts7371-0-0,VideoTitle.value,3934, Павел на Мальте,Павел на Мальте,leading-or-trailing-whitespace,false,true,LIVE,200,https://www.jesusfilm.org/watch/paul-ashore-on-malta/russian,https://www.jesusfilm.org/watch/paul-ashore-on-malta.html/russian.html
2_Acts7371-0-0,VideoTitle.value,6464,माल्टा द्वीप में पौलुस ,माल्टा द्वीप में पौलुस,leading-or-trailing-whitespace,false,true,LIVE,200,https://www.jesusfilm.org/watch/paul-ashore-on-malta/mandarin-china,https://www.jesusfilm.org/watch/paul-ashore-on-malta.html/mandarin-china.html
2_Acts7358-0-0,VideoTitle.value,3934, Арест Павла,Арест Павла,leading-or-trailing-whitespace,false,true,LIVE,200,https://www.jesusfilm.org/watch/paul-arrested/russian,https://www.jesusfilm.org/watch/paul-arrested.html/russian.html
2_Acts7358-0-0,VideoTitle.value,6464,पौलुस की गिरफ़्तारी ,पौलुस की गिरफ़्तारी,leading-or-trailing-whitespace,false,true,LIVE,200,https://www.jesusfilm.org/watch/paul-arrested/french,https://www.jesusfilm.org/watch/paul-arrested.html/french.html
2_FileZero10-0-0,VideoTitle.value,21753,第10集 ,第10集,leading-or-trailing-whitespace,false,true,LIVE,200,https://www.jesusfilm.org/watch/episode-10/albanian,https://www.jesusfilm.org/watch/episode-10.html/albanian.html
2_FileZero10-0-0,VideoTitle.value,22658,"الحلقة 10
",الحلقة 10,leading-or-trailing-whitespace,false,true,LIVE,200,https://www.jesusfilm.org/watch/episode-10/albanian,https://www.jesusfilm.org/watch/episode-10.html/albanian.html
2_Acts7370-0-0,VideoTitle.value,3934, Крушение корабля,Крушение корабля,leading-or-trailing-whitespace,false,true,LIVE,200,https://www.jesusfilm.org/watch/the-shipwreck/russian,https://www.jesusfilm.org/watch/the-shipwreck.html/russian.html
2_Acts7370-0-0,VideoTitle.value,6464,जलयान का टूटना ,जलयान का टूटना,leading-or-trailing-whitespace,false,true,LIVE,200,https://www.jesusfilm.org/watch/the-shipwreck/english,https://www.jesusfilm.org/watch/the-shipwreck.html/english.html
2_GOJ4920-0-0,VideoTitle.value,496,La Femme Adultère ,La Femme Adultère,leading-or-trailing-whitespace,false,true,LIVE,200,https://www.jesusfilm.org/watch/adulterous-woman/french,https://www.jesusfilm.org/watch/adulterous-woman.html/french.html
2_GOJ4920-0-0,VideoTitle.value,6464,व्यभिचारिणी स्त्री ,व्यभिचारिणी स्त्री,leading-or-trailing-whitespace,false,true,LIVE,200,https://www.jesusfilm.org/watch/adulterous-woman/hindi,https://www.jesusfilm.org/watch/adulterous-woman.html/hindi.html
2_GOJ4942-0-0,VideoTitle.value,407,میری بادشاہی اس دُنیا  کی نہیں ,میری بادشاہی اس دُنیا کی نہیں,leading-or-trailing-whitespace,false,true,LIVE,200,https://www.jesusfilm.org/watch/my-kingdom-is-not-of-this-world/urdu,https://www.jesusfilm.org/watch/my-kingdom-is-not-of-this-world.html/urdu.html
2_GOJ4942-0-0,VideoTitle.value,6464,मेरा राज्य इस संसार का नहीं है ,मेरा राज्य इस संसार का नहीं है,leading-or-trailing-whitespace,false,true,LIVE,200,https://www.jesusfilm.org/watch/my-kingdom-is-not-of-this-world/hindi,https://www.jesusfilm.org/watch/my-kingdom-is-not-of-this-world.html/hindi.html
2_GOJ4943-0-0,VideoTitle.value,3934,Иисус Приговорен к Распятию ,Иисус Приговорен к Распятию,leading-or-trailing-whitespace,false,true,LIVE,200,https://www.jesusfilm.org/watch/jesus-sentenced-to-be-crucified/russian,https://www.jesusfilm.org/watch/jesus-sentenced-to-be-crucified.html/russian.html
2_GOJ4943-0-0,VideoTitle.value,6788,عیسی محکوم شد تا مصلوب گردد ,عیسی محکوم شد تا مصلوب گردد,leading-or-trailing-whitespace,false,true,LIVE,200,https://www.jesusfilm.org/watch/jesus-sentenced-to-be-crucified/farsi-western,https://www.jesusfilm.org/watch/jesus-sentenced-to-be-crucified.html/farsi-western.html
2_0-Portions,VideoTitle.value,1106,Abschnitte ,Abschnitte,leading-or-trailing-whitespace,false,true,LIVE,200,https://www.jesusfilm.org/watch/portions/english,https://www.jesusfilm.org/watch/portions.html/english.html
2_0-Portions,VideoTitle.value,6464,अंश ,अंश,leading-or-trailing-whitespace,false,true,LIVE,200,https://www.jesusfilm.org/watch/portions/english,https://www.jesusfilm.org/watch/portions.html/english.html
2_Acts7319-0-0,VideoTitle.value,3934, Гонения на церковь и ее распад,Гонения на церковь и ее распад,leading-or-trailing-whitespace,false,true,LIVE,200,https://www.jesusfilm.org/watch/the-church-persecuted-and-scattered/russian,https://www.jesusfilm.org/watch/the-church-persecuted-and-scattered.html/russian.html
2_Acts7319-0-0,VideoTitle.value,584, A Perseguição e Dispersão da Igreja,A Perseguição e Dispersão da Igreja,leading-or-trailing-whitespace,false,true,LIVE,200,https://www.jesusfilm.org/watch/the-church-persecuted-and-scattered/portuguese-brazil,https://www.jesusfilm.org/watch/the-church-persecuted-and-scattered.html/portuguese-brazil.html
2_Acts7319-0-0,VideoTitle.value,6464,कलीसिया पर अत्याचार और तितर-बितर होना ,कलीसिया पर अत्याचार और तितर-बितर होना,leading-or-trailing-whitespace,false,true,LIVE,200,https://www.jesusfilm.org/watch/the-church-persecuted-and-scattered/english,https://www.jesusfilm.org/watch/the-church-persecuted-and-scattered.html/english.html
3_0-7DWJ-Grace-0-0,VideoTitle.value,139485, 6 أيام مع يسوع: النعمة ,6 أيام مع يسوع: النعمة,leading-or-trailing-whitespace,false,true,LIVE,200,https://www.jesusfilm.org/watch/7-days-with-jesus-grace/tagalog,https://www.jesusfilm.org/watch/7-days-with-jesus-grace.html/tagalog.html
3_0-7DWJ-Grace-0-0,VideoTitle.value,22658, 6 أيام مع يسوع: النعمة ,6 أيام مع يسوع: النعمة,leading-or-trailing-whitespace,false,true,LIVE,200,https://www.jesusfilm.org/watch/7-days-with-jesus-grace/arabic-modern-standard,https://www.jesusfilm.org/watch/7-days-with-jesus-grace.html/arabic-modern-standard.html
2_GOJ4930-0-0,VideoTitle.value,6464, विजयी प्रवेश और परिणाम,विजयी प्रवेश और परिणाम,leading-or-trailing-whitespace,false,true,LIVE,200,https://www.jesusfilm.org/watch/triumphal-entry-and-results/hindi,https://www.jesusfilm.org/watch/triumphal-entry-and-results.html/hindi.html
2_GOJ4937-0-0,VideoTitle.value,22658,"كراهية في العالم

",كراهية في العالم,leading-or-trailing-whitespace,false,true,LIVE,200,https://www.jesusfilm.org/watch/the-world-hatred/arabic-modern-standard,https://www.jesusfilm.org/watch/the-world-hatred.html/arabic-modern-standard.html
2_GOJ4937-0-0,VideoTitle.value,3804,세상이 너를 미워하리라 ,세상이 너를 미워하리라,leading-or-trailing-whitespace,false,true,LIVE,200,https://www.jesusfilm.org/watch/the-world-hatred/czech,https://www.jesusfilm.org/watch/the-world-hatred.html/czech.html
2_GOJ4937-0-0,VideoTitle.value,3934,Ненависть Мира ,Ненависть Мира,leading-or-trailing-whitespace,false,true,LIVE,200,https://www.jesusfilm.org/watch/the-world-hatred/russian,https://www.jesusfilm.org/watch/the-world-hatred.html/russian.html
2_GOJ4937-0-0,VideoTitle.value,407,دُنیا کی نفرت ,دُنیا کی نفرت,leading-or-trailing-whitespace,false,true,LIVE,200,https://www.jesusfilm.org/watch/the-world-hatred/urdu,https://www.jesusfilm.org/watch/the-world-hatred.html/urdu.html
2_GOJ4937-0-0,VideoTitle.value,6464,ससांर का बैर ,ससांर का बैर,leading-or-trailing-whitespace,false,true,LIVE,200,https://www.jesusfilm.org/watch/the-world-hatred/hindi,https://www.jesusfilm.org/watch/the-world-hatred.html/hindi.html
2_0-4Laws,VideoTitle.value,1942,"Dört İlke
",Dört İlke,leading-or-trailing-whitespace,false,true,LIVE,200,https://www.jesusfilm.org/watch/the-four-principles/french,https://www.jesusfilm.org/watch/the-four-principles.html/french.html
2_0-4Laws,VideoTitle.value,6464,चार सिद्धांत ,चार सिद्धांत,leading-or-trailing-whitespace,false,true,LIVE,200,https://www.jesusfilm.org/watch/the-four-principles/french,https://www.jesusfilm.org/watch/the-four-principles.html/french.html
2_FileZero14-0-0,VideoTitle.value,21753,第14集 ,第14集,leading-or-trailing-whitespace,false,true,LIVE,200,https://www.jesusfilm.org/watch/episode-14/spanish-castilian,https://www.jesusfilm.org/watch/episode-14.html/spanish-castilian.html
2_FileZero14-0-0,VideoTitle.value,22658,"الحلقة 14
",الحلقة 14,leading-or-trailing-whitespace,false,true,LIVE,200,https://www.jesusfilm.org/watch/episode-14/spanish-castilian,https://www.jesusfilm.org/watch/episode-14.html/spanish-castilian.html
2_FileZero14-0-0,VideoTitle.value,6464,धारावाहिक १४ ,धारावाहिक १४,leading-or-trailing-whitespace,false,true,LIVE,200,https://www.jesusfilm.org/watch/episode-14/spanish-castilian,https://www.jesusfilm.org/watch/episode-14.html/spanish-castilian.html
7_0-nfs0202,VideoTitle.value,496,Comment Savoir Si La Bible Est Vrai? ,Comment Savoir Si La Bible Est Vrai?,leading-or-trailing-whitespace,false,true,LIVE,200,https://www.jesusfilm.org/watch/22-how-can-i-trust-what-the-bible-says/french,https://www.jesusfilm.org/watch/22-how-can-i-trust-what-the-bible-says.html/french.html
3_0-40DWJ_35-0-0,VideoTitle.value,1106,Tag 35: Der Prozess ,Tag 35: Der Prozess,leading-or-trailing-whitespace,false,true,LIVE,200,https://www.jesusfilm.org/watch/day-35-the-trial/arabic-egyptian-colloquial,https://www.jesusfilm.org/watch/day-35-the-trial.html/arabic-egyptian-colloquial.html
2_FileZero-0-0,VideoTitle.value,22658,"الملف صفر

",الملف صفر,leading-or-trailing-whitespace,false,true,LIVE,200,https://www.jesusfilm.org/watch/file-zero/japanese,https://www.jesusfilm.org/watch/file-zero.html/japanese.html
2_FileZero-0-0,VideoTitle.value,6464, फ़ाइल शुन्य,फ़ाइल शुन्य,leading-or-trailing-whitespace,false,true,LIVE,200,https://www.jesusfilm.org/watch/file-zero/japanese,https://www.jesusfilm.org/watch/file-zero.html/japanese.html
3_0-40DWJ_19-0-0,VideoTitle.value,139485,يوم 19: المسكون ,يوم 19: المسكون,leading-or-trailing-whitespace,false,true,LIVE,200,https://www.jesusfilm.org/watch/day-19-demoniac/arabic-egyptian-colloquial,https://www.jesusfilm.org/watch/day-19-demoniac.html/arabic-egyptian-colloquial.html
3_0-40DWJ_19-0-0,VideoTitle.value,22658,يوم 19: المسكون ,يوم 19: المسكون,leading-or-trailing-whitespace,false,true,LIVE,200,https://www.jesusfilm.org/watch/day-19-demoniac/arabic-modern-standard,https://www.jesusfilm.org/watch/day-19-demoniac.html/arabic-modern-standard.html
2_0-Venia,VideoTitle.value,6464,वेनिया ,वेनिया,leading-or-trailing-whitespace,false,true,LIVE,200,https://www.jesusfilm.org/watch/venia/hindi,https://www.jesusfilm.org/watch/venia.html/hindi.html
7_0-nfs0203,VideoTitle.value,496,Porquoi Croire La Bible? ,Porquoi Croire La Bible?,leading-or-trailing-whitespace,false,true,LIVE,200,https://www.jesusfilm.org/watch/23-why-should-i-believe-the-bible/french,https://www.jesusfilm.org/watch/23-why-should-i-believe-the-bible.html/french.html
2_Acts7340-0-0,VideoTitle.value,3934, Послание апостольского собора к уверовавшим язычникам,Послание апостольского собора к уверовавшим язычникам,leading-or-trailing-whitespace,false,true,LIVE,200,https://www.jesusfilm.org/watch/the-council-letter-to-gentile-believers/russian,https://www.jesusfilm.org/watch/the-council-letter-to-gentile-believers.html/russian.html
2_Acts7340-0-0,VideoTitle.value,6464,अन्यजातीय विश्वासियों को पत्र ,अन्यजातीय विश्वासियों को पत्र,leading-or-trailing-whitespace,false,true,LIVE,200,https://www.jesusfilm.org/watch/the-council-letter-to-gentile-believers/arabic-tunisian,https://www.jesusfilm.org/watch/the-council-letter-to-gentile-believers.html/arabic-tunisian.html
7_0-nfs02,VideoTitle.value,21028,¿Jesús es real? ,¿Jesús es real?,leading-or-trailing-whitespace,false,true,LIVE,200,https://www.jesusfilm.org/watch/is-jesus-real-episode-2/hindi,https://www.jesusfilm.org/watch/is-jesus-real-episode-2.html/hindi.html
7_0-nfs02,VideoTitle.value,584,Jesus é real? ,Jesus é real?,leading-or-trailing-whitespace,false,true,LIVE,200,https://www.jesusfilm.org/watch/is-jesus-real-episode-2/portuguese-brazil,https://www.jesusfilm.org/watch/is-jesus-real-episode-2.html/portuguese-brazil.html
2_Acts7354-0-0,VideoTitle.value,1106,Eutychos wird in Troas vom Tode wiedererweckt ,Eutychos wird in Troas vom Tode wiedererweckt,leading-or-trailing-whitespace,false,true,LIVE,200,https://www.jesusfilm.org/watch/eutychus-raised-from-the-dead-at-troas/portuguese-brazil,https://www.jesusfilm.org/watch/eutychus-raised-from-the-dead-at-troas.html/portuguese-brazil.html
2_Acts7354-0-0,VideoTitle.value,1942,Eftihos Troas'ta Ölümden Uyandırıldı. ,Eftihos Troas'ta Ölümden Uyandırıldı.,leading-or-trailing-whitespace,false,true,LIVE,200,https://www.jesusfilm.org/watch/eutychus-raised-from-the-dead-at-troas/portuguese-brazil,https://www.jesusfilm.org/watch/eutychus-raised-from-the-dead-at-troas.html/portuguese-brazil.html
2_Acts7354-0-0,VideoTitle.value,3804,드로아에서 죽은 유두고를 일으킴 ,드로아에서 죽은 유두고를 일으킴,leading-or-trailing-whitespace,false,true,LIVE,200,https://www.jesusfilm.org/watch/eutychus-raised-from-the-dead-at-troas/portuguese-brazil,https://www.jesusfilm.org/watch/eutychus-raised-from-the-dead-at-troas.html/portuguese-brazil.html
2_Acts7354-0-0,VideoTitle.value,3934, Воскрешение Евтиха в Троаде,Воскрешение Евтиха в Троаде,leading-or-trailing-whitespace,false,true,LIVE,200,https://www.jesusfilm.org/watch/eutychus-raised-from-the-dead-at-troas/russian,https://www.jesusfilm.org/watch/eutychus-raised-from-the-dead-at-troas.html/russian.html
1_jf6125-0-0,VideoTitle.value,6788,دعای ربانی ,دعای ربانی,leading-or-trailing-whitespace,false,true,LIVE,200,https://www.jesusfilm.org/watch/the-lord-prayer/farsi-western,https://www.jesusfilm.org/watch/the-lord-prayer.html/farsi-western.html
2_GOJ4907-0-0,VideoTitle.value,3934,Подтверждение Крестителя ,Подтверждение Крестителя,leading-or-trailing-whitespace,false,true,LIVE,200,https://www.jesusfilm.org/watch/the-baptist-confirmation/russian,https://www.jesusfilm.org/watch/the-baptist-confirmation.html/russian.html
2_GOJ4907-0-0,VideoTitle.value,407,نکیدمس کی گواہی ,نکیدمس کی گواہی,leading-or-trailing-whitespace,false,true,LIVE,200,https://www.jesusfilm.org/watch/the-baptist-confirmation/urdu,https://www.jesusfilm.org/watch/the-baptist-confirmation.html/urdu.html
2_GOJ4907-0-0,VideoTitle.value,6464,बपतिस्मा की पुष्टि ,बपतिस्मा की पुष्टि,leading-or-trailing-whitespace,false,true,LIVE,200,https://www.jesusfilm.org/watch/the-baptist-confirmation/hindi,https://www.jesusfilm.org/watch/the-baptist-confirmation.html/hindi.html
2_FileZero05-0-0,VideoTitle.value,1942,"Bölüm 5
",Bölüm 5,leading-or-trailing-whitespace,false,true,LIVE,200,https://www.jesusfilm.org/watch/episode-5/romanian,https://www.jesusfilm.org/watch/episode-5.html/romanian.html
2_FileZero05-0-0,VideoTitle.value,21753,第5集 ,第5集,leading-or-trailing-whitespace,false,true,LIVE,200,https://www.jesusfilm.org/watch/episode-5/romanian,https://www.jesusfilm.org/watch/episode-5.html/romanian.html
2_FileZero05-0-0,VideoTitle.value,22658,"الحلقة 5
",الحلقة 5,leading-or-trailing-whitespace,false,true,LIVE,200,https://www.jesusfilm.org/watch/episode-5/romanian,https://www.jesusfilm.org/watch/episode-5.html/romanian.html
2_FileZero13-0-0,VideoTitle.value,21753,第13集 ,第13集,leading-or-trailing-whitespace,false,true,LIVE,200,https://www.jesusfilm.org/watch/episode-13/cantonese,https://www.jesusfilm.org/watch/episode-13.html/cantonese.html
2_FileZero13-0-0,VideoTitle.value,22658,"الحلقة 13
",الحلقة 13,leading-or-trailing-whitespace,false,true,LIVE,200,https://www.jesusfilm.org/watch/episode-13/cantonese,https://www.jesusfilm.org/watch/episode-13.html/cantonese.html
2_FileZero13-0-0,VideoTitle.value,407,"قسط نمبر 13
",قسط نمبر 13,leading-or-trailing-whitespace,false,true,LIVE,200,https://www.jesusfilm.org/watch/episode-13/urdu,https://www.jesusfilm.org/watch/episode-13.html/urdu.html
2_FileZero13-0-0,VideoTitle.value,6464,धारावाहिक १३ ,धारावाहिक १३,leading-or-trailing-whitespace,false,true,LIVE,200,https://www.jesusfilm.org/watch/episode-13/cantonese,https://www.jesusfilm.org/watch/episode-13.html/cantonese.html
2_Acts7373-0-0,VideoTitle.value,1106,"
Paulus predigt in Rom unter Bewachung",Paulus predigt in Rom unter Bewachung,leading-or-trailing-whitespace,false,true,LIVE,200,https://www.jesusfilm.org/watch/paul-preaches-in-rome-under-guard/french,https://www.jesusfilm.org/watch/paul-preaches-in-rome-under-guard.html/french.html
2_Acts7373-0-0,VideoTitle.value,3887,Phao-lô Giảng Đang Khi Bị Canh Giữ Tại Rô-ma ,Phao-lô Giảng Đang Khi Bị Canh Giữ Tại Rô-ma,leading-or-trailing-whitespace,false,true,LIVE,200,https://www.jesusfilm.org/watch/paul-preaches-in-rome-under-guard/french,https://www.jesusfilm.org/watch/paul-preaches-in-rome-under-guard.html/french.html
2_Acts7373-0-0,VideoTitle.value,3934," Павел проповедует в Риме, находясь под стражей","Павел проповедует в Риме, находясь под стражей",leading-or-trailing-whitespace,false,true,LIVE,200,https://www.jesusfilm.org/watch/paul-preaches-in-rome-under-guard/russian,https://www.jesusfilm.org/watch/paul-preaches-in-rome-under-guard.html/russian.html
2_Acts7373-0-0,VideoTitle.value,6464,रोम में रक्षक के अघीन पौलुस का प्रचार ,रोम में रक्षक के अघीन पौलुस का प्रचार,leading-or-trailing-whitespace,false,true,LIVE,200,https://www.jesusfilm.org/watch/paul-preaches-in-rome-under-guard/french,https://www.jesusfilm.org/watch/paul-preaches-in-rome-under-guard.html/french.html
3_0-40DWJ_14-0-0,VideoTitle.value,6464,दिन १४ : यीशुकी महिला शिष्य ,दिन १४ : यीशुकी महिला शिष्य,leading-or-trailing-whitespace,false,true,LIVE,200,https://www.jesusfilm.org/watch/day-14-women-disciples/acholi,https://www.jesusfilm.org/watch/day-14-women-disciples.html/acholi.html
3_0-40DWJ_14-0-0,VideoTitle.value,6930,"יום ארבע-עשר: נשים תלמידות
",יום ארבע-עשר: נשים תלמידות,leading-or-trailing-whitespace,false,true,LIVE,200,https://www.jesusfilm.org/watch/day-14-women-disciples/acholi,https://www.jesusfilm.org/watch/day-14-women-disciples.html/acholi.html
2_Acts7357-0-0,VideoTitle.value,3804,바울이 예루살렘으로 돌아옴 ,바울이 예루살렘으로 돌아옴,leading-or-trailing-whitespace,false,true,LIVE,200,https://www.jesusfilm.org/watch/paul-arrival-at-jerusalem/arabic-tunisian,https://www.jesusfilm.org/watch/paul-arrival-at-jerusalem.html/arabic-tunisian.html
2_Acts7357-0-0,VideoTitle.value,3934, Прибытие Павла в Иерусалим,Прибытие Павла в Иерусалим,leading-or-trailing-whitespace,false,true,LIVE,200,https://www.jesusfilm.org/watch/paul-arrival-at-jerusalem/russian,https://www.jesusfilm.org/watch/paul-arrival-at-jerusalem.html/russian.html
2_Acts7357-0-0,VideoTitle.value,6464,पौलुस का यरुशलेम में आगमन ,पौलुस का यरुशलेम में आगमन,leading-or-trailing-whitespace,false,true,LIVE,200,https://www.jesusfilm.org/watch/paul-arrival-at-jerusalem/arabic-tunisian,https://www.jesusfilm.org/watch/paul-arrival-at-jerusalem.html/arabic-tunisian.html
2_Acts7357-0-0,VideoTitle.value,6788,ورود پولس به اورشلیم ,ورود پولس به اورشلیم,leading-or-trailing-whitespace,false,true,LIVE,200,https://www.jesusfilm.org/watch/paul-arrival-at-jerusalem/arabic-tunisian,https://www.jesusfilm.org/watch/paul-arrival-at-jerusalem.html/arabic-tunisian.html
2_GOJ4945-0-0,VideoTitle.value,6464,यीशु ज़िन्दा है ,यीशु ज़िन्दा है,leading-or-trailing-whitespace,false,true,LIVE,200,https://www.jesusfilm.org/watch/jesus-is-alive/hindi,https://www.jesusfilm.org/watch/jesus-is-alive.html/hindi.html
2_GOJ4949-0-0,VideoTitle.value,6930, להכיר את ישוע באופן אישי,להכיר את ישוע באופן אישי,leading-or-trailing-whitespace,false,true,LIVE,200,https://www.jesusfilm.org/watch/how-to-know-jesus-personally/hebrew,https://www.jesusfilm.org/watch/how-to-know-jesus-personally.html/hebrew.html
2_Acts7327-0-0,VideoTitle.value,3934, Видение Петра,Видение Петра,leading-or-trailing-whitespace,false,true,LIVE,200,https://www.jesusfilm.org/watch/peter-vision/russian,https://www.jesusfilm.org/watch/peter-vision.html/russian.html
2_GOJ4922-0-0,VideoTitle.value,22658,"مواجهة عظيمة
",مواجهة عظيمة,leading-or-trailing-whitespace,false,true,LIVE,200,https://www.jesusfilm.org/watch/great-confrontation/arabic-modern-standard,https://www.jesusfilm.org/watch/great-confrontation.html/arabic-modern-standard.html
2_GOJ4922-0-0,VideoTitle.value,6464,महान संघर्ष ,महान संघर्ष,leading-or-trailing-whitespace,false,true,LIVE,200,https://www.jesusfilm.org/watch/great-confrontation/hindi,https://www.jesusfilm.org/watch/great-confrontation.html/hindi.html
3_0-40DWJ_09-0-0,VideoTitle.value,6464,दिन 9: बारह प्रेरितोंका चुनना ,दिन 9: बारह प्रेरितोंका चुनना,leading-or-trailing-whitespace,false,true,LIVE,200,https://www.jesusfilm.org/watch/day-9-choosing-the-twelve/arabic-egyptian-colloquial,https://www.jesusfilm.org/watch/day-9-choosing-the-twelve.html/arabic-egyptian-colloquial.html
2_FileZero01-0-0,VideoTitle.value,21753,第1集 ,第1集,leading-or-trailing-whitespace,false,true,LIVE,200,https://www.jesusfilm.org/watch/episode-1/cantonese,https://www.jesusfilm.org/watch/episode-1.html/cantonese.html
2_FileZero01-0-0,VideoTitle.value,22658,"الحلقة 1
",الحلقة 1,leading-or-trailing-whitespace,false,true,LIVE,200,https://www.jesusfilm.org/watch/episode-1/cantonese,https://www.jesusfilm.org/watch/episode-1.html/cantonese.html
3_0-40DWJ_17-0-0,VideoTitle.value,6464, दिन १७ : दीपक के  दृष्टान्त की  कथा,दिन १७ : दीपक के दृष्टान्त की कथा,leading-or-trailing-whitespace,false,true,LIVE,200,https://www.jesusfilm.org/watch/day-17-parable-of-the-lamp/urdu,https://www.jesusfilm.org/watch/day-17-parable-of-the-lamp.html/urdu.html
3_0-40DWJ_17-0-0,VideoTitle.value,6788,روز هفدهم: مثل چراغدان ,روز هفدهم: مثل چراغدان,leading-or-trailing-whitespace,false,true,LIVE,200,https://www.jesusfilm.org/watch/day-17-parable-of-the-lamp/farsi-western,https://www.jesusfilm.org/watch/day-17-parable-of-the-lamp.html/farsi-western.html
2_GOJ4918-0-0,VideoTitle.value,22658,"مواجهة القادة المنافقين
",مواجهة القادة المنافقين,leading-or-trailing-whitespace,false,true,LIVE,200,https://www.jesusfilm.org/watch/confronting-hypocritical-leaders/arabic-modern-standard,https://www.jesusfilm.org/watch/confronting-hypocritical-leaders.html/arabic-modern-standard.html
2_GOJ4923-0-0,VideoTitle.value,3934,Слепой Исцелён ,Слепой Исцелён,leading-or-trailing-whitespace,false,true,LIVE,200,https://www.jesusfilm.org/watch/blind-man-healed/russian,https://www.jesusfilm.org/watch/blind-man-healed.html/russian.html
2_GOJ4923-0-0,VideoTitle.value,6464,अंधे मनुष्य को चंगाई ,अंधे मनुष्य को चंगाई,leading-or-trailing-whitespace,false,true,LIVE,200,https://www.jesusfilm.org/watch/blind-man-healed/hindi,https://www.jesusfilm.org/watch/blind-man-healed.html/hindi.html
2_GOJ4903-0-0,VideoTitle.value,1106,"Jesus sammelt die Jünger um sich

",Jesus sammelt die Jünger um sich,leading-or-trailing-whitespace,false,true,LIVE,200,https://www.jesusfilm.org/watch/jesus-gathers-disciples/german-standard,https://www.jesusfilm.org/watch/jesus-gathers-disciples.html/german-standard.html
2_GOJ4903-0-0,VideoTitle.value,407, یسوع شاگرد اکھٹے  کرتا ہے,یسوع شاگرد اکھٹے کرتا ہے,leading-or-trailing-whitespace,false,true,LIVE,200,https://www.jesusfilm.org/watch/jesus-gathers-disciples/urdu,https://www.jesusfilm.org/watch/jesus-gathers-disciples.html/urdu.html
2_GOJ4903-0-0,VideoTitle.value,6464,यीशु चेलों को इकट्ठा करते है ,यीशु चेलों को इकट्ठा करते है,leading-or-trailing-whitespace,false,true,LIVE,200,https://www.jesusfilm.org/watch/jesus-gathers-disciples/hindi,https://www.jesusfilm.org/watch/jesus-gathers-disciples.html/hindi.html
2_FileZero03-0-0,VideoTitle.value,1942,"Bölüm 3
",Bölüm 3,leading-or-trailing-whitespace,false,true,LIVE,200,https://www.jesusfilm.org/watch/episode-3/albanian,https://www.jesusfilm.org/watch/episode-3.html/albanian.html
2_FileZero03-0-0,VideoTitle.value,21753,第3集 ,第3集,leading-or-trailing-whitespace,false,true,LIVE,200,https://www.jesusfilm.org/watch/episode-3/albanian,https://www.jesusfilm.org/watch/episode-3.html/albanian.html
2_FileZero03-0-0,VideoTitle.value,22658,"الحلقة 3
",الحلقة 3,leading-or-trailing-whitespace,false,true,LIVE,200,https://www.jesusfilm.org/watch/episode-3/albanian,https://www.jesusfilm.org/watch/episode-3.html/albanian.html
1_mld-0-0,VideoTitle.value,6788,آخرین روز من ,آخرین روز من,leading-or-trailing-whitespace,false,true,LIVE,200,https://www.jesusfilm.org/watch/my-last-day/farsi-western,https://www.jesusfilm.org/watch/my-last-day.html/farsi-western.html
1_jf6109-0-0,VideoTitle.value,6464,जेरुस की बेटी वापस जिंदा हो गयी ,जेरुस की बेटी वापस जिंदा हो गयी,leading-or-trailing-whitespace,false,true,LIVE,200,https://www.jesusfilm.org/watch/jairus-daughter-brought-back-to-life/hindi,https://www.jesusfilm.org/watch/jairus-daughter-brought-back-to-life.html/hindi.html
3_0-40DWJ_03-0-0,VideoTitle.value,6464, दिन 3: यीशु का बपतिस्मा,दिन 3: यीशु का बपतिस्मा,leading-or-trailing-whitespace,false,true,LIVE,200,https://www.jesusfilm.org/watch/day-3-jesus-baptism/arabic-modern-standard,https://www.jesusfilm.org/watch/day-3-jesus-baptism.html/arabic-modern-standard.html
1_jf6103-0-0,VideoTitle.value,6788,کودکی عیسی ,کودکی عیسی,leading-or-trailing-whitespace,false,true,LIVE,200,https://www.jesusfilm.org/watch/childhood-of-jesus/farsi-western,https://www.jesusfilm.org/watch/childhood-of-jesus.html/farsi-western.html
2_GOJ4936-0-0,VideoTitle.value,22658,"الكرمة والأغصان
",الكرمة والأغصان,leading-or-trailing-whitespace,false,true,LIVE,200,https://www.jesusfilm.org/watch/the-vine-and-the-branches/arabic-modern-standard,https://www.jesusfilm.org/watch/the-vine-and-the-branches.html/arabic-modern-standard.html
2_GOJ4936-0-0,VideoTitle.value,6464,दाखलता और डालियाँ ,दाखलता और डालियाँ,leading-or-trailing-whitespace,false,true,LIVE,200,https://www.jesusfilm.org/watch/the-vine-and-the-branches/hindi,https://www.jesusfilm.org/watch/the-vine-and-the-branches.html/hindi.html
1_riv_09-0-0,VideoTitle.value,6464,शादी का दिन ,शादी का दिन,leading-or-trailing-whitespace,false,true,LIVE,200,https://www.jesusfilm.org/watch/wedding-day/hindi,https://www.jesusfilm.org/watch/wedding-day.html/hindi.html
7_0-nfs0403,VideoTitle.value,496,Et Si Je Doute? ,Et Si Je Doute?,leading-or-trailing-whitespace,false,true,LIVE,200,https://www.jesusfilm.org/watch/43-is-it-ok-to-doubt/french,https://www.jesusfilm.org/watch/43-is-it-ok-to-doubt.html/french.html
2_Acts7323-0-0,VideoTitle.value,3934, Обращение Савла,Обращение Савла,leading-or-trailing-whitespace,false,true,LIVE,200,https://www.jesusfilm.org/watch/saul-conversion/russian,https://www.jesusfilm.org/watch/saul-conversion.html/russian.html
2_Acts7323-0-0,VideoTitle.value,6464,शाऊल का हृदय- परिवर्तन ,शाऊल का हृदय- परिवर्तन,leading-or-trailing-whitespace,false,true,LIVE,200,https://www.jesusfilm.org/watch/saul-conversion/portuguese-brazil,https://www.jesusfilm.org/watch/saul-conversion.html/portuguese-brazil.html
2_Acts7350-0-0,VideoTitle.value,3934," Прискилла, Акила и Аполлос","Прискилла, Акила и Аполлос",leading-or-trailing-whitespace,false,true,LIVE,200,https://www.jesusfilm.org/watch/priscilla-aquila-and-apollos/russian,https://www.jesusfilm.org/watch/priscilla-aquila-and-apollos.html/russian.html
2_GOJ4911-0-0,VideoTitle.value,22658,"شفاء المشلول
",شفاء المشلول,leading-or-trailing-whitespace,false,true,LIVE,200,https://www.jesusfilm.org/watch/a-paralytic-healed/arabic-modern-standard,https://www.jesusfilm.org/watch/a-paralytic-healed.html/arabic-modern-standard.html
2_GOJ4911-0-0,VideoTitle.value,3934,Исцеление Парализованного ,Исцеление Парализованного,leading-or-trailing-whitespace,false,true,LIVE,200,https://www.jesusfilm.org/watch/a-paralytic-healed/russian,https://www.jesusfilm.org/watch/a-paralytic-healed.html/russian.html
3_0-40DWJ_02-0-0,VideoTitle.value,1106,Tag 2: Wundersame Geburt ,Tag 2: Wundersame Geburt,leading-or-trailing-whitespace,false,true,LIVE,200,https://www.jesusfilm.org/watch/day-2-miraculous-birth/acholi,https://www.jesusfilm.org/watch/day-2-miraculous-birth.html/acholi.html
2_GOJ4909-0-0,VideoTitle.value,1106,Das Dorf der Samariter ,Das Dorf der Samariter,leading-or-trailing-whitespace,false,true,LIVE,200,https://www.jesusfilm.org/watch/samaritan-village/german-standard,https://www.jesusfilm.org/watch/samaritan-village.html/german-standard.html
2_GOJ4909-0-0,VideoTitle.value,3934,Самаритянская Деревня ,Самаритянская Деревня,leading-or-trailing-whitespace,false,true,LIVE,200,https://www.jesusfilm.org/watch/samaritan-village/russian,https://www.jesusfilm.org/watch/samaritan-village.html/russian.html
7_0-nfs01,VideoTitle.value,21028,¿Como llegamos acá? ,¿Como llegamos acá?,leading-or-trailing-whitespace,false,true,LIVE,200,https://www.jesusfilm.org/watch/how-did-we-get-here-episode-1/hindi,https://www.jesusfilm.org/watch/how-did-we-get-here-episode-1.html/hindi.html
7_0-nfs01,VideoTitle.value,584,Como Chegamos Aqui? ,Como Chegamos Aqui?,leading-or-trailing-whitespace,false,true,LIVE,200,https://www.jesusfilm.org/watch/how-did-we-get-here-episode-1/hindi,https://www.jesusfilm.org/watch/how-did-we-get-here-episode-1.html/hindi.html
2_Acts7322-0-0,VideoTitle.value,3934, Филипп и эфиоплянин,Филипп и эфиоплянин,leading-or-trailing-whitespace,false,true,LIVE,200,https://www.jesusfilm.org/watch/philip-and-the-ethiopian/russian,https://www.jesusfilm.org/watch/philip-and-the-ethiopian.html/russian.html
2_Acts7322-0-0,VideoTitle.value,6464,फिलिप्पुस और कूश देश ,फिलिप्पुस और कूश देश,leading-or-trailing-whitespace,false,true,LIVE,200,https://www.jesusfilm.org/watch/philip-and-the-ethiopian/arabic-tunisian,https://www.jesusfilm.org/watch/philip-and-the-ethiopian.html/arabic-tunisian.html
7_0-nfs0603,VideoTitle.value,496,C'est Quoi Le But Dans Tout Ça? ,C'est Quoi Le But Dans Tout Ça?,leading-or-trailing-whitespace,false,true,LIVE,200,https://www.jesusfilm.org/watch/63-will-it-all-be-worth-it/french,https://www.jesusfilm.org/watch/63-will-it-all-be-worth-it.html/french.html
3_0-40DWJ_30-0-0,VideoTitle.value,13169,วันที่ 30 เรื่อง เงิน ๆ ทอง ๆ ,วันที่ 30 เรื่อง เงิน ๆ ทอง ๆ,leading-or-trailing-whitespace,false,true,LIVE,200,https://www.jesusfilm.org/watch/day-30-money-matters/bari,https://www.jesusfilm.org/watch/day-30-money-matters.html/bari.html
2_Acts7328-0-0,VideoTitle.value,3934, Петр в доме Корнилия ,Петр в доме Корнилия,leading-or-trailing-whitespace,false,true,LIVE,200,https://www.jesusfilm.org/watch/peter-at-cornelius-house/russian,https://www.jesusfilm.org/watch/peter-at-cornelius-house.html/russian.html
2_Acts7328-0-0,VideoTitle.value,6464,कुरनेलियुस के घर में पतरस ,कुरनेलियुस के घर में पतरस,leading-or-trailing-whitespace,false,true,LIVE,200,https://www.jesusfilm.org/watch/peter-at-cornelius-house/arabic-tunisian,https://www.jesusfilm.org/watch/peter-at-cornelius-house.html/arabic-tunisian.html
2_GOJ4938-0-0,VideoTitle.value,22658,"عمل الروح القدس

",عمل الروح القدس,leading-or-trailing-whitespace,false,true,LIVE,200,https://www.jesusfilm.org/watch/the-work-of-the-holy-spirit/arabic-modern-standard,https://www.jesusfilm.org/watch/the-work-of-the-holy-spirit.html/arabic-modern-standard.html
2_GOJ4938-0-0,VideoTitle.value,3934,Работа Духа Святого ,Работа Духа Святого,leading-or-trailing-whitespace,false,true,LIVE,200,https://www.jesusfilm.org/watch/the-work-of-the-holy-spirit/russian,https://www.jesusfilm.org/watch/the-work-of-the-holy-spirit.html/russian.html
2_GOJ4938-0-0,VideoTitle.value,407,روح القد س کے کام ,روح القد س کے کام,leading-or-trailing-whitespace,false,true,LIVE,200,https://www.jesusfilm.org/watch/the-work-of-the-holy-spirit/urdu,https://www.jesusfilm.org/watch/the-work-of-the-holy-spirit.html/urdu.html
2_Acts7359-0-0,VideoTitle.value,3934, Обращение Павла к народу.,Обращение Павла к народу.,leading-or-trailing-whitespace,false,true,LIVE,200,https://www.jesusfilm.org/watch/paul-speaks-to-the-crowd/russian,https://www.jesusfilm.org/watch/paul-speaks-to-the-crowd.html/russian.html
2_Acts7359-0-0,VideoTitle.value,6464,भीड़ के सामने पौलुस का भाषण ,भीड़ के सामने पौलुस का भाषण,leading-or-trailing-whitespace,false,true,LIVE,200,https://www.jesusfilm.org/watch/paul-speaks-to-the-crowd/english,https://www.jesusfilm.org/watch/paul-speaks-to-the-crowd.html/english.html
1_wl604401-0-0,VideoTitle.value,1942,Başlık ve Giriş ,Başlık ve Giriş,leading-or-trailing-whitespace,false,true,LIVE,200,https://www.jesusfilm.org/watch/title-and-introduction/turkish,https://www.jesusfilm.org/watch/title-and-introduction.html/turkish.html
7_0-nfs0303,VideoTitle.value,584, Os fatos se comparam?,Os fatos se comparam?,leading-or-trailing-whitespace,false,true,LIVE,200,https://www.jesusfilm.org/watch/33-do-the-facts-stack-up/portuguese-brazil,https://www.jesusfilm.org/watch/33-do-the-facts-stack-up.html/portuguese-brazil.html
2_Acts7306-0-0,VideoTitle.value,3934, Братство всех верующих,Братство всех верующих,leading-or-trailing-whitespace,false,true,LIVE,200,https://www.jesusfilm.org/watch/the-fellowship-of-the-believers/russian,https://www.jesusfilm.org/watch/the-fellowship-of-the-believers.html/russian.html
2_Acts7306-0-0,VideoTitle.value,584,A Comunidade dos Crentes ,A Comunidade dos Crentes,leading-or-trailing-whitespace,false,true,LIVE,200,https://www.jesusfilm.org/watch/the-fellowship-of-the-believers/portuguese-brazil,https://www.jesusfilm.org/watch/the-fellowship-of-the-believers.html/portuguese-brazil.html
2_Acts7306-0-0,VideoTitle.value,6464,विश्वासियों की संगति ,विश्वासियों की संगति,leading-or-trailing-whitespace,false,true,LIVE,200,https://www.jesusfilm.org/watch/the-fellowship-of-the-believers/tamazight-central-atlas,https://www.jesusfilm.org/watch/the-fellowship-of-the-believers.html/tamazight-central-atlas.html
2_GOJ4924-0-0,VideoTitle.value,22658,"الفريسيون يستجوبون الرجل الأعمى
",الفريسيون يستجوبون الرجل الأعمى,leading-or-trailing-whitespace,false,true,LIVE,200,https://www.jesusfilm.org/watch/pharisees-interrogate-the-blind-man/arabic-modern-standard,https://www.jesusfilm.org/watch/pharisees-interrogate-the-blind-man.html/arabic-modern-standard.html
2_GOJ4924-0-0,VideoTitle.value,3934,Фарисеи Допрашивают Слепого ,Фарисеи Допрашивают Слепого,leading-or-trailing-whitespace,false,true,LIVE,200,https://www.jesusfilm.org/watch/pharisees-interrogate-the-blind-man/russian,https://www.jesusfilm.org/watch/pharisees-interrogate-the-blind-man.html/russian.html
2_GOJ4924-0-0,VideoTitle.value,407,فریسی اندھے سے تفتیش کرتے ہیں ,فریسی اندھے سے تفتیش کرتے ہیں,leading-or-trailing-whitespace,false,true,LIVE,200,https://www.jesusfilm.org/watch/pharisees-interrogate-the-blind-man/urdu,https://www.jesusfilm.org/watch/pharisees-interrogate-the-blind-man.html/urdu.html
2_GOJ4924-0-0,VideoTitle.value,6464,फरीसियों ने अंधे मनुष्य से पूछताछ की ,फरीसियों ने अंधे मनुष्य से पूछताछ की,leading-or-trailing-whitespace,false,true,LIVE,200,https://www.jesusfilm.org/watch/pharisees-interrogate-the-blind-man/hindi,https://www.jesusfilm.org/watch/pharisees-interrogate-the-blind-man.html/hindi.html
1_wl604402-0-0,VideoTitle.value,6464, मरियम मगदलीनी रिबका के घर जाती है,मरियम मगदलीनी रिबका के घर जाती है,leading-or-trailing-whitespace,false,true,LIVE,200,https://www.jesusfilm.org/watch/mary-magdalene-goes-to-rivka-house/hindi,https://www.jesusfilm.org/watch/mary-magdalene-goes-to-rivka-house.html/hindi.html
1_wl604403-0-0,VideoTitle.value,3934,Сотворение ,Сотворение,leading-or-trailing-whitespace,false,true,LIVE,200,https://www.jesusfilm.org/watch/creation/russian,https://www.jesusfilm.org/watch/creation.html/russian.html
1_wl604404-0-0,VideoTitle.value,6464, मानवता का प्रलोभन और पतन,मानवता का प्रलोभन और पतन,leading-or-trailing-whitespace,false,true,LIVE,200,https://www.jesusfilm.org/watch/temptation-and-fall-of-mankind/hindi,https://www.jesusfilm.org/watch/temptation-and-fall-of-mankind.html/hindi.html
3_0-6DWJ-MAP_06-0-0,VideoTitle.value,13169,วันที่ 6 เรื่องเงิน ๆ ทอง ๆ ,วันที่ 6 เรื่องเงิน ๆ ทอง ๆ,leading-or-trailing-whitespace,false,true,LIVE,200,https://www.jesusfilm.org/watch/day-6-money-matters/english,https://www.jesusfilm.org/watch/day-6-money-matters.html/english.html
2_Acts7308-0-0,VideoTitle.value,1106,Petrus spricht zu den Zuschauern ,Petrus spricht zu den Zuschauern,leading-or-trailing-whitespace,false,true,LIVE,200,https://www.jesusfilm.org/watch/peter-speaks-to-the-onlookers/french,https://www.jesusfilm.org/watch/peter-speaks-to-the-onlookers.html/french.html
2_Acts7308-0-0,VideoTitle.value,3934, Обращение Петра к присутствующим,Обращение Петра к присутствующим,leading-or-trailing-whitespace,false,true,LIVE,200,https://www.jesusfilm.org/watch/peter-speaks-to-the-onlookers/russian,https://www.jesusfilm.org/watch/peter-speaks-to-the-onlookers.html/russian.html
2_Acts7308-0-0,VideoTitle.value,6464,पतरस दर्शकों से बात करता है ,पतरस दर्शकों से बात करता है,leading-or-trailing-whitespace,false,true,LIVE,200,https://www.jesusfilm.org/watch/peter-speaks-to-the-onlookers/french,https://www.jesusfilm.org/watch/peter-speaks-to-the-onlookers.html/french.html
2_GOJ4928-0-0,VideoTitle.value,21754,马利亚和马大哀恸 ,马利亚和马大哀恸,leading-or-trailing-whitespace,false,true,LIVE,200,https://www.jesusfilm.org/watch/mary-and-martha-mourn/czech,https://www.jesusfilm.org/watch/mary-and-martha-mourn.html/czech.html
2_GOJ4928-0-0,VideoTitle.value,407,مریم اور مارتھا ماتم  کرتی ہیں ,مریم اور مارتھا ماتم کرتی ہیں,leading-or-trailing-whitespace,false,true,LIVE,200,https://www.jesusfilm.org/watch/mary-and-martha-mourn/urdu,https://www.jesusfilm.org/watch/mary-and-martha-mourn.html/urdu.html
2_Acts7365-0-0,VideoTitle.value,1106,Paulus' Prozess vor Festus ,Paulus' Prozess vor Festus,leading-or-trailing-whitespace,false,true,LIVE,200,https://www.jesusfilm.org/watch/paul-trial-before-festus/arabic-tunisian,https://www.jesusfilm.org/watch/paul-trial-before-festus.html/arabic-tunisian.html
2_Acts7365-0-0,VideoTitle.value,3934, Павел перед судом Феста,Павел перед судом Феста,leading-or-trailing-whitespace,false,true,LIVE,200,https://www.jesusfilm.org/watch/paul-trial-before-festus/russian,https://www.jesusfilm.org/watch/paul-trial-before-festus.html/russian.html
2_Acts7365-0-0,VideoTitle.value,6464,पौलुस का मुक़दमा फेस्‍तुस के सामने ,पौलुस का मुक़दमा फेस्‍तुस के सामने,leading-or-trailing-whitespace,false,true,LIVE,200,https://www.jesusfilm.org/watch/paul-trial-before-festus/arabic-tunisian,https://www.jesusfilm.org/watch/paul-trial-before-festus.html/arabic-tunisian.html
1_wl604405-0-0,VideoTitle.value,3934,Авраам ,Авраам,leading-or-trailing-whitespace,false,true,LIVE,200,https://www.jesusfilm.org/watch/abraham/russian,https://www.jesusfilm.org/watch/abraham.html/russian.html
1_wl604405-0-0,VideoTitle.value,6464,अब्राहम ,अब्राहम,leading-or-trailing-whitespace,false,true,LIVE,200,https://www.jesusfilm.org/watch/abraham/hindi,https://www.jesusfilm.org/watch/abraham.html/hindi.html
2_Acts7325-0-0,VideoTitle.value,1942,Eneas ve Dorcas(Tabiata) ,Eneas ve Dorcas(Tabiata),leading-or-trailing-whitespace,false,true,LIVE,200,https://www.jesusfilm.org/watch/aeneas-and-dorcas/tamazight-central-atlas,https://www.jesusfilm.org/watch/aeneas-and-dorcas.html/tamazight-central-atlas.html
2_Acts7325-0-0,VideoTitle.value,3934, Эней и Тавифа,Эней и Тавифа,leading-or-trailing-whitespace,false,true,LIVE,200,https://www.jesusfilm.org/watch/aeneas-and-dorcas/russian,https://www.jesusfilm.org/watch/aeneas-and-dorcas.html/russian.html
2_Acts7325-0-0,VideoTitle.value,6788,اینیاس و طابیتا ,اینیاس و طابیتا,leading-or-trailing-whitespace,false,true,LIVE,200,https://www.jesusfilm.org/watch/aeneas-and-dorcas/tamazight-central-atlas,https://www.jesusfilm.org/watch/aeneas-and-dorcas.html/tamazight-central-atlas.html
2_FileZero07-0-0,VideoTitle.value,1942,"Bölüm 7
",Bölüm 7,leading-or-trailing-whitespace,false,true,LIVE,200,https://www.jesusfilm.org/watch/episode-7/english,https://www.jesusfilm.org/watch/episode-7.html/english.html
2_FileZero07-0-0,VideoTitle.value,21753,第7集 ,第7集,leading-or-trailing-whitespace,false,true,LIVE,200,https://www.jesusfilm.org/watch/episode-7/english,https://www.jesusfilm.org/watch/episode-7.html/english.html
2_FileZero07-0-0,VideoTitle.value,22658,"الحلقة 7
",الحلقة 7,leading-or-trailing-whitespace,false,true,LIVE,200,https://www.jesusfilm.org/watch/episode-7/english,https://www.jesusfilm.org/watch/episode-7.html/english.html
2_GOJ4905-0-0,VideoTitle.value,1106,"Die Reinigung des Tempels
",Die Reinigung des Tempels,leading-or-trailing-whitespace,false,true,LIVE,200,https://www.jesusfilm.org/watch/cleaning-the-temple/german-standard,https://www.jesusfilm.org/watch/cleaning-the-temple.html/german-standard.html
2_GOJ4905-0-0,VideoTitle.value,407,ہیکل کو پاک  کرتا ,ہیکل کو پاک کرتا,leading-or-trailing-whitespace,false,true,LIVE,200,https://www.jesusfilm.org/watch/cleaning-the-temple/urdu,https://www.jesusfilm.org/watch/cleaning-the-temple.html/urdu.html
2_GOJ4905-0-0,VideoTitle.value,6464,मन्दिर की सफ़ाई ,मन्दिर की सफ़ाई,leading-or-trailing-whitespace,false,true,LIVE,200,https://www.jesusfilm.org/watch/cleaning-the-temple/hindi,https://www.jesusfilm.org/watch/cleaning-the-temple.html/hindi.html
2_FileZero08-0-0,VideoTitle.value,1942,"Bölüm 8

",Bölüm 8,leading-or-trailing-whitespace,false,true,LIVE,200,https://www.jesusfilm.org/watch/episode-8/english,https://www.jesusfilm.org/watch/episode-8.html/english.html
2_FileZero08-0-0,VideoTitle.value,21753,第8集 ,第8集,leading-or-trailing-whitespace,false,true,LIVE,200,https://www.jesusfilm.org/watch/episode-8/english,https://www.jesusfilm.org/watch/episode-8.html/english.html
2_FileZero08-0-0,VideoTitle.value,22658,"الحلقة 8

",الحلقة 8,leading-or-trailing-whitespace,false,true,LIVE,200,https://www.jesusfilm.org/watch/episode-8/english,https://www.jesusfilm.org/watch/episode-8.html/english.html
2_FileZero08-0-0,VideoTitle.value,6464,धारावाहिक ८ ,धारावाहिक ८,leading-or-trailing-whitespace,false,true,LIVE,200,https://www.jesusfilm.org/watch/episode-8/english,https://www.jesusfilm.org/watch/episode-8.html/english.html
2_Acts7339-0-0,VideoTitle.value,3934, Иерусалимский собор,Иерусалимский собор,leading-or-trailing-whitespace,false,true,LIVE,200,https://www.jesusfilm.org/watch/the-council-at-jerusalem/russian,https://www.jesusfilm.org/watch/the-council-at-jerusalem.html/russian.html
2_Acts7339-0-0,VideoTitle.value,496, Le Conseil à Jérusalem,Le Conseil à Jérusalem,leading-or-trailing-whitespace,false,true,LIVE,200,https://www.jesusfilm.org/watch/the-council-at-jerusalem/french,https://www.jesusfilm.org/watch/the-council-at-jerusalem.html/french.html
2_Acts7339-0-0,VideoTitle.value,6464,यरुशलेम की सभा ,यरुशलेम की सभा,leading-or-trailing-whitespace,false,true,LIVE,200,https://www.jesusfilm.org/watch/the-council-at-jerusalem/arabic-tunisian,https://www.jesusfilm.org/watch/the-council-at-jerusalem.html/arabic-tunisian.html
2_FileZero11-0-0,VideoTitle.value,21753,第11集 ,第11集,leading-or-trailing-whitespace,false,true,LIVE,200,https://www.jesusfilm.org/watch/episode-11/albanian,https://www.jesusfilm.org/watch/episode-11.html/albanian.html
2_FileZero11-0-0,VideoTitle.value,22658,"الحلقة 11
",الحلقة 11,leading-or-trailing-whitespace,false,true,LIVE,200,https://www.jesusfilm.org/watch/episode-11/albanian,https://www.jesusfilm.org/watch/episode-11.html/albanian.html
7_0-nfs09,VideoTitle.value,3934,Готовы ли вы сделать следующий шаг? ,Готовы ли вы сделать следующий шаг?,leading-or-trailing-whitespace,false,true,LIVE,200,https://www.jesusfilm.org/watch/are-you-ready-to-take-the-next-step-episode-9/russian,https://www.jesusfilm.org/watch/are-you-ready-to-take-the-next-step-episode-9.html/russian.html
2_0-Jangled,VideoTitle.value,6464,कोलाहल ,कोलाहल,leading-or-trailing-whitespace,false,true,LIVE,200,https://www.jesusfilm.org/watch/jangled/hindi,https://www.jesusfilm.org/watch/jangled.html/hindi.html
1_cl1304-0-0,VideoTitle.value,22658,"نادي القصة ابنة ياييرس

",نادي القصة ابنة ياييرس,leading-or-trailing-whitespace,false,true,LIVE,200,https://www.jesusfilm.org/watch/storyclubs-jairus-daughter/arabic-modern-standard,https://www.jesusfilm.org/watch/storyclubs-jairus-daughter.html/arabic-modern-standard.html
1_cl1304-0-0,VideoTitle.value,496,StoryClubs: La Fille de Jaïre ,StoryClubs: La Fille de Jaïre,leading-or-trailing-whitespace,false,true,LIVE,200,https://www.jesusfilm.org/watch/storyclubs-jairus-daughter/french,https://www.jesusfilm.org/watch/storyclubs-jairus-daughter.html/french.html
2_0-Invisible,VideoTitle.value,3934,Невидимый ,Невидимый,leading-or-trailing-whitespace,false,true,LIVE,200,https://www.jesusfilm.org/watch/invisible/russian,https://www.jesusfilm.org/watch/invisible.html/russian.html
2_0-Invisible,VideoTitle.value,6464,अदृश्य ,अदृश्य,leading-or-trailing-whitespace,false,true,LIVE,200,https://www.jesusfilm.org/watch/invisible/hindi,https://www.jesusfilm.org/watch/invisible.html/hindi.html
2_GOJ4935-0-0,VideoTitle.value,22658,"يسوع يعد بالروح القدس
",يسوع يعد بالروح القدس,leading-or-trailing-whitespace,false,true,LIVE,200,https://www.jesusfilm.org/watch/jesus-promises-the-holy-spirit/arabic-modern-standard,https://www.jesusfilm.org/watch/jesus-promises-the-holy-spirit.html/arabic-modern-standard.html
2_GOJ4935-0-0,VideoTitle.value,6464,यीशु पवित्र आत्मा की प्रतिज्ञा करता है ,यीशु पवित्र आत्मा की प्रतिज्ञा करता है,leading-or-trailing-whitespace,false,true,LIVE,200,https://www.jesusfilm.org/watch/jesus-promises-the-holy-spirit/hindi,https://www.jesusfilm.org/watch/jesus-promises-the-holy-spirit.html/hindi.html
1_wl604408-0-0,VideoTitle.value,3934,Мария Навещает Елизавету ,Мария Навещает Елизавету,leading-or-trailing-whitespace,false,true,LIVE,200,https://www.jesusfilm.org/watch/mary-visit-to-elizabeth/russian,https://www.jesusfilm.org/watch/mary-visit-to-elizabeth.html/russian.html
1_riv_05-0-0,VideoTitle.value,6464,पवन और कुएं ,पवन और कुएं,leading-or-trailing-whitespace,false,true,LIVE,200,https://www.jesusfilm.org/watch/the-wind-and-the-wells/hindi,https://www.jesusfilm.org/watch/the-wind-and-the-wells.html/hindi.html
1_wl7-0-0,VideoTitle.value,3934,Размышления о Надежде ,Размышления о Надежде,leading-or-trailing-whitespace,false,true,LIVE,200,https://www.jesusfilm.org/watch/reflections-of-hope/russian,https://www.jesusfilm.org/watch/reflections-of-hope.html/russian.html
1_wl7-0-0,VideoTitle.value,6464,आशा की परछाई ,आशा की परछाई,leading-or-trailing-whitespace,false,true,LIVE,200,https://www.jesusfilm.org/watch/reflections-of-hope/hindi,https://www.jesusfilm.org/watch/reflections-of-hope.html/hindi.html
2_Acts7309-0-0,VideoTitle.value,3804,의회 앞에 선 베드로와 요한 ,의회 앞에 선 베드로와 요한,leading-or-trailing-whitespace,false,true,LIVE,200,https://www.jesusfilm.org/watch/peter-and-john-before-the-sanhedrin/arabic-tunisian,https://www.jesusfilm.org/watch/peter-and-john-before-the-sanhedrin.html/arabic-tunisian.html
2_Acts7309-0-0,VideoTitle.value,3934, Петр и Иоанн предстают перед синедрионом,Петр и Иоанн предстают перед синедрионом,leading-or-trailing-whitespace,false,true,LIVE,200,https://www.jesusfilm.org/watch/peter-and-john-before-the-sanhedrin/russian,https://www.jesusfilm.org/watch/peter-and-john-before-the-sanhedrin.html/russian.html
2_Acts7309-0-0,VideoTitle.value,6464,महासभा के सामने पारस और यूहञा ,महासभा के सामने पारस और यूहञा,leading-or-trailing-whitespace,false,true,LIVE,200,https://www.jesusfilm.org/watch/peter-and-john-before-the-sanhedrin/arabic-tunisian,https://www.jesusfilm.org/watch/peter-and-john-before-the-sanhedrin.html/arabic-tunisian.html
7_0-nfs07,VideoTitle.value,21028,¿Qué hay de la iglesia? ,¿Qué hay de la iglesia?,leading-or-trailing-whitespace,false,true,LIVE,200,https://www.jesusfilm.org/watch/what-about-the-church-episode-7/vietnamese,https://www.jesusfilm.org/watch/what-about-the-church-episode-7.html/vietnamese.html
7_0-nfs07,VideoTitle.value,584,E a Igreja? ,E a Igreja?,leading-or-trailing-whitespace,false,true,LIVE,200,https://www.jesusfilm.org/watch/what-about-the-church-episode-7/portuguese-brazil,https://www.jesusfilm.org/watch/what-about-the-church-episode-7.html/portuguese-brazil.html
2_Acts7334-0-0,VideoTitle.value,3934, Служение на Кипре,Служение на Кипре,leading-or-trailing-whitespace,false,true,LIVE,200,https://www.jesusfilm.org/watch/ministry-on-cyprus/russian,https://www.jesusfilm.org/watch/ministry-on-cyprus.html/russian.html
2_Acts7334-0-0,VideoTitle.value,6464,साइप्रस में सेवा ,साइप्रस में सेवा,leading-or-trailing-whitespace,false,true,LIVE,200,https://www.jesusfilm.org/watch/ministry-on-cyprus/arabic-tunisian,https://www.jesusfilm.org/watch/ministry-on-cyprus.html/arabic-tunisian.html
3_0-40DWJ_32-0-0,VideoTitle.value,139485,يوم 32 : اخر عشاء ,يوم 32 : اخر عشاء,leading-or-trailing-whitespace,false,true,LIVE,200,https://www.jesusfilm.org/watch/day-32-last-supper/dari,https://www.jesusfilm.org/watch/day-32-last-supper.html/dari.html
3_0-40DWJ_32-0-0,VideoTitle.value,22658,يوم 32 : اخر عشاء ,يوم 32 : اخر عشاء,leading-or-trailing-whitespace,false,true,LIVE,200,https://www.jesusfilm.org/watch/day-32-last-supper/arabic-modern-standard,https://www.jesusfilm.org/watch/day-32-last-supper.html/arabic-modern-standard.html
1_cl1306-0-0,VideoTitle.value,1106,StoryClubs: Jesus stillt den Sturm ,StoryClubs: Jesus stillt den Sturm,leading-or-trailing-whitespace,false,true,LIVE,200,https://www.jesusfilm.org/watch/storyclubs-jesus-calms-the-storm/german-standard,https://www.jesusfilm.org/watch/storyclubs-jesus-calms-the-storm.html/german-standard.html
1_cl1306-0-0,VideoTitle.value,22658,"نادي القصة: يسوع يهدئ العاصفة

",نادي القصة: يسوع يهدئ العاصفة,leading-or-trailing-whitespace,false,true,LIVE,200,https://www.jesusfilm.org/watch/storyclubs-jesus-calms-the-storm/arabic-modern-standard,https://www.jesusfilm.org/watch/storyclubs-jesus-calms-the-storm.html/arabic-modern-standard.html
2_Acts7344-0-0,VideoTitle.value,3934, Обращение Лидии в Филиппах,Обращение Лидии в Филиппах,leading-or-trailing-whitespace,false,true,LIVE,200,https://www.jesusfilm.org/watch/lydia-conversion-in-philippi/russian,https://www.jesusfilm.org/watch/lydia-conversion-in-philippi.html/russian.html
2_Acts7344-0-0,VideoTitle.value,6464,फ़िलिप्पी में लुदिया का ह्रदय- परिवर्तन ,फ़िलिप्पी में लुदिया का ह्रदय- परिवर्तन,leading-or-trailing-whitespace,false,true,LIVE,200,https://www.jesusfilm.org/watch/lydia-conversion-in-philippi/arabic-tunisian,https://www.jesusfilm.org/watch/lydia-conversion-in-philippi.html/arabic-tunisian.html
2_Acts7320-0-0,VideoTitle.value,3934, Филипп в Самарии,Филипп в Самарии,leading-or-trailing-whitespace,false,true,LIVE,200,https://www.jesusfilm.org/watch/philip-in-samaria/russian,https://www.jesusfilm.org/watch/philip-in-samaria.html/russian.html
2_Acts7346-0-0,VideoTitle.value,3934, Беспорядки в Фессалонике,Беспорядки в Фессалонике,leading-or-trailing-whitespace,false,true,LIVE,200,https://www.jesusfilm.org/watch/riots-in-thessalonica/russian,https://www.jesusfilm.org/watch/riots-in-thessalonica.html/russian.html
2_Acts7346-0-0,VideoTitle.value,6464,थिस्सलुनीके में दंगे ,थिस्सलुनीके में दंगे,leading-or-trailing-whitespace,false,true,LIVE,200,https://www.jesusfilm.org/watch/riots-in-thessalonica/french,https://www.jesusfilm.org/watch/riots-in-thessalonica.html/french.html
2_Acts7341-0-0,VideoTitle.value,3934, Разногласие между Павлом и Варнавой,Разногласие между Павлом и Варнавой,leading-or-trailing-whitespace,false,true,LIVE,200,https://www.jesusfilm.org/watch/disagreement-between-paul-and-barnabas/russian,https://www.jesusfilm.org/watch/disagreement-between-paul-and-barnabas.html/russian.html
2_Acts7341-0-0,VideoTitle.value,6464,पौलुस और बरनबास में मतभेद ,पौलुस और बरनबास में मतभेद,leading-or-trailing-whitespace,false,true,LIVE,200,https://www.jesusfilm.org/watch/disagreement-between-paul-and-barnabas/french,https://www.jesusfilm.org/watch/disagreement-between-paul-and-barnabas.html/french.html
2_0-UseThisApp03,VideoTitle.value,3934,Видеть Возможности ,Видеть Возможности,leading-or-trailing-whitespace,false,true,LIVE,200,https://www.jesusfilm.org/watch/seeing-opportunities/russian,https://www.jesusfilm.org/watch/seeing-opportunities.html/russian.html
2_Acts7333-0-0,VideoTitle.value,3887,Sự Sai Đi của Phao-lô và Ba-na-ba ,Sự Sai Đi của Phao-lô và Ba-na-ba,leading-or-trailing-whitespace,false,true,LIVE,200,https://www.jesusfilm.org/watch/the-sending-of-barnabas-and-saul/mandarin-china,https://www.jesusfilm.org/watch/the-sending-of-barnabas-and-saul.html/mandarin-china.html
2_Acts7333-0-0,VideoTitle.value,3934, Рукоположение Варнавы и Савла на служение.,Рукоположение Варнавы и Савла на служение.,leading-or-trailing-whitespace,false,true,LIVE,200,https://www.jesusfilm.org/watch/the-sending-of-barnabas-and-saul/russian,https://www.jesusfilm.org/watch/the-sending-of-barnabas-and-saul.html/russian.html
2_Acts7333-0-0,VideoTitle.value,6464,बरनबास और शाऊल का भेजा जाना ,बरनबास और शाऊल का भेजा जाना,leading-or-trailing-whitespace,false,true,LIVE,200,https://www.jesusfilm.org/watch/the-sending-of-barnabas-and-saul/mandarin-china,https://www.jesusfilm.org/watch/the-sending-of-barnabas-and-saul.html/mandarin-china.html
7_0-nfs0701,VideoTitle.value,3934,Почему в церквях столько беспорядка? ,Почему в церквях столько беспорядка?,leading-or-trailing-whitespace,false,true,LIVE,200,https://www.jesusfilm.org/watch/71-why-are-churches-so-messed-up/russian,https://www.jesusfilm.org/watch/71-why-are-churches-so-messed-up.html/russian.html
2_Acts7301-0-0,VideoTitle.value,3934, Первое знакомство с Лукой,Первое знакомство с Лукой,leading-or-trailing-whitespace,false,true,LIVE,200,https://www.jesusfilm.org/watch/introduction-of-luke/russian,https://www.jesusfilm.org/watch/introduction-of-luke.html/russian.html
2_Acts7301-0-0,VideoTitle.value,6464,लूका का परिचय ,लूका का परिचय,leading-or-trailing-whitespace,false,true,LIVE,200,https://www.jesusfilm.org/watch/introduction-of-luke/mandarin-china,https://www.jesusfilm.org/watch/introduction-of-luke.html/mandarin-china.html
2_0-Coffee-Shop,VideoTitle.value,407,کافی کی دوکان ,کافی کی دوکان,leading-or-trailing-whitespace,false,true,LIVE,200,https://www.jesusfilm.org/watch/coffee-shop/english,https://www.jesusfilm.org/watch/coffee-shop.html/english.html
2_Acts7363-0-0,VideoTitle.value,3934, Павла переправляют в Кесарию.,Павла переправляют в Кесарию.,leading-or-trailing-whitespace,false,true,LIVE,200,https://www.jesusfilm.org/watch/paul-transferred-to-caesarea/russian,https://www.jesusfilm.org/watch/paul-transferred-to-caesarea.html/russian.html
2_Acts7342-0-0,VideoTitle.value,3934, Тимофей присоединяется к Павлу и Силе,Тимофей присоединяется к Павлу и Силе,leading-or-trailing-whitespace,false,true,LIVE,200,https://www.jesusfilm.org/watch/timothy-joins-paul-and-silas/russian,https://www.jesusfilm.org/watch/timothy-joins-paul-and-silas.html/russian.html
2_Acts7342-0-0,VideoTitle.value,6464,पौलुस और सीलास का तीमुथियुस को साथ लेना ,पौलुस और सीलास का तीमुथियुस को साथ लेना,leading-or-trailing-whitespace,false,true,LIVE,200,https://www.jesusfilm.org/watch/timothy-joins-paul-and-silas/tamazight-central-atlas,https://www.jesusfilm.org/watch/timothy-joins-paul-and-silas.html/tamazight-central-atlas.html
2_Acts7342-0-0,VideoTitle.value,6788,پیوستن تیموتائوس به پولس و سیلاس ,پیوستن تیموتائوس به پولس و سیلاس,leading-or-trailing-whitespace,false,true,LIVE,200,https://www.jesusfilm.org/watch/timothy-joins-paul-and-silas/tamazight-central-atlas,https://www.jesusfilm.org/watch/timothy-joins-paul-and-silas.html/tamazight-central-atlas.html
7_0-nfs0201,VideoTitle.value,3934,"Является ли Иисус таким, как Он о Себе говорил? ","Является ли Иисус таким, как Он о Себе говорил?",leading-or-trailing-whitespace,false,true,LIVE,200,https://www.jesusfilm.org/watch/21-was-jesus-the-real-deal/russian,https://www.jesusfilm.org/watch/21-was-jesus-the-real-deal.html/russian.html
7_0-nfs0201,VideoTitle.value,496,Existe T-il Des Preuves Solides Sur La Vie De Jésus? ,Existe T-il Des Preuves Solides Sur La Vie De Jésus?,leading-or-trailing-whitespace,false,true,LIVE,200,https://www.jesusfilm.org/watch/21-was-jesus-the-real-deal/french,https://www.jesusfilm.org/watch/21-was-jesus-the-real-deal.html/french.html
7_0-nfs10,VideoTitle.value,3934,Как я могу рассказать другим? ,Как я могу рассказать другим?,leading-or-trailing-whitespace,false,true,LIVE,200,https://www.jesusfilm.org/watch/how-can-i-tell-others-episode-10/russian,https://www.jesusfilm.org/watch/how-can-i-tell-others-episode-10.html/russian.html
7_0-nfs06,VideoTitle.value,21028,¿Dios es bueno? ,¿Dios es bueno?,leading-or-trailing-whitespace,false,true,LIVE,200,https://www.jesusfilm.org/watch/is-god-good-episode-6/hindi,https://www.jesusfilm.org/watch/is-god-good-episode-6.html/hindi.html
7_0-nfs06,VideoTitle.value,496,Comment Peux-tu Soutenir Que Dieu Est Bon? ,Comment Peux-tu Soutenir Que Dieu Est Bon?,leading-or-trailing-whitespace,false,true,LIVE,200,https://www.jesusfilm.org/watch/is-god-good-episode-6/french,https://www.jesusfilm.org/watch/is-god-good-episode-6.html/french.html
2_Acts7312-0-0,VideoTitle.value,6464,हनन्याह और सफीरा ,हनन्याह और सफीरा,leading-or-trailing-whitespace,false,true,LIVE,200,https://www.jesusfilm.org/watch/ananias-and-sapphira/english,https://www.jesusfilm.org/watch/ananias-and-sapphira.html/english.html
7_0-nfs0801,VideoTitle.value,496,Quel Impact Est-ce Que Jésus Peut Avoir Sur Ma Vie? ,Quel Impact Est-ce Que Jésus Peut Avoir Sur Ma Vie?,leading-or-trailing-whitespace,false,true,LIVE,200,https://www.jesusfilm.org/watch/81-can-jesus-affect-my-life/french,https://www.jesusfilm.org/watch/81-can-jesus-affect-my-life.html/french.html
2_GOJ4901-0-0,VideoTitle.value,1106,"Gottes Wort wird Fleisch
",Gottes Wort wird Fleisch,leading-or-trailing-whitespace,false,true,LIVE,200,https://www.jesusfilm.org/watch/god-word-becomes-flesh/german-standard,https://www.jesusfilm.org/watch/god-word-becomes-flesh.html/german-standard.html
2_GOJ4915-0-0,VideoTitle.value,1106,"Auf dem Wasser gehen
",Auf dem Wasser gehen,leading-or-trailing-whitespace,false,true,LIVE,200,https://www.jesusfilm.org/watch/sea-walking/german-standard,https://www.jesusfilm.org/watch/sea-walking.html/german-standard.html
2_GOJ4915-0-0,VideoTitle.value,407,سمندر پر چلنا ,سمندر پر چلنا,leading-or-trailing-whitespace,false,true,LIVE,200,https://www.jesusfilm.org/watch/sea-walking/urdu,https://www.jesusfilm.org/watch/sea-walking.html/urdu.html
2_GOJ4915-0-0,VideoTitle.value,6464,पानी पर चलना ,पानी पर चलना,leading-or-trailing-whitespace,false,true,LIVE,200,https://www.jesusfilm.org/watch/sea-walking/hindi,https://www.jesusfilm.org/watch/sea-walking.html/hindi.html
2_Acts-0-0,VideoTitle.value,1106,Apostelgeschichte ,Apostelgeschichte,leading-or-trailing-whitespace,false,true,LIVE,200,https://www.jesusfilm.org/watch/book-of-acts/arabic-tunisian,https://www.jesusfilm.org/watch/book-of-acts.html/arabic-tunisian.html
2_Acts-0-0,VideoTitle.value,6464,प्रेरितों  के काम की पुस्तक ,प्रेरितों के काम की पुस्तक,leading-or-trailing-whitespace,false,true,LIVE,200,https://www.jesusfilm.org/watch/book-of-acts/arabic-tunisian,https://www.jesusfilm.org/watch/book-of-acts.html/arabic-tunisian.html
1_jf-0-0,VideoTitle.value,6464,यीशु ,यीशु,leading-or-trailing-whitespace,false,true,LIVE,200,https://www.jesusfilm.org/watch/jesus/hindi,https://www.jesusfilm.org/watch/jesus.html/hindi.html
2_Acts7336-0-0,VideoTitle.value,1106,Paulus und Barnabas predigen in Iconium ,Paulus und Barnabas predigen in Iconium,leading-or-trailing-whitespace,false,true,LIVE,200,https://www.jesusfilm.org/watch/paul-barnabas-preach-in-iconium/arabic-tunisian,https://www.jesusfilm.org/watch/paul-barnabas-preach-in-iconium.html/arabic-tunisian.html
2_Acts7336-0-0,VideoTitle.value,3934, Павел и Варнава благовествуют в Иконии,Павел и Варнава благовествуют в Иконии,leading-or-trailing-whitespace,false,true,LIVE,200,https://www.jesusfilm.org/watch/paul-barnabas-preach-in-iconium/russian,https://www.jesusfilm.org/watch/paul-barnabas-preach-in-iconium.html/russian.html
2_Acts7336-0-0,VideoTitle.value,6464,इकुनियुम में पौलुस और बरनाबास ,इकुनियुम में पौलुस और बरनाबास,leading-or-trailing-whitespace,false,true,LIVE,200,https://www.jesusfilm.org/watch/paul-barnabas-preach-in-iconium/arabic-tunisian,https://www.jesusfilm.org/watch/paul-barnabas-preach-in-iconium.html/arabic-tunisian.html
2_Acts7307-0-0,VideoTitle.value,3934, Петр исцеляет хромого,Петр исцеляет хромого,leading-or-trailing-whitespace,false,true,LIVE,200,https://www.jesusfilm.org/watch/peter-heals-a-lame-beggar/russian,https://www.jesusfilm.org/watch/peter-heals-a-lame-beggar.html/russian.html
2_Acts7307-0-0,VideoTitle.value,6464,पतरस ने एक लंगड़े भिखारी को चंगा किया ,पतरस ने एक लंगड़े भिखारी को चंगा किया,leading-or-trailing-whitespace,false,true,LIVE,200,https://www.jesusfilm.org/watch/peter-heals-a-lame-beggar/mandarin-china,https://www.jesusfilm.org/watch/peter-heals-a-lame-beggar.html/mandarin-china.html
2_Acts7302-0-0,VideoTitle.value,3934, Вознесение Иисуса,Вознесение Иисуса,leading-or-trailing-whitespace,false,true,LIVE,200,https://www.jesusfilm.org/watch/jesus-taken-up-into-heaven/russian,https://www.jesusfilm.org/watch/jesus-taken-up-into-heaven.html/russian.html
7_0-nfs03,VideoTitle.value,21028,¿Jesús realmente venció la muerte? ,¿Jesús realmente venció la muerte?,leading-or-trailing-whitespace,false,true,LIVE,200,https://www.jesusfilm.org/watch/did-jesus-defeat-death-episode-3/hindi,https://www.jesusfilm.org/watch/did-jesus-defeat-death-episode-3.html/hindi.html
1_jf6122-0-0,VideoTitle.value,1106,"Petrus verkündet, Jesus ist Christus ","Petrus verkündet, Jesus ist Christus",leading-or-trailing-whitespace,false,true,LIVE,200,https://www.jesusfilm.org/watch/peter-declares-jesus-to-be-the-christ/german-standard,https://www.jesusfilm.org/watch/peter-declares-jesus-to-be-the-christ.html/german-standard.html
2_GOJ4906-0-0,VideoTitle.value,1106,"Das Gespräch mit Nikodemus
",Das Gespräch mit Nikodemus,leading-or-trailing-whitespace,false,true,LIVE,200,https://www.jesusfilm.org/watch/talk-with-nicodemus/german-standard,https://www.jesusfilm.org/watch/talk-with-nicodemus.html/german-standard.html
2_GOJ4906-0-0,VideoTitle.value,3934,Беседа с Никодимом ,Беседа с Никодимом,leading-or-trailing-whitespace,false,true,LIVE,200,https://www.jesusfilm.org/watch/talk-with-nicodemus/russian,https://www.jesusfilm.org/watch/talk-with-nicodemus.html/russian.html
2_GOJ4906-0-0,VideoTitle.value,407,نکیدمس کی گواہی ,نکیدمس کی گواہی,leading-or-trailing-whitespace,false,true,LIVE,200,https://www.jesusfilm.org/watch/talk-with-nicodemus/urdu,https://www.jesusfilm.org/watch/talk-with-nicodemus.html/urdu.html
2_GOJ4906-0-0,VideoTitle.value,6464,नीकुदेमुस से बातचीत ,नीकुदेमुस से बातचीत,leading-or-trailing-whitespace,false,true,LIVE,200,https://www.jesusfilm.org/watch/talk-with-nicodemus/hindi,https://www.jesusfilm.org/watch/talk-with-nicodemus.html/hindi.html
2_GOJ4904-0-0,VideoTitle.value,496,Les Noces de Cana ,Les Noces de Cana,leading-or-trailing-whitespace,false,true,LIVE,200,https://www.jesusfilm.org/watch/wedding-in-cana/french,https://www.jesusfilm.org/watch/wedding-in-cana.html/french.html
2_GOJ4904-0-0,VideoTitle.value,6464,काना में विवाह ,काना में विवाह,leading-or-trailing-whitespace,false,true,LIVE,200,https://www.jesusfilm.org/watch/wedding-in-cana/hindi,https://www.jesusfilm.org/watch/wedding-in-cana.html/hindi.html
11_Sermon0710,VideoTitle.value,6788,دعای ربانی ,دعای ربانی,leading-or-trailing-whitespace,false,true,LIVE,200,https://www.jesusfilm.org/watch/the-lord-prayer-bp/french,https://www.jesusfilm.org/watch/the-lord-prayer-bp.html/french.html
1_wl604409-0-0,VideoTitle.value,3934,Реакция Иосифа ,Реакция Иосифа,leading-or-trailing-whitespace,false,true,LIVE,200,https://www.jesusfilm.org/watch/joseph-response/russian,https://www.jesusfilm.org/watch/joseph-response.html/russian.html
1_wl604409-0-0,VideoTitle.value,407,مقدس یوسف کا ردِعمل ,مقدس یوسف کا ردِعمل,leading-or-trailing-whitespace,false,true,LIVE,200,https://www.jesusfilm.org/watch/joseph-response/urdu,https://www.jesusfilm.org/watch/joseph-response.html/urdu.html
2_Acts7304-0-0,VideoTitle.value,6464,पवित्र आत्मा पिन्तेकुस्त में आता है ,पवित्र आत्मा पिन्तेकुस्त में आता है,leading-or-trailing-whitespace,false,true,LIVE,200,https://www.jesusfilm.org/watch/the-holy-spirit-comes-at-pentecost/arabic-tunisian,https://www.jesusfilm.org/watch/the-holy-spirit-comes-at-pentecost.html/arabic-tunisian.html
1_cl1310-0-0,VideoTitle.value,1106,"StoryClubs: Die Gabe der Witwe
",StoryClubs: Die Gabe der Witwe,leading-or-trailing-whitespace,false,true,LIVE,200,https://www.jesusfilm.org/watch/storyclubs-a-widow-offering/german-standard,https://www.jesusfilm.org/watch/storyclubs-a-widow-offering.html/german-standard.html
1_cl1310-0-0,VideoTitle.value,22658,"نادي القصة: تقدمة الأرملة

",نادي القصة: تقدمة الأرملة,leading-or-trailing-whitespace,false,true,LIVE,200,https://www.jesusfilm.org/watch/storyclubs-a-widow-offering/arabic-modern-standard,https://www.jesusfilm.org/watch/storyclubs-a-widow-offering.html/arabic-modern-standard.html
1_cl1310-0-0,VideoTitle.value,3887,StoryClubs: Phần Dâng Của Người Đàn Bà Góa ,StoryClubs: Phần Dâng Của Người Đàn Bà Góa,leading-or-trailing-whitespace,false,true,LIVE,200,https://www.jesusfilm.org/watch/storyclubs-a-widow-offering/vietnamese,https://www.jesusfilm.org/watch/storyclubs-a-widow-offering.html/vietnamese.html
1_cl1310-0-0,VideoTitle.value,6464, कहानीसंग : एक विधवा की दान ,कहानीसंग : एक विधवा की दान,leading-or-trailing-whitespace,false,true,LIVE,200,https://www.jesusfilm.org/watch/storyclubs-a-widow-offering/hindi,https://www.jesusfilm.org/watch/storyclubs-a-widow-offering.html/hindi.html
2_Acts7310-0-0,VideoTitle.value,3934, Молитва верующих,Молитва верующих,leading-or-trailing-whitespace,false,true,LIVE,200,https://www.jesusfilm.org/watch/the-believers-pray/russian,https://www.jesusfilm.org/watch/the-believers-pray.html/russian.html
3_0-40DWJ_24-0-0,VideoTitle.value,407,دن 24: بادشاہی کے لوگوں ,دن 24: بادشاہی کے لوگوں,leading-or-trailing-whitespace,false,true,LIVE,200,https://www.jesusfilm.org/watch/day-24-kingdom-people/urdu,https://www.jesusfilm.org/watch/day-24-kingdom-people.html/urdu.html
2_Acts7362-0-0,VideoTitle.value,3934, Сговор об убийстве Павла,Сговор об убийстве Павла,leading-or-trailing-whitespace,false,true,LIVE,200,https://www.jesusfilm.org/watch/the-plot-to-kill-paul/russian,https://www.jesusfilm.org/watch/the-plot-to-kill-paul.html/russian.html
2_Acts7362-0-0,VideoTitle.value,6464,पौलुस की हत्या की साज़िश ,पौलुस की हत्या की साज़िश,leading-or-trailing-whitespace,false,true,LIVE,200,https://www.jesusfilm.org/watch/the-plot-to-kill-paul/arabic-tunisian,https://www.jesusfilm.org/watch/the-plot-to-kill-paul.html/arabic-tunisian.html
2_GOJ4902-0-0,VideoTitle.value,3934,Свидетельство Иоанна Крестителя ,Свидетельство Иоанна Крестителя,leading-or-trailing-whitespace,false,true,LIVE,200,https://www.jesusfilm.org/watch/testimony-of-john-the-baptist/russian,https://www.jesusfilm.org/watch/testimony-of-john-the-baptist.html/russian.html
2_GOJ4902-0-0,VideoTitle.value,6464,यूहना बपतिस्मा देनेवाले की गवाही ,यूहना बपतिस्मा देनेवाले की गवाही,leading-or-trailing-whitespace,false,true,LIVE,200,https://www.jesusfilm.org/watch/testimony-of-john-the-baptist/hindi,https://www.jesusfilm.org/watch/testimony-of-john-the-baptist.html/hindi.html
2_GOJ4921-0-0,VideoTitle.value,407,آپ کون ہیں ,آپ کون ہیں,leading-or-trailing-whitespace,false,true,LIVE,200,https://www.jesusfilm.org/watch/who-are-you/urdu,https://www.jesusfilm.org/watch/who-are-you.html/urdu.html
2_GOJ4921-0-0,VideoTitle.value,6464,आप कौन हो? ,आप कौन हो?,leading-or-trailing-whitespace,false,true,LIVE,200,https://www.jesusfilm.org/watch/who-are-you/hindi,https://www.jesusfilm.org/watch/who-are-you.html/hindi.html
2_Acts7355-0-0,VideoTitle.value,3934, Прощание Павла со старейшинами в Ефесе.,Прощание Павла со старейшинами в Ефесе.,leading-or-trailing-whitespace,false,true,LIVE,200,https://www.jesusfilm.org/watch/paul-farewell-to-the-ephesian-elders/russian,https://www.jesusfilm.org/watch/paul-farewell-to-the-ephesian-elders.html/russian.html
2_Acts7355-0-0,VideoTitle.value,6464,इफिसुस बुजुर्गों के लिए पौलुस की विदाई ,इफिसुस बुजुर्गों के लिए पौलुस की विदाई,leading-or-trailing-whitespace,false,true,LIVE,200,https://www.jesusfilm.org/watch/paul-farewell-to-the-ephesian-elders/arabic-modern-standard,https://www.jesusfilm.org/watch/paul-farewell-to-the-ephesian-elders.html/arabic-modern-standard.html
2_GOJ4939-0-0,VideoTitle.value,6464,दुःख सुख में बदल जाएगा! ,दुःख सुख में बदल जाएगा!,leading-or-trailing-whitespace,false,true,LIVE,200,https://www.jesusfilm.org/watch/grief-will-turn-to-joy/hindi,https://www.jesusfilm.org/watch/grief-will-turn-to-joy.html/hindi.html
2_GOJ4941-0-0,VideoTitle.value,6464,यीशु का गिरफ़्तार करना और पतरस का इनकार ,यीशु का गिरफ़्तार करना और पतरस का इनकार,leading-or-trailing-whitespace,false,true,LIVE,200,https://www.jesusfilm.org/watch/the-arrest-of-jesus-and-peter-denial/hindi,https://www.jesusfilm.org/watch/the-arrest-of-jesus-and-peter-denial.html/hindi.html
1_jf6139-0-0,VideoTitle.value,6464,अन्नास यीशु के प्रभुत्व पर सवाल करता है ,अन्नास यीशु के प्रभुत्व पर सवाल करता है,leading-or-trailing-whitespace,false,true,LIVE,200,https://www.jesusfilm.org/watch/annas-questions-jesus-authority/hindi,https://www.jesusfilm.org/watch/annas-questions-jesus-authority.html/hindi.html
2_Acts7303-0-0,VideoTitle.value,3934, Избрание Матфия вместо Иуды,Избрание Матфия вместо Иуды,leading-or-trailing-whitespace,false,true,LIVE,200,https://www.jesusfilm.org/watch/matthias-chosen-to-replace-judas/russian,https://www.jesusfilm.org/watch/matthias-chosen-to-replace-judas.html/russian.html
2_Acts7347-0-0,VideoTitle.value,3934, Благомысленные верийцы,Благомысленные верийцы,leading-or-trailing-whitespace,false,true,LIVE,200,https://www.jesusfilm.org/watch/the-noble-bereans/russian,https://www.jesusfilm.org/watch/the-noble-bereans.html/russian.html
2_Acts7347-0-0,VideoTitle.value,6464,बिरीया नगर में ,बिरीया नगर में,leading-or-trailing-whitespace,false,true,LIVE,200,https://www.jesusfilm.org/watch/the-noble-bereans/french,https://www.jesusfilm.org/watch/the-noble-bereans.html/french.html
1_cl1311-0-0,VideoTitle.value,22658,"نادي القصة: العشاء الأخير

",نادي القصة: العشاء الأخير,leading-or-trailing-whitespace,false,true,LIVE,200,https://www.jesusfilm.org/watch/storyclubs-the-last-supper/arabic-modern-standard,https://www.jesusfilm.org/watch/storyclubs-the-last-supper.html/arabic-modern-standard.html
1_cl1311-0-0,VideoTitle.value,3934,КлубИсторий: Тайная Вечерия ,КлубИсторий: Тайная Вечерия,leading-or-trailing-whitespace,false,true,LIVE,200,https://www.jesusfilm.org/watch/storyclubs-the-last-supper/russian,https://www.jesusfilm.org/watch/storyclubs-the-last-supper.html/russian.html
1_cl1311-0-0,VideoTitle.value,6464,कहानीसंग  : अंतिम भोज ,कहानीसंग : अंतिम भोज,leading-or-trailing-whitespace,false,true,LIVE,200,https://www.jesusfilm.org/watch/storyclubs-the-last-supper/hindi,https://www.jesusfilm.org/watch/storyclubs-the-last-supper.html/hindi.html
2_Acts7332-0-0,VideoTitle.value,3934, Смерть Ирода,Смерть Ирода,leading-or-trailing-whitespace,false,true,LIVE,200,https://www.jesusfilm.org/watch/herod-death/russian,https://www.jesusfilm.org/watch/herod-death.html/russian.html
2_Acts7332-0-0,VideoTitle.value,6464,हेरोदेस की मृत्यु ,हेरोदेस की मृत्यु,leading-or-trailing-whitespace,false,true,LIVE,200,https://www.jesusfilm.org/watch/herod-death/mandarin-china,https://www.jesusfilm.org/watch/herod-death.html/mandarin-china.html
2_Acts7366-0-0,VideoTitle.value,3934, Фест просит совета у царя Агриппы,Фест просит совета у царя Агриппы,leading-or-trailing-whitespace,false,true,LIVE,200,https://www.jesusfilm.org/watch/festus-consults-king-agrippa/russian,https://www.jesusfilm.org/watch/festus-consults-king-agrippa.html/russian.html
2_0-UseThisApp04,VideoTitle.value,6464,जब आप जुड़े नही होते है तब भी जुड़े रहें ,जब आप जुड़े नही होते है तब भी जुड़े रहें,leading-or-trailing-whitespace,false,true,LIVE,200,https://www.jesusfilm.org/watch/be-connected-even-when-you-re-not-connected/hindi,https://www.jesusfilm.org/watch/be-connected-even-when-you-re-not-connected.html/hindi.html
2_0-UseThisApp,VideoTitle.value,3934,Используй Приложение и Делись Историей Иисуса ,Используй Приложение и Делись Историей Иисуса,leading-or-trailing-whitespace,false,true,LIVE,200,https://www.jesusfilm.org/watch/use-this-app-to-share-the-story-of-jesus/russian,https://www.jesusfilm.org/watch/use-this-app-to-share-the-story-of-jesus.html/russian.html
2_0-UseThisApp,VideoTitle.value,496,"Utilisez cet App Pour Partager the Story of Jesus
 
",Utilisez cet App Pour Partager the Story of Jesus,leading-or-trailing-whitespace,false,true,LIVE,200,https://www.jesusfilm.org/watch/use-this-app-to-share-the-story-of-jesus/french,https://www.jesusfilm.org/watch/use-this-app-to-share-the-story-of-jesus.html/french.html
2_Acts7360-0-0,VideoTitle.value,3934, Павел – римский гражданин,Павел – римский гражданин,leading-or-trailing-whitespace,false,true,LIVE,200,https://www.jesusfilm.org/watch/paul-the-roman-citizen/russian,https://www.jesusfilm.org/watch/paul-the-roman-citizen.html/russian.html
2_Acts7360-0-0,VideoTitle.value,6464,पौलुस रोमन नागरिक ,पौलुस रोमन नागरिक,leading-or-trailing-whitespace,false,true,LIVE,200,https://www.jesusfilm.org/watch/paul-the-roman-citizen/spanish-latin-american,https://www.jesusfilm.org/watch/paul-the-roman-citizen.html/spanish-latin-american.html
2_Acts7367-0-0,VideoTitle.value,3934, Павел пред Агриппой,Павел пред Агриппой,leading-or-trailing-whitespace,false,true,LIVE,200,https://www.jesusfilm.org/watch/paul-before-agrippa/russian,https://www.jesusfilm.org/watch/paul-before-agrippa.html/russian.html
2_Acts7367-0-0,VideoTitle.value,6464,अग्रिप्पा से पहले पौलुस ,अग्रिप्पा से पहले पौलुस,leading-or-trailing-whitespace,false,true,LIVE,200,https://www.jesusfilm.org/watch/paul-before-agrippa/tamazight-central-atlas,https://www.jesusfilm.org/watch/paul-before-agrippa.html/tamazight-central-atlas.html
2_Acts7314-0-0,VideoTitle.value,3934, Преследование апостолов,Преследование апостолов,leading-or-trailing-whitespace,false,true,LIVE,200,https://www.jesusfilm.org/watch/the-apostles-persecuted/russian,https://www.jesusfilm.org/watch/the-apostles-persecuted.html/russian.html
2_Acts7314-0-0,VideoTitle.value,6464,प्रेरितों का सताया जाना ,प्रेरितों का सताया जाना,leading-or-trailing-whitespace,false,true,LIVE,200,https://www.jesusfilm.org/watch/the-apostles-persecuted/arabic-tunisian,https://www.jesusfilm.org/watch/the-apostles-persecuted.html/arabic-tunisian.html
2_0-Rent-Check,VideoTitle.value,6788,چک اجاره ,چک اجاره,leading-or-trailing-whitespace,false,true,LIVE,200,https://www.jesusfilm.org/watch/the-rent-check/english,https://www.jesusfilm.org/watch/the-rent-check.html/english.html
2_GOJ4926-0-0,VideoTitle.value,3804,"당신이 메시아입니까?
",당신이 메시아입니까?,leading-or-trailing-whitespace,false,true,LIVE,200,https://www.jesusfilm.org/watch/are-you-messiah/bangla-muslim,https://www.jesusfilm.org/watch/are-you-messiah.html/bangla-muslim.html
2_0-Waiting-Alchemist,VideoTitle.value,407,Alchemist کا انتظار ,Alchemist کا انتظار,leading-or-trailing-whitespace,false,true,LIVE,200,https://www.jesusfilm.org/watch/waiting-on-the-alchemist/arabic-modern-standard,https://www.jesusfilm.org/watch/waiting-on-the-alchemist.html/arabic-modern-standard.html
2_Acts7338-0-0,VideoTitle.value,3934, Возвращение в Антиохию и Сирию,Возвращение в Антиохию и Сирию,leading-or-trailing-whitespace,false,true,LIVE,200,https://www.jesusfilm.org/watch/the-return-to-antioch-in-syria/russian,https://www.jesusfilm.org/watch/the-return-to-antioch-in-syria.html/russian.html
2_Acts7338-0-0,VideoTitle.value,6464,सीरिया के अन्ताकिया को लौटना ,सीरिया के अन्ताकिया को लौटना,leading-or-trailing-whitespace,false,true,LIVE,200,https://www.jesusfilm.org/watch/the-return-to-antioch-in-syria/tamazight-central-atlas,https://www.jesusfilm.org/watch/the-return-to-antioch-in-syria.html/tamazight-central-atlas.html
2_Acts7338-0-0,VideoTitle.value,7083,　　,,leading-or-trailing-whitespace,false,true,LIVE,200,https://www.jesusfilm.org/watch/the-return-to-antioch-in-syria/tamazight-central-atlas,https://www.jesusfilm.org/watch/the-return-to-antioch-in-syria.html/tamazight-central-atlas.html
2_Acts7326-0-0,VideoTitle.value,3934, Корнилий видит ангела,Корнилий видит ангела,leading-or-trailing-whitespace,false,true,LIVE,200,https://www.jesusfilm.org/watch/cornelius-sees-an-angel/russian,https://www.jesusfilm.org/watch/cornelius-sees-an-angel.html/russian.html
2_Acts7326-0-0,VideoTitle.value,6464,कुरनेलियुस स्वर्गदूत को देखता है ,कुरनेलियुस स्वर्गदूत को देखता है,leading-or-trailing-whitespace,false,true,LIVE,200,https://www.jesusfilm.org/watch/cornelius-sees-an-angel/french,https://www.jesusfilm.org/watch/cornelius-sees-an-angel.html/french.html
2_Acts7343-0-0,VideoTitle.value,3934, Видение Павла — человек из Македонии,Видение Павла — человек из Македонии,leading-or-trailing-whitespace,false,true,LIVE,200,https://www.jesusfilm.org/watch/paul-vision-of-the-man-of-macedonia/russian,https://www.jesusfilm.org/watch/paul-vision-of-the-man-of-macedonia.html/russian.html
2_Acts7343-0-0,VideoTitle.value,6464,पौलुस का दर्शन मकिदुनिया के पुरुष के लिए ,पौलुस का दर्शन मकिदुनिया के पुरुष के लिए,leading-or-trailing-whitespace,false,true,LIVE,200,https://www.jesusfilm.org/watch/paul-vision-of-the-man-of-macedonia/arabic-tunisian,https://www.jesusfilm.org/watch/paul-vision-of-the-man-of-macedonia.html/arabic-tunisian.html
2_Acts7311-0-0,VideoTitle.value,6464,विश्वासियों कि अपनी सम्पत्ति को साझा करना ,विश्वासियों कि अपनी सम्पत्ति को साझा करना,leading-or-trailing-whitespace,false,true,LIVE,200,https://www.jesusfilm.org/watch/the-believers-share-their-possessions/tamazight-central-atlas,https://www.jesusfilm.org/watch/the-believers-share-their-possessions.html/tamazight-central-atlas.html
2_GOJ4929-0-0,VideoTitle.value,496,Lazare Ressuscite ,Lazare Ressuscite,leading-or-trailing-whitespace,false,true,LIVE,200,https://www.jesusfilm.org/watch/lazarus-rises/french,https://www.jesusfilm.org/watch/lazarus-rises.html/french.html
2_GOJ4929-0-0,VideoTitle.value,6464,लाजर का जी उठना ,लाजर का जी उठना,leading-or-trailing-whitespace,false,true,LIVE,200,https://www.jesusfilm.org/watch/lazarus-rises/hindi,https://www.jesusfilm.org/watch/lazarus-rises.html/hindi.html
2_GOJ4929-0-0,VideoTitle.value,6788,زنده شدن ایلعازر ,زنده شدن ایلعازر,leading-or-trailing-whitespace,false,true,LIVE,200,https://www.jesusfilm.org/watch/lazarus-rises/farsi-western,https://www.jesusfilm.org/watch/lazarus-rises.html/farsi-western.html
2_GOJ4940-0-0,VideoTitle.value,3934,Иисус Молится о Прославлении ,Иисус Молится о Прославлении,leading-or-trailing-whitespace,false,true,LIVE,200,https://www.jesusfilm.org/watch/jesus-prays-to-be-glorified/russian,https://www.jesusfilm.org/watch/jesus-prays-to-be-glorified.html/russian.html
2_GOJ4940-0-0,VideoTitle.value,6464,यीशु महिमा की प्रार्थना करता है ,यीशु महिमा की प्रार्थना करता है,leading-or-trailing-whitespace,false,true,LIVE,200,https://www.jesusfilm.org/watch/jesus-prays-to-be-glorified/hindi,https://www.jesusfilm.org/watch/jesus-prays-to-be-glorified.html/hindi.html
2_0-Tarek,VideoTitle.value,3934,Тарек ,Тарек,leading-or-trailing-whitespace,false,true,LIVE,200,https://www.jesusfilm.org/watch/tarek/russian,https://www.jesusfilm.org/watch/tarek.html/russian.html
2_FileZero04-0-0,VideoTitle.value,1942,"Bölüm 4
",Bölüm 4,leading-or-trailing-whitespace,false,true,LIVE,200,https://www.jesusfilm.org/watch/episode-4/cantonese,https://www.jesusfilm.org/watch/episode-4.html/cantonese.html
2_FileZero04-0-0,VideoTitle.value,21753,第4集 ,第4集,leading-or-trailing-whitespace,false,true,LIVE,200,https://www.jesusfilm.org/watch/episode-4/cantonese,https://www.jesusfilm.org/watch/episode-4.html/cantonese.html
2_FileZero04-0-0,VideoTitle.value,22658,"الحلقة 4
",الحلقة 4,leading-or-trailing-whitespace,false,true,LIVE,200,https://www.jesusfilm.org/watch/episode-4/cantonese,https://www.jesusfilm.org/watch/episode-4.html/cantonese.html
2_Acts7330-0-0,VideoTitle.value,3934, Церковь в Антиохии,Церковь в Антиохии,leading-or-trailing-whitespace,false,true,LIVE,200,https://www.jesusfilm.org/watch/the-church-in-antioch/russian,https://www.jesusfilm.org/watch/the-church-in-antioch.html/russian.html
2_Acts7330-0-0,VideoTitle.value,6464,अन्ताकिया की कलीसिया ,अन्ताकिया की कलीसिया,leading-or-trailing-whitespace,false,true,LIVE,200,https://www.jesusfilm.org/watch/the-church-in-antioch/portuguese-brazil,https://www.jesusfilm.org/watch/the-church-in-antioch.html/portuguese-brazil.html
2_0-Uninvited,VideoTitle.value,1106,Ungebetene Gäste ,Ungebetene Gäste,leading-or-trailing-whitespace,false,true,LIVE,200,https://www.jesusfilm.org/watch/uninvited-guests/english,https://www.jesusfilm.org/watch/uninvited-guests.html/english.html
2_0-Uninvited,VideoTitle.value,6464,बिन बुलाए मेहमान ,बिन बुलाए मेहमान,leading-or-trailing-whitespace,false,true,LIVE,200,https://www.jesusfilm.org/watch/uninvited-guests/english,https://www.jesusfilm.org/watch/uninvited-guests.html/english.html
2_0-Ctrl-Z,VideoTitle.value,6930,קונטרול זי או רשות ז או בקרה ז ,קונטרול זי או רשות ז או בקרה ז,leading-or-trailing-whitespace,false,true,LIVE,200,https://www.jesusfilm.org/watch/ctrl-z/german-standard,https://www.jesusfilm.org/watch/ctrl-z.html/german-standard.html
2_Acts7353-0-0,VideoTitle.value,3934, В Македонии и Греции,В Македонии и Греции,leading-or-trailing-whitespace,false,true,LIVE,200,https://www.jesusfilm.org/watch/through-macedonia-and-greece/russian,https://www.jesusfilm.org/watch/through-macedonia-and-greece.html/russian.html
2_Acts7353-0-0,VideoTitle.value,6464,मकिदुनिया और यूनान जाना ,मकिदुनिया और यूनान जाना,leading-or-trailing-whitespace,false,true,LIVE,200,https://www.jesusfilm.org/watch/through-macedonia-and-greece/french,https://www.jesusfilm.org/watch/through-macedonia-and-greece.html/french.html
1_riv_04-0-0,VideoTitle.value,6464,कठिन समय ,कठिन समय,leading-or-trailing-whitespace,false,true,LIVE,200,https://www.jesusfilm.org/watch/troubled-times/hindi,https://www.jesusfilm.org/watch/troubled-times.html/hindi.html
1_wl604411-0-0,VideoTitle.value,3934,Пророчество Симеона ,Пророчество Симеона,leading-or-trailing-whitespace,false,true,LIVE,200,https://www.jesusfilm.org/watch/simeon-prophecy/russian,https://www.jesusfilm.org/watch/simeon-prophecy.html/russian.html
1_wl604412-0-0,VideoTitle.value,1106,Erklärung der wundersamen Geburt ,Erklärung der wundersamen Geburt,leading-or-trailing-whitespace,false,true,LIVE,200,https://www.jesusfilm.org/watch/explanation-of-miraculous-birth/german-standard,https://www.jesusfilm.org/watch/explanation-of-miraculous-birth.html/german-standard.html
1_wl604412-0-0,VideoTitle.value,1942,Mucizevi Doğumun Açıklaması ,Mucizevi Doğumun Açıklaması,leading-or-trailing-whitespace,false,true,LIVE,200,https://www.jesusfilm.org/watch/explanation-of-miraculous-birth/turkish,https://www.jesusfilm.org/watch/explanation-of-miraculous-birth.html/turkish.html
1_wl604412-0-0,VideoTitle.value,21754,"奇妙诞生的解释
",奇妙诞生的解释,leading-or-trailing-whitespace,false,true,LIVE,200,https://www.jesusfilm.org/watch/explanation-of-miraculous-birth/farsi-western,https://www.jesusfilm.org/watch/explanation-of-miraculous-birth.html/farsi-western.html
1_wl604412-0-0,VideoTitle.value,3934,Объяснение Чудного Рождения ,Объяснение Чудного Рождения,leading-or-trailing-whitespace,false,true,LIVE,200,https://www.jesusfilm.org/watch/explanation-of-miraculous-birth/russian,https://www.jesusfilm.org/watch/explanation-of-miraculous-birth.html/russian.html
1_wl604412-0-0,VideoTitle.value,407,معجزاتی پیدائش کی وضاحت ,معجزاتی پیدائش کی وضاحت,leading-or-trailing-whitespace,false,true,LIVE,200,https://www.jesusfilm.org/watch/explanation-of-miraculous-birth/urdu,https://www.jesusfilm.org/watch/explanation-of-miraculous-birth.html/urdu.html
2_Acts7305-0-0,VideoTitle.value,3887,Lời Giảng của Phi-e-rơ ,Lời Giảng của Phi-e-rơ,leading-or-trailing-whitespace,false,true,LIVE,200,https://www.jesusfilm.org/watch/peter-addresses-the-crowd/arabic-tunisian,https://www.jesusfilm.org/watch/peter-addresses-the-crowd.html/arabic-tunisian.html
2_Acts7305-0-0,VideoTitle.value,3934, Обращение Петра к народу,Обращение Петра к народу,leading-or-trailing-whitespace,false,true,LIVE,200,https://www.jesusfilm.org/watch/peter-addresses-the-crowd/russian,https://www.jesusfilm.org/watch/peter-addresses-the-crowd.html/russian.html
2_Acts7305-0-0,VideoTitle.value,6464,पतरस भीड़ को संबोधित करता है ,पतरस भीड़ को संबोधित करता है,leading-or-trailing-whitespace,false,true,LIVE,200,https://www.jesusfilm.org/watch/peter-addresses-the-crowd/arabic-tunisian,https://www.jesusfilm.org/watch/peter-addresses-the-crowd.html/arabic-tunisian.html
1_cl1307-0-0,VideoTitle.value,22658,"نادي القصة:  إشباع ال 5000

",نادي القصة: إشباع ال 5000,leading-or-trailing-whitespace,false,true,LIVE,200,https://www.jesusfilm.org/watch/storyclubs-jesus-feeds-5000/arabic-modern-standard,https://www.jesusfilm.org/watch/storyclubs-jesus-feeds-5000.html/arabic-modern-standard.html
2_GOJ4914-0-0,VideoTitle.value,3934,Накормленные 5000 ,Накормленные 5000,leading-or-trailing-whitespace,false,true,LIVE,200,https://www.jesusfilm.org/watch/feeding-5000/russian,https://www.jesusfilm.org/watch/feeding-5000.html/russian.html
2_GOJ4914-0-0,VideoTitle.value,407,5000 کو کھلانا ,5000 کو کھلانا,leading-or-trailing-whitespace,false,true,LIVE,200,https://www.jesusfilm.org/watch/feeding-5000/urdu,https://www.jesusfilm.org/watch/feeding-5000.html/urdu.html
16_ShineFilmColl,Video.slug,,shine_films_collection,shine films collection,underscore,false,false,BROKEN,404,https://www.jesusfilm.org/watch/shine_films_collection/english,https://www.jesusfilm.org/watch/shine_films_collection.html/english.html
16_ShineFilmColl,VideoVariant.slug,529,shine_films_collection/english,shine films collection/english,underscore,false,false,BROKEN,404,https://www.jesusfilm.org/watch/shine_films_collection/english,https://www.jesusfilm.org/watch/shine_films_collection.html/english.html
2_2026AppUpdate,Video.slug,,April2026_app_update,April2026 app update,underscore,false,true,BROKEN,404,https://www.jesusfilm.org/watch/April2026_app_update/english,https://www.jesusfilm.org/watch/April2026_app_update.html/english.html
2_2026AppUpdate,VideoVariant.slug,529,April2026_app_update/english,April2026 app update/english,underscore,false,true,BROKEN,404,https://www.jesusfilm.org/watch/April2026_app_update/english,https://www.jesusfilm.org/watch/April2026_app_update.html/english.html
2_DamtewStormsofLifeVert,Video.slug,,Damtew_StormsofLife_Vert,Damtew StormsofLife Vert,underscore,false,true,BROKEN,404,https://www.jesusfilm.org/watch/Damtew_StormsofLife_Vert/english,https://www.jesusfilm.org/watch/Damtew_StormsofLife_Vert.html/english.html
2_DamtewStormsofLifeVert,VideoVariant.slug,529,Damtew_StormsofLife_Vert/english,Damtew StormsofLife Vert/english,underscore,false,true,BROKEN,404,https://www.jesusfilm.org/watch/Damtew_StormsofLife_Vert/english,https://www.jesusfilm.org/watch/Damtew_StormsofLife_Vert.html/english.html
7_KnowGod0404,Video.slug,,Know_God_4_Invited,Know God 4 Invited,underscore,false,true,BROKEN,404,https://www.jesusfilm.org/watch/Know_God_4_Invited/english,https://www.jesusfilm.org/watch/Know_God_4_Invited.html/english.html
7_KnowGod0404,VideoVariant.slug,529,Know_God_4_Invited/english,Know God 4 Invited/english,underscore,false,true,BROKEN,404,https://www.jesusfilm.org/watch/Know_God_4_Invited/english,https://www.jesusfilm.org/watch/Know_God_4_Invited.html/english.html
7_KnowGod0404,VideoVariant.slug,4451,Know_God_4_Invited/polish,Know God 4 Invited/polish,underscore,false,true,BROKEN,404,https://www.jesusfilm.org/watch/Know_God_4_Invited/polish,https://www.jesusfilm.org/watch/Know_God_4_Invited.html/polish.html
7_KnowGod0404,VideoVariant.slug,5545,Know_God_4_Invited/slovak,Know God 4 Invited/slovak,underscore,false,true,BROKEN,404,https://www.jesusfilm.org/watch/Know_God_4_Invited/slovak,https://www.jesusfilm.org/watch/Know_God_4_Invited.html/slovak.html
7_KnowGod0404,VideoVariant.slug,3934,Know_God_4_Invited/russian,Know God 4 Invited/russian,underscore,false,true,BROKEN,404,https://www.jesusfilm.org/watch/Know_God_4_Invited/russian,https://www.jesusfilm.org/watch/Know_God_4_Invited.html/russian.html
7_KnowGod0404,VideoVariant.slug,5112,Know_God_4_Invited/georgian,Know God 4 Invited/georgian,underscore,false,true,BROKEN,404,https://www.jesusfilm.org/watch/Know_God_4_Invited/georgian,https://www.jesusfilm.org/watch/Know_God_4_Invited.html/georgian.html
Rescue,Video.slug,,2_Rescue,2 Rescue,underscore,false,true,BROKEN,404,https://www.jesusfilm.org/watch/2_Rescue/kurmanji-standard,https://www.jesusfilm.org/watch/2_Rescue.html/kurmanji-standard.html
Rescue,VideoVariant.slug,20770,2_Rescue/kurmanji-standard,2 Rescue/kurmanji-standard,underscore,false,true,BROKEN,404,https://www.jesusfilm.org/watch/2_Rescue/kurmanji-standard,https://www.jesusfilm.org/watch/2_Rescue.html/kurmanji-standard.html
Rescue,VideoVariant.slug,13169,2_Rescue/thai,2 Rescue/thai,underscore,false,true,BROKEN,404,https://www.jesusfilm.org/watch/2_Rescue/thai,https://www.jesusfilm.org/watch/2_Rescue.html/thai.html
Rescue,VideoVariant.slug,496,2_Rescue/french,2 Rescue/french,underscore,false,true,BROKEN,404,https://www.jesusfilm.org/watch/2_Rescue/french,https://www.jesusfilm.org/watch/2_Rescue.html/french.html
Rescue,VideoVariant.slug,139082,2_Rescue/bangla-muslim,2 Rescue/bangla-muslim,underscore,false,true,BROKEN,404,https://www.jesusfilm.org/watch/2_Rescue/bangla-muslim,https://www.jesusfilm.org/watch/2_Rescue.html/bangla-muslim.html
Rescue,VideoVariant.slug,410,2_Rescue/uyghur,2 Rescue/uyghur,underscore,false,true,BROKEN,404,https://www.jesusfilm.org/watch/2_Rescue/uyghur,https://www.jesusfilm.org/watch/2_Rescue.html/uyghur.html
Rescue,VideoVariant.slug,3887,2_Rescue/vietnamese,2 Rescue/vietnamese,underscore,false,true,BROKEN,404,https://www.jesusfilm.org/watch/2_Rescue/vietnamese,https://www.jesusfilm.org/watch/2_Rescue.html/vietnamese.html
Rescue,VideoVariant.slug,53287,2_Rescue/dhivehi,2 Rescue/dhivehi,underscore,false,true,BROKEN,404,https://www.jesusfilm.org/watch/2_Rescue/dhivehi,https://www.jesusfilm.org/watch/2_Rescue.html/dhivehi.html
Rescue,VideoVariant.slug,3888,2_Rescue/uzbek-northern,2 Rescue/uzbek-northern,underscore,false,true,BROKEN,404,https://www.jesusfilm.org/watch/2_Rescue/uzbek-northern,https://www.jesusfilm.org/watch/2_Rescue.html/uzbek-northern.html
Rescue,VideoVariant.slug,689,2_Rescue/azerbaijani-north,2 Rescue/azerbaijani-north,underscore,false,true,BROKEN,404,https://www.jesusfilm.org/watch/2_Rescue/azerbaijani-north,https://www.jesusfilm.org/watch/2_Rescue.html/azerbaijani-north.html
Rescue,VideoVariant.slug,420,2_Rescue/turkmen,2 Rescue/turkmen,underscore,false,true,BROKEN,404,https://www.jesusfilm.org/watch/2_Rescue/turkmen,https://www.jesusfilm.org/watch/2_Rescue.html/turkmen.html
Rescue,VideoVariant.slug,6788,2_Rescue/farsi-western,2 Rescue/farsi-western,underscore,false,true,BROKEN,404,https://www.jesusfilm.org/watch/2_Rescue/farsi-western,https://www.jesusfilm.org/watch/2_Rescue.html/farsi-western.html
Rescue,VideoVariant.slug,24309,2_Rescue/tajik,2 Rescue/tajik,underscore,false,true,BROKEN,404,https://www.jesusfilm.org/watch/2_Rescue/tajik,https://www.jesusfilm.org/watch/2_Rescue.html/tajik.html
Rescue,VideoVariant.slug,53299,2_Rescue/kyrgyz,2 Rescue/kyrgyz,underscore,false,true,BROKEN,404,https://www.jesusfilm.org/watch/2_Rescue/kyrgyz,https://www.jesusfilm.org/watch/2_Rescue.html/kyrgyz.html
Rescue,VideoVariant.slug,371,2_Rescue/kazakh,2 Rescue/kazakh,underscore,false,true,BROKEN,404,https://www.jesusfilm.org/watch/2_Rescue/kazakh,https://www.jesusfilm.org/watch/2_Rescue.html/kazakh.html
Rescue,VideoVariant.slug,21028,2_Rescue/spanish-latin-american,2 Rescue/spanish-latin-american,underscore,false,true,BROKEN,404,https://www.jesusfilm.org/watch/2_Rescue/spanish-latin-american,https://www.jesusfilm.org/watch/2_Rescue.html/spanish-latin-american.html
Rescue,VideoVariant.slug,22658,2_Rescue/arabic-modern-standard,2 Rescue/arabic-modern-standard,underscore,false,true,BROKEN,404,https://www.jesusfilm.org/watch/2_Rescue/arabic-modern-standard,https://www.jesusfilm.org/watch/2_Rescue.html/arabic-modern-standard.html
Rescue,VideoVariant.slug,584,2_Rescue/portuguese-brazil,2 Rescue/portuguese-brazil,underscore,false,true,BROKEN,404,https://www.jesusfilm.org/watch/2_Rescue/portuguese-brazil,https://www.jesusfilm.org/watch/2_Rescue.html/portuguese-brazil.html
Rescue,VideoVariant.slug,184820,2_Rescue/pashto-eastern-afghan,2 Rescue/pashto-eastern-afghan,underscore,false,true,BROKEN,404,https://www.jesusfilm.org/watch/2_Rescue/pashto-eastern-afghan,https://www.jesusfilm.org/watch/2_Rescue.html/pashto-eastern-afghan.html
Rescue,VideoVariant.slug,20208,2_Rescue/shughni,2 Rescue/shughni,underscore,false,true,BROKEN,404,https://www.jesusfilm.org/watch/2_Rescue/shughni,https://www.jesusfilm.org/watch/2_Rescue.html/shughni.html
Rescue,VideoVariant.slug,1927,2_Rescue/malay,2 Rescue/malay,underscore,false,true,BROKEN,404,https://www.jesusfilm.org/watch/2_Rescue/malay,https://www.jesusfilm.org/watch/2_Rescue.html/malay.html
Rescue,VideoVariant.slug,184566,2_Rescue/indonesian-isa,2 Rescue/indonesian-isa,underscore,false,true,BROKEN,404,https://www.jesusfilm.org/watch/2_Rescue/indonesian-isa,https://www.jesusfilm.org/watch/2_Rescue.html/indonesian-isa.html
Rescue,VideoVariant.slug,20899,2_Rescue/central-asian-russian,2 Rescue/central-asian-russian,underscore,false,true,BROKEN,404,https://www.jesusfilm.org/watch/2_Rescue/central-asian-russian,https://www.jesusfilm.org/watch/2_Rescue.html/central-asian-russian.html
Rescue,VideoVariant.slug,21064,2_Rescue/portuguese-portugal,2 Rescue/portuguese-portugal,underscore,false,true,BROKEN,404,https://www.jesusfilm.org/watch/2_Rescue/portuguese-portugal,https://www.jesusfilm.org/watch/2_Rescue.html/portuguese-portugal.html
Rescue,VideoVariant.slug,1942,2_Rescue/turkish,2 Rescue/turkish,underscore,false,true,BROKEN,404,https://www.jesusfilm.org/watch/2_Rescue/turkish,https://www.jesusfilm.org/watch/2_Rescue.html/turkish.html
Rescue,VideoVariant.slug,1106,2_Rescue/german-standard,2 Rescue/german-standard,underscore,false,true,BROKEN,404,https://www.jesusfilm.org/watch/2_Rescue/german-standard,https://www.jesusfilm.org/watch/2_Rescue.html/german-standard.html
Rescue,VideoVariant.slug,529,2_Rescue/english,2 Rescue/english,underscore,false,true,BROKEN,404,https://www.jesusfilm.org/watch/2_Rescue/english,https://www.jesusfilm.org/watch/2_Rescue.html/english.html
Rescue,VideoVariant.slug,20615,2_Rescue/mandarin-china,2 Rescue/mandarin-china,underscore,false,true,BROKEN,404,https://www.jesusfilm.org/watch/2_Rescue/mandarin-china,https://www.jesusfilm.org/watch/2_Rescue.html/mandarin-china.html
Rescue,VideoVariant.slug,21754,2_Rescue/chinese-simplified,2 Rescue/chinese-simplified,underscore,false,true,BROKEN,404,https://www.jesusfilm.org/watch/2_Rescue/chinese-simplified,https://www.jesusfilm.org/watch/2_Rescue.html/chinese-simplified.html
Rescue,VideoVariant.slug,4791,2_Rescue/amharic,2 Rescue/amharic,underscore,false,true,BROKEN,404,https://www.jesusfilm.org/watch/2_Rescue/amharic,https://www.jesusfilm.org/watch/2_Rescue.html/amharic.html
Rescue,VideoVariant.slug,53424,2_Rescue/french-african,2 Rescue/french-african,underscore,false,true,BROKEN,404,https://www.jesusfilm.org/watch/2_Rescue/french-african,https://www.jesusfilm.org/watch/2_Rescue.html/french-african.html
Rescue,VideoVariant.slug,3934,2_Rescue/russian,2 Rescue/russian,underscore,false,true,BROKEN,404,https://www.jesusfilm.org/watch/2_Rescue/russian,https://www.jesusfilm.org/watch/2_Rescue.html/russian.html
2_harsh_vibe_explanation,Video.slug,,2_Rescue_Explanation,2 Rescue Explanation,underscore,false,true,BROKEN,404,https://www.jesusfilm.org/watch/2_Rescue_Explanation/english,https://www.jesusfilm.org/watch/2_Rescue_Explanation.html/english.html
2_harsh_vibe_explanation,VideoVariant.slug,529,2_Rescue_Explanation/english,2 Rescue Explanation/english,underscore,false,true,BROKEN,404,https://www.jesusfilm.org/watch/2_Rescue_Explanation/english,https://www.jesusfilm.org/watch/2_Rescue_Explanation.html/english.html
7_KnowGod0401,Video.slug,,Know_God_1_Created,Know God 1 Created,underscore,false,true,BROKEN,404,https://www.jesusfilm.org/watch/Know_God_1_Created/english,https://www.jesusfilm.org/watch/Know_God_1_Created.html/english.html
7_KnowGod0401,VideoVariant.slug,529,Know_God_1_Created/english,Know God 1 Created/english,underscore,false,true,BROKEN,404,https://www.jesusfilm.org/watch/Know_God_1_Created/english,https://www.jesusfilm.org/watch/Know_God_1_Created.html/english.html
7_KnowGod0401,VideoVariant.slug,4451,Know_God_1_Created/polish,Know God 1 Created/polish,underscore,false,true,BROKEN,404,https://www.jesusfilm.org/watch/Know_God_1_Created/polish,https://www.jesusfilm.org/watch/Know_God_1_Created.html/polish.html
7_KnowGod0401,VideoVariant.slug,5545,Know_God_1_Created/slovak,Know God 1 Created/slovak,underscore,false,true,BROKEN,404,https://www.jesusfilm.org/watch/Know_God_1_Created/slovak,https://www.jesusfilm.org/watch/Know_God_1_Created.html/slovak.html
7_KnowGod0401,VideoVariant.slug,3934,Know_God_1_Created/russian,Know God 1 Created/russian,underscore,false,true,BROKEN,404,https://www.jesusfilm.org/watch/Know_God_1_Created/russian,https://www.jesusfilm.org/watch/Know_God_1_Created.html/russian.html
7_KnowGod0401,VideoVariant.slug,5112,Know_God_1_Created/georgian,Know God 1 Created/georgian,underscore,false,true,BROKEN,404,https://www.jesusfilm.org/watch/Know_God_1_Created/georgian,https://www.jesusfilm.org/watch/Know_God_1_Created.html/georgian.html
7_KnowGod0403,Video.slug,,Know_God_3_Jesus,Know God 3 Jesus,underscore,false,true,BROKEN,404,https://www.jesusfilm.org/watch/Know_God_3_Jesus/english,https://www.jesusfilm.org/watch/Know_God_3_Jesus.html/english.html
7_KnowGod0403,VideoVariant.slug,529,Know_God_3_Jesus/english,Know God 3 Jesus/english,underscore,false,true,BROKEN,404,https://www.jesusfilm.org/watch/Know_God_3_Jesus/english,https://www.jesusfilm.org/watch/Know_God_3_Jesus.html/english.html
7_KnowGod0403,VideoVariant.slug,4451,Know_God_3_Jesus/polish,Know God 3 Jesus/polish,underscore,false,true,BROKEN,404,https://www.jesusfilm.org/watch/Know_God_3_Jesus/polish,https://www.jesusfilm.org/watch/Know_God_3_Jesus.html/polish.html
7_KnowGod0403,VideoVariant.slug,5545,Know_God_3_Jesus/slovak,Know God 3 Jesus/slovak,underscore,false,true,BROKEN,404,https://www.jesusfilm.org/watch/Know_God_3_Jesus/slovak,https://www.jesusfilm.org/watch/Know_God_3_Jesus.html/slovak.html
7_KnowGod0403,VideoVariant.slug,3934,Know_God_3_Jesus/russian,Know God 3 Jesus/russian,underscore,false,true,BROKEN,404,https://www.jesusfilm.org/watch/Know_God_3_Jesus/russian,https://www.jesusfilm.org/watch/Know_God_3_Jesus.html/russian.html
7_KnowGod0403,VideoVariant.slug,5112,Know_God_3_Jesus/georgian,Know God 3 Jesus/georgian,underscore,false,true,BROKEN,404,https://www.jesusfilm.org/watch/Know_God_3_Jesus/georgian,https://www.jesusfilm.org/watch/Know_God_3_Jesus.html/georgian.html
7_KnowGod0402,Video.slug,,Know_God_2_Sin,Know God 2 Sin,underscore,false,true,BROKEN,404,https://www.jesusfilm.org/watch/Know_God_2_Sin/english,https://www.jesusfilm.org/watch/Know_God_2_Sin.html/english.html
7_KnowGod0402,VideoVariant.slug,529,Know_God_2_Sin/english,Know God 2 Sin/english,underscore,false,true,BROKEN,404,https://www.jesusfilm.org/watch/Know_God_2_Sin/english,https://www.jesusfilm.org/watch/Know_God_2_Sin.html/english.html
7_KnowGod0402,VideoVariant.slug,4451,Know_God_2_Sin/polish,Know God 2 Sin/polish,underscore,false,true,BROKEN,404,https://www.jesusfilm.org/watch/Know_God_2_Sin/polish,https://www.jesusfilm.org/watch/Know_God_2_Sin.html/polish.html
7_KnowGod0402,VideoVariant.slug,5545,Know_God_2_Sin/slovak,Know God 2 Sin/slovak,underscore,false,true,BROKEN,404,https://www.jesusfilm.org/watch/Know_God_2_Sin/slovak,https://www.jesusfilm.org/watch/Know_God_2_Sin.html/slovak.html
7_KnowGod0402,VideoVariant.slug,5112,Know_God_2_Sin/georgian,Know God 2 Sin/georgian,underscore,false,true,BROKEN,404,https://www.jesusfilm.org/watch/Know_God_2_Sin/georgian,https://www.jesusfilm.org/watch/Know_God_2_Sin.html/georgian.html
7_KnowGod0402,VideoVariant.slug,3934,Know_God_2_Sin/russian,Know God 2 Sin/russian,underscore,false,true,BROKEN,404,https://www.jesusfilm.org/watch/Know_God_2_Sin/russian,https://www.jesusfilm.org/watch/Know_God_2_Sin.html/russian.html
7_KnowGod,Video.slug,,Nua_Know_God,Nua Know God,underscore,false,true,BROKEN,404,https://www.jesusfilm.org/watch/Nua_Know_God/english,https://www.jesusfilm.org/watch/Nua_Know_God.html/english.html
7_KnowGod,VideoVariant.slug,529,Nua_Know_God/english,Nua Know God/english,underscore,false,true,BROKEN,404,https://www.jesusfilm.org/watch/Nua_Know_God/english,https://www.jesusfilm.org/watch/Nua_Know_God.html/english.html
7_KnowGod,VideoVariant.slug,4451,Nua_Know_God/polish,Nua Know God/polish,underscore,false,true,BROKEN,404,https://www.jesusfilm.org/watch/Nua_Know_God/polish,https://www.jesusfilm.org/watch/Nua_Know_God.html/polish.html
7_KnowGod,VideoVariant.slug,5545,Nua_Know_God/slovak,Nua Know God/slovak,underscore,false,true,BROKEN,404,https://www.jesusfilm.org/watch/Nua_Know_God/slovak,https://www.jesusfilm.org/watch/Nua_Know_God.html/slovak.html
7_KnowGod,VideoVariant.slug,3934,Nua_Know_God/russian,Nua Know God/russian,underscore,false,true,BROKEN,404,https://www.jesusfilm.org/watch/Nua_Know_God/russian,https://www.jesusfilm.org/watch/Nua_Know_God.html/russian.html
7_KnowGod,VideoVariant.slug,5112,Nua_Know_God/georgian,Nua Know God/georgian,underscore,false,true,BROKEN,404,https://www.jesusfilm.org/watch/Nua_Know_God/georgian,https://www.jesusfilm.org/watch/Nua_Know_God.html/georgian.html
2_0-La_Busqueda_The_Search,VideoTitle.value,496,"La_Busqueda_La Recherche
",La Busqueda La Recherche,underscore;leading-or-trailing-whitespace,false,true,BROKEN,404,https://www.jesusfilm.org/watch/la-búsqueda-the-search/french,https://www.jesusfilm.org/watch/la-b%C3%BAsqueda-the-search/french
6_GOLukeEnglish6045,VideoTitle.value,529,LUMO - The Gospel of Luke 18:15-43,,all-caps-token,true,false,NO_SLUG,,,
6_GOMattEnglish5104,VideoTitle.value,529,LUMO - The Gospel of Matthew 3:1-17,,all-caps-token,true,false,NO_SLUG,,,
6_GOMattEnglish5150,VideoTitle.value,529,LUMO - The Gospel of Matthew 27:57-28:20,,all-caps-token,true,false,NO_SLUG,,,
2_GOJ4914-0-0,VideoTitle.value,6464,"५,००० को खिलाना ","५,००० को खिलाना",leading-or-trailing-whitespace,false,true,SKIPPED_CHECK_LIMIT,,https://www.jesusfilm.org/watch/feeding-5000/hindi,
1_wl604417-0-0,VideoTitle.value,1106,"Rom nahm alles, aber Jesus gab Hoffnung ","Rom nahm alles, aber Jesus gab Hoffnung",leading-or-trailing-whitespace,false,true,SKIPPED_CHECK_LIMIT,,https://www.jesusfilm.org/watch/rome-took-everything-but-jesus-offered-hope/german-standard,
1_wl604417-0-0,VideoTitle.value,22658,"أخذت روما كل شيء ولكن يسوع قدم الرجاء
",أخذت روما كل شيء ولكن يسوع قدم الرجاء,leading-or-trailing-whitespace,false,true,SKIPPED_CHECK_LIMIT,,https://www.jesusfilm.org/watch/rome-took-everything-but-jesus-offered-hope/arabic-modern-standard,
1_wl604417-0-0,VideoTitle.value,3804,로마제국은 모든 걸 가져갔지만 예수님은 소망을 주셨습니다. ,로마제국은 모든 걸 가져갔지만 예수님은 소망을 주셨습니다.,leading-or-trailing-whitespace,false,true,SKIPPED_CHECK_LIMIT,,https://www.jesusfilm.org/watch/rome-took-everything-but-jesus-offered-hope/korean,
1_wl604417-0-0,VideoTitle.value,3934,"Рим Забрал Всё, но Иисус Предложил Надежду ","Рим Забрал Всё, но Иисус Предложил Надежду",leading-or-trailing-whitespace,false,true,SKIPPED_CHECK_LIMIT,,https://www.jesusfilm.org/watch/rome-took-everything-but-jesus-offered-hope/russian,
1_cl13-0-0,VideoTitle.value,6464,कहानी संघ ,कहानी संघ,leading-or-trailing-whitespace,false,true,SKIPPED_CHECK_LIMIT,,https://www.jesusfilm.org/watch/storyclubs/hindi,
7_0-nfs08,VideoTitle.value,21028,¿Qué tiene que ver Jesús conmigo? ,¿Qué tiene que ver Jesús conmigo?,leading-or-trailing-whitespace,false,true,SKIPPED_CHECK_LIMIT,,https://www.jesusfilm.org/watch/what-jesus-got-to-do-with-me-episode-8/german-standard,
7_0-nfs08,VideoTitle.value,3934,Какое отношение Иисус имеет ко мне? ,Какое отношение Иисус имеет ко мне?,leading-or-trailing-whitespace,false,true,SKIPPED_CHECK_LIMIT,,https://www.jesusfilm.org/watch/what-jesus-got-to-do-with-me-episode-8/russian,
1_wl604420-0-0,VideoTitle.value,3934,Женщина возле Колодца ,Женщина возле Колодца,leading-or-trailing-whitespace,false,true,SKIPPED_CHECK_LIMIT,,https://www.jesusfilm.org/watch/the-woman-at-the-well/russian,
1_wl604420-0-0,VideoTitle.value,6464, कुएं पर महिलाएं,कुएं पर महिलाएं,leading-or-trailing-whitespace,false,true,SKIPPED_CHECK_LIMIT,,https://www.jesusfilm.org/watch/the-woman-at-the-well/hindi,
1_wl604423-0-0,VideoTitle.value,1106,Die blutflüssige Frau ,Die blutflüssige Frau,leading-or-trailing-whitespace,false,true,SKIPPED_CHECK_LIMIT,,https://www.jesusfilm.org/watch/the-woman-with-the-issue-of-blood/german-standard,
1_wl604423-0-0,VideoTitle.value,3934,Женщина Страдавшая Кровотечением ,Женщина Страдавшая Кровотечением,leading-or-trailing-whitespace,false,true,SKIPPED_CHECK_LIMIT,,https://www.jesusfilm.org/watch/the-woman-with-the-issue-of-blood/russian,
1_wl604423-0-0,VideoTitle.value,407,خون کی بیماری کا شکار عورت ,خون کی بیماری کا شکار عورت,leading-or-trailing-whitespace,false,true,SKIPPED_CHECK_LIMIT,,https://www.jesusfilm.org/watch/the-woman-with-the-issue-of-blood/urdu,
1_wl604424-0-0,VideoTitle.value,3934,Дочь Иаира Воскрешена ,Дочь Иаира Воскрешена,leading-or-trailing-whitespace,false,true,SKIPPED_CHECK_LIMIT,,https://www.jesusfilm.org/watch/jairus-daughter-brought-back-to-life-2/russian,
1_wl604426-0-0,VideoTitle.value,407,اسکی پیروی کرنے کی تعلیم ,اسکی پیروی کرنے کی تعلیم,leading-or-trailing-whitespace,false,true,SKIPPED_CHECK_LIMIT,,https://www.jesusfilm.org/watch/teaching-about-following-him/urdu,
1_wl604426-0-0,VideoTitle.value,6464,उसके पीछे चलने की शिक्षा ,उसके पीछे चलने की शिक्षा,leading-or-trailing-whitespace,false,true,SKIPPED_CHECK_LIMIT,,https://www.jesusfilm.org/watch/teaching-about-following-him/hindi,
1_wl604428-0-0,VideoTitle.value,22658,"الرومان والقادة الدينيين مستاؤون من يسوع
",الرومان والقادة الدينيين مستاؤون من يسوع,leading-or-trailing-whitespace,false,true,SKIPPED_CHECK_LIMIT,,https://www.jesusfilm.org/watch/roman-and-religious-leaders-upset-with-jesus/arabic-modern-standard,
1_wl604433-0-0,VideoTitle.value,407,یسوع کا مقدمہ ,یسوع کا مقدمہ,leading-or-trailing-whitespace,false,true,SKIPPED_CHECK_LIMIT,,https://www.jesusfilm.org/watch/jesus-on-trial/urdu,
1_wl604433-0-0,VideoTitle.value,496,Le Procés de Jésus ,Le Procés de Jésus,leading-or-trailing-whitespace,false,true,SKIPPED_CHECK_LIMIT,,https://www.jesusfilm.org/watch/jesus-on-trial/french,
1_wl604434-0-0,VideoTitle.value,1106,Jesus trägt sein Kreuz und wird gekreuzigt ,Jesus trägt sein Kreuz und wird gekreuzigt,leading-or-trailing-whitespace,false,true,SKIPPED_CHECK_LIMIT,,https://www.jesusfilm.org/watch/jesus-carries-his-cross-and-is-crucified/german-standard,
1_wl604434-0-0,VideoTitle.value,22658,"يسوع يحمل صليبه ويصلب
",يسوع يحمل صليبه ويصلب,leading-or-trailing-whitespace,false,true,SKIPPED_CHECK_LIMIT,,https://www.jesusfilm.org/watch/jesus-carries-his-cross-and-is-crucified/arabic-modern-standard,
1_wl604434-0-0,VideoTitle.value,3934,Иисус Несёт Свой Крест и Распят ,Иисус Несёт Свой Крест и Распят,leading-or-trailing-whitespace,false,true,SKIPPED_CHECK_LIMIT,,https://www.jesusfilm.org/watch/jesus-carries-his-cross-and-is-crucified/russian,
1_wl604435-0-0,VideoTitle.value,3934,Мария Вспоминает Слова Симона ,Мария Вспоминает Слова Симона,leading-or-trailing-whitespace,false,true,SKIPPED_CHECK_LIMIT,,https://www.jesusfilm.org/watch/mary-recalls-simeon-words/russian,
1_cl1301-0-0,VideoTitle.value,22658,"نادي القصة: ميلاد يسوع
",نادي القصة: ميلاد يسوع,leading-or-trailing-whitespace,false,true,SKIPPED_CHECK_LIMIT,,https://www.jesusfilm.org/watch/storyclubs-birth-of-jesus/arabic-modern-standard,
1_cl1302-0-0,VideoTitle.value,1106,"StoryClubs: Die Kindheit Jesu
",StoryClubs: Die Kindheit Jesu,leading-or-trailing-whitespace,false,true,SKIPPED_CHECK_LIMIT,,https://www.jesusfilm.org/watch/storyclubs-childhood-of-jesus/german-standard,
1_cl1302-0-0,VideoTitle.value,22658,"نادي القصة: طفولة يسوع

",نادي القصة: طفولة يسوع,leading-or-trailing-whitespace,false,true,SKIPPED_CHECK_LIMIT,,https://www.jesusfilm.org/watch/storyclubs-childhood-of-jesus/arabic-modern-standard,
1_cl1302-0-0,VideoTitle.value,6464,कहानी संघ : बालक यीशु ,कहानी संघ : बालक यीशु,leading-or-trailing-whitespace,false,true,SKIPPED_CHECK_LIMIT,,https://www.jesusfilm.org/watch/storyclubs-childhood-of-jesus/hindi,
1_cl1305-0-0,VideoTitle.value,1106,"StoryClubs: Von der Vergebung der Sünderin
",StoryClubs: Von der Vergebung der Sünderin,leading-or-trailing-whitespace,false,true,SKIPPED_CHECK_LIMIT,,https://www.jesusfilm.org/watch/storyclubs-sinful-woman-forgiven/german-standard,
1_cl1305-0-0,VideoTitle.value,22658,"نادي القصة: غفران المرأة الخاطئة



",نادي القصة: غفران المرأة الخاطئة,leading-or-trailing-whitespace,false,true,SKIPPED_CHECK_LIMIT,,https://www.jesusfilm.org/watch/storyclubs-sinful-woman-forgiven/arabic-modern-standard,
1_cl1305-0-0,VideoTitle.value,407,سٹوری کلب :  گناہ گار عورت کی معافی ,سٹوری کلب : گناہ گار عورت کی معافی,leading-or-trailing-whitespace,false,true,SKIPPED_CHECK_LIMIT,,https://www.jesusfilm.org/watch/storyclubs-sinful-woman-forgiven/urdu,
1_cl1305-0-0,VideoTitle.value,6464, कहानीसंग : पापी महिला का क्षमा किया जाना,कहानीसंग : पापी महिला का क्षमा किया जाना,leading-or-trailing-whitespace,false,true,SKIPPED_CHECK_LIMIT,,https://www.jesusfilm.org/watch/storyclubs-sinful-woman-forgiven/hindi,
1_cl1305-0-0,VideoTitle.value,6788,کلوپ داستان: بخشیدن زن گناهکار ,کلوپ داستان: بخشیدن زن گناهکار,leading-or-trailing-whitespace,false,true,SKIPPED_CHECK_LIMIT,,https://www.jesusfilm.org/watch/storyclubs-sinful-woman-forgiven/farsi-western,
1_cl1308-0-0,VideoTitle.value,22658,"نادي القصة: شفاء بارتيماوس

",نادي القصة: شفاء بارتيماوس,leading-or-trailing-whitespace,false,true,SKIPPED_CHECK_LIMIT,,https://www.jesusfilm.org/watch/storyclubs-healing-bartimaeus/arabic-modern-standard,
1_cl1308-0-0,VideoTitle.value,3934,КлубИсторий: Исцеление Вартимея ,КлубИсторий: Исцеление Вартимея,leading-or-trailing-whitespace,false,true,SKIPPED_CHECK_LIMIT,,https://www.jesusfilm.org/watch/storyclubs-healing-bartimaeus/russian,
1_cl1309-0-0,VideoTitle.value,1106,StoryClubs: Jesus und Zachäus ,StoryClubs: Jesus und Zachäus,leading-or-trailing-whitespace,false,true,SKIPPED_CHECK_LIMIT,,https://www.jesusfilm.org/watch/storyclubs-jesus-and-zacchaeus/german-standard,
1_cl1309-0-0,VideoTitle.value,22658,"نادي القصة: يسوع وزكا

",نادي القصة: يسوع وزكا,leading-or-trailing-whitespace,false,true,SKIPPED_CHECK_LIMIT,,https://www.jesusfilm.org/watch/storyclubs-jesus-and-zacchaeus/arabic-modern-standard,
1_cl1309-0-0,VideoTitle.value,3934,КлубИсторий: Иисус и Закхей ,КлубИсторий: Иисус и Закхей,leading-or-trailing-whitespace,false,true,SKIPPED_CHECK_LIMIT,,https://www.jesusfilm.org/watch/storyclubs-jesus-and-zacchaeus/russian,
1_jf6108-0-0,VideoTitle.value,496,Une pêche miraculeuse ,Une pêche miraculeuse,leading-or-trailing-whitespace,false,true,SKIPPED_CHECK_LIMIT,,https://www.jesusfilm.org/watch/miraculous-catch-of-fish/french,
1_wl604436-0-0,VideoTitle.value,3934,Рай Обещанный Вору ,Рай Обещанный Вору,leading-or-trailing-whitespace,false,true,SKIPPED_CHECK_LIMIT,,https://www.jesusfilm.org/watch/the-thief-promised-paradise/russian,
1_wl604436-0-0,VideoTitle.value,407,ڈاکو سے فردوس کا وعدہ ہوتا ہے ,ڈاکو سے فردوس کا وعدہ ہوتا ہے,leading-or-trailing-whitespace,false,true,SKIPPED_CHECK_LIMIT,,https://www.jesusfilm.org/watch/the-thief-promised-paradise/urdu,
1_wl604437-0-0,VideoTitle.value,407,تاریکی اور یسو ع کی موت ,تاریکی اور یسو ع کی موت,leading-or-trailing-whitespace,false,true,SKIPPED_CHECK_LIMIT,,https://www.jesusfilm.org/watch/darkness-and-jesus-death/urdu,
1_cl1312-0-0,VideoTitle.value,6464,कहानीसंग  : यीशु का क्रूस पर चढ़ाया जाना ,कहानीसंग : यीशु का क्रूस पर चढ़ाया जाना,leading-or-trailing-whitespace,false,true,SKIPPED_CHECK_LIMIT,,https://www.jesusfilm.org/watch/storyclubs-jesus-is-crucified/hindi,
1_cl1313-0-0,VideoTitle.value,139485,نادي القصة: القبر الفارغ ,نادي القصة: القبر الفارغ,leading-or-trailing-whitespace,false,true,SKIPPED_CHECK_LIMIT,,https://www.jesusfilm.org/watch/storyclubs-the-tomb-is-empty/korean,
1_cl1313-0-0,VideoTitle.value,22658,نادي القصة: القبر الفارغ ,نادي القصة: القبر الفارغ,leading-or-trailing-whitespace,false,true,SKIPPED_CHECK_LIMIT,,https://www.jesusfilm.org/watch/storyclubs-the-tomb-is-empty/arabic-modern-standard,
1_cl1313-0-0,VideoTitle.value,6464,कहानीसंग : खाली कब्र ,कहानीसंग : खाली कब्र,leading-or-trailing-whitespace,false,true,SKIPPED_CHECK_LIMIT,,https://www.jesusfilm.org/watch/storyclubs-the-tomb-is-empty/hindi,
1_wl604441-0-0,VideoTitle.value,1106,Maria Magdalena erklärt Jesu Tod und Auferstehung ,Maria Magdalena erklärt Jesu Tod und Auferstehung,leading-or-trailing-whitespace,false,true,SKIPPED_CHECK_LIMIT,,https://www.jesusfilm.org/watch/magdalena-explains-jesus-death-and-resurrection/german-standard,
1_wl604441-0-0,VideoTitle.value,407,  مگدلینی یسوع  کی موت اور جی اُٹھے کی وضاحت کرتی ہے,مگدلینی یسوع کی موت اور جی اُٹھے کی وضاحت کرتی ہے,leading-or-trailing-whitespace,false,true,SKIPPED_CHECK_LIMIT,,https://www.jesusfilm.org/watch/magdalena-explains-jesus-death-and-resurrection/urdu,
1_wl604442-0-0,VideoTitle.value,6464, व्यक्तिगत रूप से परमेश्वर को जानना,व्यक्तिगत रूप से परमेश्वर को जानना,leading-or-trailing-whitespace,false,true,SKIPPED_CHECK_LIMIT,,https://www.jesusfilm.org/watch/knowing-god-personally/hindi,
1_wl604444-0-0,VideoTitle.value,22658,"عيش الحياة المسيحية
",عيش الحياة المسيحية,leading-or-trailing-whitespace,false,true,SKIPPED_CHECK_LIMIT,,https://www.jesusfilm.org/watch/living-the-christian-life/arabic-modern-standard,
1_wl71-0-0,VideoTitle.value,22658,"1. يسوع ، محاصرنا بالحب
",1. يسوع ، محاصرنا بالحب,leading-or-trailing-whitespace,false,true,SKIPPED_CHECK_LIMIT,,https://www.jesusfilm.org/watch/1-jesus-our-loving-pursuer/arabic-modern-standard,
1_wl71-0-0,VideoTitle.value,6464," यीशु, हमारा प्यार करने वाला","यीशु, हमारा प्यार करने वाला",leading-or-trailing-whitespace,false,true,SKIPPED_CHECK_LIMIT,,https://www.jesusfilm.org/watch/1-jesus-our-loving-pursuer/hindi,
1_wl72-0-0,VideoTitle.value,22658,"2. يسوع، الذي يفغر لنا بفيض
",2. يسوع، الذي يفغر لنا بفيض,leading-or-trailing-whitespace,false,true,SKIPPED_CHECK_LIMIT,,https://www.jesusfilm.org/watch/2-jesus-our-gracious-forgiver/arabic-modern-standard,
1_wl72-0-0,VideoTitle.value,407, یسوع ،  ہمارا مہربان معا ف کرنے والا,یسوع ، ہمارا مہربان معا ف کرنے والا,leading-or-trailing-whitespace,false,true,SKIPPED_CHECK_LIMIT,,https://www.jesusfilm.org/watch/2-jesus-our-gracious-forgiver/urdu,
7_0-nfs05,VideoTitle.value,3934,"Почему Иисус мне нравится, а христиане нет? ","Почему Иисус мне нравится, а христиане нет?",leading-or-trailing-whitespace,false,true,SKIPPED_CHECK_LIMIT,,https://www.jesusfilm.org/watch/are-christians-hypocrites-episode-5/russian,
7_0-nfs05,VideoTitle.value,496,Les Chrétiens: Sont-ils Tous Hypocrites? ,Les Chrétiens: Sont-ils Tous Hypocrites?,leading-or-trailing-whitespace,false,true,SKIPPED_CHECK_LIMIT,,https://www.jesusfilm.org/watch/are-christians-hypocrites-episode-5/french,
7_0-nfs05,VideoTitle.value,584,Os cristãos são hipócritas? ,Os cristãos são hipócritas?,leading-or-trailing-whitespace,false,true,SKIPPED_CHECK_LIMIT,,https://www.jesusfilm.org/watch/are-christians-hypocrites-episode-5/portuguese-brazil,
1_wl73-0-0,VideoTitle.value,6788,3. عیسی، قدرت ما برای زندگی ,3. عیسی، قدرت ما برای زندگی,leading-or-trailing-whitespace,false,true,SKIPPED_CHECK_LIMIT,,https://www.jesusfilm.org/watch/3-jesus-our-power-for-living/farsi-western,
1_wl74-0-0,VideoTitle.value,16639,"4. Yesus, Pembebas kita yang Berkuasa ","4. Yesus, Pembebas kita yang Berkuasa",leading-or-trailing-whitespace,false,true,SKIPPED_CHECK_LIMIT,,https://www.jesusfilm.org/watch/4-jesus-our-powerful-deliverer/kabyle,
1_wl74-0-0,VideoTitle.value,3804,"4. 예수, 우리의 능력의 구원자 ","4. 예수, 우리의 능력의 구원자",leading-or-trailing-whitespace,false,true,SKIPPED_CHECK_LIMIT,,https://www.jesusfilm.org/watch/4-jesus-our-powerful-deliverer/korean,
1_wl75-0-0,VideoTitle.value,407,یسوع ،   ہمارا شفقتیں مہیا کرنے والا ,یسوع ، ہمارا شفقتیں مہیا کرنے والا,leading-or-trailing-whitespace,false,true,SKIPPED_CHECK_LIMIT,,https://www.jesusfilm.org/watch/5-jesus-our-compassionate-provider/urdu,
1_wl76-0-0,VideoTitle.value,22658,"6. يسوع ، مرممنا الكامل
",6. يسوع ، مرممنا الكامل,leading-or-trailing-whitespace,false,true,SKIPPED_CHECK_LIMIT,,https://www.jesusfilm.org/watch/6-jesus-our-complete-restorer/arabic-modern-standard,
1_wl77-0-0,VideoTitle.value,407,یسوع ،   ہمارا زندگی کا پانی ,یسوع ، ہمارا زندگی کا پانی,leading-or-trailing-whitespace,false,true,SKIPPED_CHECK_LIMIT,,https://www.jesusfilm.org/watch/7-jesus-our-living-water/urdu,
1_wl77-0-0,VideoTitle.value,6464,"७. यीशु हमारा जीवन का जल है 

",७. यीशु हमारा जीवन का जल है,leading-or-trailing-whitespace,false,true,SKIPPED_CHECK_LIMIT,,https://www.jesusfilm.org/watch/7-jesus-our-living-water/hindi,
2_0-Demoniac,VideoTitle.value,6464,भूतग्रस्त ,भूतग्रस्त,leading-or-trailing-whitespace,false,true,SKIPPED_CHECK_LIMIT,,https://www.jesusfilm.org/watch/the-demoniac/hindi,
2_0-Dying-Roads,VideoTitle.value,6464,डाईंग रोड्स ,डाईंग रोड्स,leading-or-trailing-whitespace,false,true,SKIPPED_CHECK_LIMIT,,https://www.jesusfilm.org/watch/dying-roads/hindi,
2_0-Dying-Roads,VideoTitle.value,6788,جاده‌های مرده ,جاده‌های مرده,leading-or-trailing-whitespace,false,true,SKIPPED_CHECK_LIMIT,,https://www.jesusfilm.org/watch/dying-roads/farsi-western,
2_0-Flow,VideoTitle.value,6464,बहाव ,बहाव,leading-or-trailing-whitespace,false,true,SKIPPED_CHECK_LIMIT,,https://www.jesusfilm.org/watch/flow/hindi,
2_0-Marea,VideoTitle.value,21754,潮汐 ,潮汐,leading-or-trailing-whitespace,false,true,SKIPPED_CHECK_LIMIT,,https://www.jesusfilm.org/watch/marea/bobe,
3_0-7DWJ-WWJ_01-0-0,VideoTitle.value,7083, 1 日目： 民衆のための魚,1 日目： 民衆のための魚,leading-or-trailing-whitespace,false,true,SKIPPED_CHECK_LIMIT,,https://www.jesusfilm.org/watch/day-1-fish-for-people/indonesian-isa,
2_0-UseThisApp01,VideoTitle.value,6464,शुरू करना आसान है ,शुरू करना आसान है,leading-or-trailing-whitespace,false,true,SKIPPED_CHECK_LIMIT,,https://www.jesusfilm.org/watch/getting-started-is-easy/hindi,
2_Acts7345-0-0,VideoTitle.value,3934, Павел и Сила в темнице,Павел и Сила в темнице,leading-or-trailing-whitespace,false,true,SKIPPED_CHECK_LIMIT,,https://www.jesusfilm.org/watch/paul-and-silas-in-prison/russian,
2_Acts7345-0-0,VideoTitle.value,6464,पौलुस और सीलास बन्दीगृह मे ,पौलुस और सीलास बन्दीगृह मे,leading-or-trailing-whitespace,false,true,SKIPPED_CHECK_LIMIT,,https://www.jesusfilm.org/watch/paul-and-silas-in-prison/spanish-latin-american,
2_0-LivingWord,VideoTitle.value,16639,Kata Hidup Ucapan Bahagia ,Kata Hidup Ucapan Bahagia,leading-or-trailing-whitespace,false,true,SKIPPED_CHECK_LIMIT,,https://www.jesusfilm.org/watch/living-word-beatitudes/ukrainian,
2_0-LivingWord,VideoTitle.value,3934,Живое Слово Блаженства ,Живое Слово Блаженства,leading-or-trailing-whitespace,false,true,SKIPPED_CHECK_LIMIT,,https://www.jesusfilm.org/watch/living-word-beatitudes/russian,
2_0-LivingWord,VideoTitle.value,407,زندہ کلام  کی مبارکبادیاں ,زندہ کلام کی مبارکبادیاں,leading-or-trailing-whitespace,false,true,SKIPPED_CHECK_LIMIT,,https://www.jesusfilm.org/watch/living-word-beatitudes/urdu,
2_0-LivingWord,VideoTitle.value,6464,जीवि वचन में स्वर्गसुख ,जीवि वचन में स्वर्गसुख,leading-or-trailing-whitespace,false,true,SKIPPED_CHECK_LIMIT,,https://www.jesusfilm.org/watch/living-word-beatitudes/ukrainian,
2_0-LivingWord,VideoTitle.value,6930, מילה חיה של אושר עילאי ,מילה חיה של אושר עילאי,leading-or-trailing-whitespace,false,true,SKIPPED_CHECK_LIMIT,,https://www.jesusfilm.org/watch/living-word-beatitudes/ukrainian,
7_0-nfs0102,VideoTitle.value,21028, ¿Esta Dios en los detalles?,¿Esta Dios en los detalles?,leading-or-trailing-whitespace,false,true,SKIPPED_CHECK_LIMIT,,https://www.jesusfilm.org/watch/12-is-god-in-the-details/bengali-indian,
7_0-nfs0102,VideoTitle.value,496,Le Dieu Du Miniuscule ,Le Dieu Du Miniuscule,leading-or-trailing-whitespace,false,true,SKIPPED_CHECK_LIMIT,,https://www.jesusfilm.org/watch/12-is-god-in-the-details/french,
2_GOJ4934-0-0,VideoTitle.value,22658,"يسوع يشجع تلاميذه
",يسوع يشجع تلاميذه,leading-or-trailing-whitespace,false,true,SKIPPED_CHECK_LIMIT,,https://www.jesusfilm.org/watch/jesus-comforts-his-disciples/arabic-modern-standard,
2_GOJ4934-0-0,VideoTitle.value,3934,Иисус Утешает Его Учеников ,Иисус Утешает Его Учеников,leading-or-trailing-whitespace,false,true,SKIPPED_CHECK_LIMIT,,https://www.jesusfilm.org/watch/jesus-comforts-his-disciples/russian,
2_GOJ4934-0-0,VideoTitle.value,6464,यीशु ने अपने चेले को आराम दिया ,यीशु ने अपने चेले को आराम दिया,leading-or-trailing-whitespace,false,true,SKIPPED_CHECK_LIMIT,,https://www.jesusfilm.org/watch/jesus-comforts-his-disciples/hindi,
2_Acts7313-0-0,VideoTitle.value,3934, Апостолы исцеляют множество народа,Апостолы исцеляют множество народа,leading-or-trailing-whitespace,false,true,SKIPPED_CHECK_LIMIT,,https://www.jesusfilm.org/watch/the-apostles-heal-many/russian,
2_Acts7313-0-0,VideoTitle.value,6464,प्रेरितों ने बहुतों को चंगा किया ,प्रेरितों ने बहुतों को चंगा किया,leading-or-trailing-whitespace,false,true,SKIPPED_CHECK_LIMIT,,https://www.jesusfilm.org/watch/the-apostles-heal-many/russian,
7_0-nfs04,VideoTitle.value,21028,¿Me hubiera gustado Jesús? ,¿Me hubiera gustado Jesús?,leading-or-trailing-whitespace,false,true,SKIPPED_CHECK_LIMIT,,https://www.jesusfilm.org/watch/would-i-have-liked-jesus-episode-4/mandarin-china,
7_0-nfs04,VideoTitle.value,3934,Каким был Иисус на самом деле? ,Каким был Иисус на самом деле?,leading-or-trailing-whitespace,false,true,SKIPPED_CHECK_LIMIT,,https://www.jesusfilm.org/watch/would-i-have-liked-jesus-episode-4/russian,
7_0-nfs04,VideoTitle.value,584,Eu teria gostado de Jesus? ,Eu teria gostado de Jesus?,leading-or-trailing-whitespace,false,true,SKIPPED_CHECK_LIMIT,,https://www.jesusfilm.org/watch/would-i-have-liked-jesus-episode-4/portuguese-brazil,
2_GOJ4916-0-0,VideoTitle.value,407,زندگی  کی روٹی ,زندگی کی روٹی,leading-or-trailing-whitespace,false,true,SKIPPED_CHECK_LIMIT,,https://www.jesusfilm.org/watch/bread-of-life/urdu,
2_GOJ4916-0-0,VideoTitle.value,6464,जीवन की रोटी ,जीवन की रोटी,leading-or-trailing-whitespace,false,true,SKIPPED_CHECK_LIMIT,,https://www.jesusfilm.org/watch/bread-of-life/hindi,
2_GOJ4947-0-0,VideoTitle.value,3804,기적적인 고기잡이 ,기적적인 고기잡이,leading-or-trailing-whitespace,false,true,SKIPPED_CHECK_LIMIT,,https://www.jesusfilm.org/watch/miraculous-catch/german-standard,
2_GOJ4947-0-0,VideoTitle.value,3934,Чудный Улов ,Чудный Улов,leading-or-trailing-whitespace,false,true,SKIPPED_CHECK_LIMIT,,https://www.jesusfilm.org/watch/miraculous-catch/russian,
2_GOJ-0-0,VideoTitle.value,3804,"예수의 삶 (요한복음)
",예수의 삶 (요한복음),leading-or-trailing-whitespace,false,true,SKIPPED_CHECK_LIMIT,,https://www.jesusfilm.org/watch/life-of-jesus-gospel-of-john/french,
2_GOJ-0-0,VideoTitle.value,6464,(यूहञा रचित सुसमाचार) यीशु का जीवन ,(यूहञा रचित सुसमाचार) यीशु का जीवन,leading-or-trailing-whitespace,false,true,SKIPPED_CHECK_LIMIT,,https://www.jesusfilm.org/watch/life-of-jesus-gospel-of-john/hindi,
2_Acts7369-0-0,VideoTitle.value,3934, Буря,Буря,leading-or-trailing-whitespace,false,true,SKIPPED_CHECK_LIMIT,,https://www.jesusfilm.org/watch/the-storm/russian,
2_Acts7369-0-0,VideoTitle.value,6464,तूफ़ान ,तूफ़ान,leading-or-trailing-whitespace,false,true,SKIPPED_CHECK_LIMIT,,https://www.jesusfilm.org/watch/the-storm/arabic-tunisian,
2_GOJ4913-0-0,VideoTitle.value,6464,पुत्र का गवाह ,पुत्र का गवाह,leading-or-trailing-whitespace,false,true,SKIPPED_CHECK_LIMIT,,https://www.jesusfilm.org/watch/witness-to-the-son/hindi,
1_cl1303-0-0,VideoTitle.value,1106,"StoryClubs: Das Wunder vom Fischfang

",StoryClubs: Das Wunder vom Fischfang,leading-or-trailing-whitespace,false,true,SKIPPED_CHECK_LIMIT,,https://www.jesusfilm.org/watch/storyclubs-miraculous-catch-of-fish/german-standard,
1_cl1303-0-0,VideoTitle.value,22658,"نادي القصة: معجزة صيد السمك
",نادي القصة: معجزة صيد السمك,leading-or-trailing-whitespace,false,true,SKIPPED_CHECK_LIMIT,,https://www.jesusfilm.org/watch/storyclubs-miraculous-catch-of-fish/arabic-modern-standard,
1_cl1303-0-0,VideoTitle.value,3934,КлубИсторий: Чудный Улов ,КлубИсторий: Чудный Улов,leading-or-trailing-whitespace,false,true,SKIPPED_CHECK_LIMIT,,https://www.jesusfilm.org/watch/storyclubs-miraculous-catch-of-fish/russian,
2_Acts7356-0-0,VideoTitle.value,3934, В Иерусалим,В Иерусалим,leading-or-trailing-whitespace,false,true,SKIPPED_CHECK_LIMIT,,https://www.jesusfilm.org/watch/on-to-jerusalem/russian,
2_Acts7317-0-0,VideoTitle.value,3934, Обращение Стефана к синедриону,Обращение Стефана к синедриону,leading-or-trailing-whitespace,false,true,SKIPPED_CHECK_LIMIT,,https://www.jesusfilm.org/watch/stephen-speech-to-the-sanhedrin/russian,
2_Acts7317-0-0,VideoTitle.value,6464,स्तिुफनुस का भाषण महासभा में ,स्तिुफनुस का भाषण महासभा में,leading-or-trailing-whitespace,false,true,SKIPPED_CHECK_LIMIT,,https://www.jesusfilm.org/watch/stephen-speech-to-the-sanhedrin/english,
2_Acts7364-0-0,VideoTitle.value,3934, Павел перед судом Феликса,Павел перед судом Феликса,leading-or-trailing-whitespace,false,true,SKIPPED_CHECK_LIMIT,,https://www.jesusfilm.org/watch/paul-trial-before-felix/russian,
2_0-FallingPlates,VideoTitle.value,6464,#फालिंगप्लेट्स ,#फालिंगप्लेट्स,leading-or-trailing-whitespace,false,true,SKIPPED_CHECK_LIMIT,,https://www.jesusfilm.org/watch/fallingplates/hindi,
3_0-40DWJ_13-0-0,VideoTitle.value,139485,يوم 13 : الغفران والتوبيخ ,يوم 13 : الغفران والتوبيخ,leading-or-trailing-whitespace,false,true,SKIPPED_CHECK_LIMIT,,https://www.jesusfilm.org/watch/day-13-forgiven-and-rebuked/acholi,
3_0-40DWJ_13-0-0,VideoTitle.value,22658,يوم 13 : الغفران والتوبيخ ,يوم 13 : الغفران والتوبيخ,leading-or-trailing-whitespace,false,true,SKIPPED_CHECK_LIMIT,,https://www.jesusfilm.org/watch/day-13-forgiven-and-rebuked/arabic-modern-standard,
2_Acts7348-0-0,VideoTitle.value,3934, Идолы в Афинах,Идолы в Афинах,leading-or-trailing-whitespace,false,true,SKIPPED_CHECK_LIMIT,,https://www.jesusfilm.org/watch/idols-in-athens/russian,
2_Acts7372-0-0,VideoTitle.value,3934, Павел прибывает в Рим,Павел прибывает в Рим,leading-or-trailing-whitespace,false,true,SKIPPED_CHECK_LIMIT,,https://www.jesusfilm.org/watch/paul-finally-reaches-rome/russian,
2_Acts7372-0-0,VideoTitle.value,6464,पौलुस आख़िरकार रोम पहुँच गया ,पौलुस आख़िरकार रोम पहुँच गया,leading-or-trailing-whitespace,false,true,SKIPPED_CHECK_LIMIT,,https://www.jesusfilm.org/watch/paul-finally-reaches-rome/tamazight-central-atlas,
2_GOJ4946-0-0,VideoTitle.value,3934,Фома Неверующий ,Фома Неверующий,leading-or-trailing-whitespace,false,true,SKIPPED_CHECK_LIMIT,,https://www.jesusfilm.org/watch/doubting-thomas/russian,
2_GOJ4946-0-0,VideoTitle.value,6464,थोमा का संदेह करना ,थोमा का संदेह करना,leading-or-trailing-whitespace,false,true,SKIPPED_CHECK_LIMIT,,https://www.jesusfilm.org/watch/doubting-thomas/hindi,
2_Acts7351-0-0,VideoTitle.value,3934, Павел в Ефесе,Павел в Ефесе,leading-or-trailing-whitespace,false,true,SKIPPED_CHECK_LIMIT,,https://www.jesusfilm.org/watch/paul-in-ephesus/russian,
2_Acts7351-0-0,VideoTitle.value,6464,इफिसुस में पौलुस ,इफिसुस में पौलुस,leading-or-trailing-whitespace,false,true,SKIPPED_CHECK_LIMIT,,https://www.jesusfilm.org/watch/paul-in-ephesus/arabic-tunisian,
2_GOJ4933-0-0,VideoTitle.value,1106,"Die Vorhersage von Verrat und Verleugnung
Verrat und Verleugnung vorhergesagt
",Die Vorhersage von Verrat und Verleugnung Verrat und Verleugnung vorhergesagt,leading-or-trailing-whitespace,false,true,SKIPPED_CHECK_LIMIT,,https://www.jesusfilm.org/watch/betrayal-and-denial-foretold/german-standard,
2_GOJ4933-0-0,VideoTitle.value,139485,إعلان عن الخيانة والإنكار ,إعلان عن الخيانة والإنكار,leading-or-trailing-whitespace,false,true,SKIPPED_CHECK_LIMIT,,https://www.jesusfilm.org/watch/betrayal-and-denial-foretold/indonesian-yesus,
2_GOJ4933-0-0,VideoTitle.value,21754,"背叛与否认的预言
",背叛与否认的预言,leading-or-trailing-whitespace,false,true,SKIPPED_CHECK_LIMIT,,https://www.jesusfilm.org/watch/betrayal-and-denial-foretold/indonesian-yesus,
2_GOJ4933-0-0,VideoTitle.value,22658,"إعلان عن الخيانة والإنكار 
",إعلان عن الخيانة والإنكار,leading-or-trailing-whitespace,false,true,SKIPPED_CHECK_LIMIT,,https://www.jesusfilm.org/watch/betrayal-and-denial-foretold/arabic-modern-standard,
2_GOJ4933-0-0,VideoTitle.value,6464,विश्वासघात और इनकार किया भविष्यवाणी का ,विश्वासघात और इनकार किया भविष्यवाणी का,leading-or-trailing-whitespace,false,true,SKIPPED_CHECK_LIMIT,,https://www.jesusfilm.org/watch/betrayal-and-denial-foretold/hindi,
6_GOMatt2503,VideoTitle.value,1106,LUMO - Matthäus 5:1-48,,all-caps-token,true,true,SKIPPED_LOW_CONFIDENCE,,,
6_GOMatt2503,VideoTitle.value,12551,LUMO - Mateo 5:1-48,,all-caps-token,true,true,SKIPPED_LOW_CONFIDENCE,,,
6_GOMatt2503,VideoTitle.value,13169,LUMO - มัทธิว 5:1-48,,all-caps-token,true,true,SKIPPED_LOW_CONFIDENCE,,,
6_GOMatt2503,VideoTitle.value,143871,LUMO - Матай 5:1-48,,all-caps-token,true,true,SKIPPED_LOW_CONFIDENCE,,,
6_GOMatt2503,VideoTitle.value,16639,LUMO - Matius 5:1-48,,all-caps-token,true,true,SKIPPED_LOW_CONFIDENCE,,,
6_GOMatt2503,VideoTitle.value,18259,LUMO - Матай 5:1-48,,all-caps-token,true,true,SKIPPED_LOW_CONFIDENCE,,,
6_GOMatt2503,VideoTitle.value,1942,LUMO - Matta 5:1-48,,all-caps-token,true,true,SKIPPED_LOW_CONFIDENCE,,,
6_GOMatt2503,VideoTitle.value,21028,LUMO - Mateo 5:1-48,,all-caps-token,true,true,SKIPPED_LOW_CONFIDENCE,,,
6_GOMatt2503,VideoTitle.value,21753,LUMO - 馬太福音 5:1-48,,all-caps-token,true,true,SKIPPED_LOW_CONFIDENCE,,,
6_GOMatt2503,VideoTitle.value,371,LUMO - Матай 5:1-48,,all-caps-token,true,true,SKIPPED_LOW_CONFIDENCE,,,
6_GOMatt2503,VideoTitle.value,3887,LUMO - Ma-thi-ơ 5:1-48,,all-caps-token,true,true,SKIPPED_LOW_CONFIDENCE,,,
6_GOMatt2503,VideoTitle.value,3934,LUMO - Матфея 5:1-48,,all-caps-token,true,true,SKIPPED_LOW_CONFIDENCE,,,
6_GOMatt2503,VideoTitle.value,407,LUMO - Matthew 5:1-48,,all-caps-token,true,true,SKIPPED_LOW_CONFIDENCE,,,
6_GOMatt2503,VideoTitle.value,496,LUMO - Matthieu 5:1-48,,all-caps-token,true,true,SKIPPED_LOW_CONFIDENCE,,,
6_GOMatt2503,VideoTitle.value,529,LUMO - Matthew 5:1-48,,all-caps-token,true,true,SKIPPED_LOW_CONFIDENCE,,,
6_GOMatt2503,VideoTitle.value,584,LUMO - Mateus 5:1-48,,all-caps-token,true,true,SKIPPED_LOW_CONFIDENCE,,,
6_GOMatt2503,VideoTitle.value,6930,LUMO - מתי 5:1-48,,all-caps-token,true,true,SKIPPED_LOW_CONFIDENCE,,,
6_GOMatt2506,VideoTitle.value,1106,LUMO - Matthäus 9:1-38,,all-caps-token,true,true,SKIPPED_LOW_CONFIDENCE,,,
6_GOMatt2506,VideoTitle.value,12551,LUMO - Mateo 9:1-38,,all-caps-token,true,true,SKIPPED_LOW_CONFIDENCE,,,
6_GOMatt2506,VideoTitle.value,13169,LUMO - มัทธิว 9:1-38,,all-caps-token,true,true,SKIPPED_LOW_CONFIDENCE,,,
6_GOMatt2506,VideoTitle.value,143871,LUMO - Матай 9:1-38,,all-caps-token,true,true,SKIPPED_LOW_CONFIDENCE,,,
6_GOMatt2506,VideoTitle.value,16639,LUMO - Matius 9:1-38,,all-caps-token,true,true,SKIPPED_LOW_CONFIDENCE,,,
6_GOMatt2506,VideoTitle.value,18259,LUMO - Матай 9:1-38,,all-caps-token,true,true,SKIPPED_LOW_CONFIDENCE,,,
6_GOMatt2506,VideoTitle.value,1942,LUMO - Matta 9:1-38,,all-caps-token,true,true,SKIPPED_LOW_CONFIDENCE,,,
6_GOMatt2506,VideoTitle.value,21028,LUMO - Mateo 9:1-38,,all-caps-token,true,true,SKIPPED_LOW_CONFIDENCE,,,
6_GOMatt2506,VideoTitle.value,21753,LUMO - 馬太福音 9:1-38,,all-caps-token,true,true,SKIPPED_LOW_CONFIDENCE,,,
6_GOMatt2506,VideoTitle.value,371,LUMO - Матай 9:1-38,,all-caps-token,true,true,SKIPPED_LOW_CONFIDENCE,,,
6_GOMatt2506,VideoTitle.value,3887,LUMO - Ma-thi-ơ 9:1-38,,all-caps-token,true,true,SKIPPED_LOW_CONFIDENCE,,,
6_GOMatt2506,VideoTitle.value,3934,LUMO - Матфея 9:1-38,,all-caps-token,true,true,SKIPPED_LOW_CONFIDENCE,,,
6_GOMatt2506,VideoTitle.value,496,LUMO - Matthieu 9:1-38,,all-caps-token,true,true,SKIPPED_LOW_CONFIDENCE,,,
6_GOMatt2506,VideoTitle.value,529,LUMO - Matthew 9:1-38,,all-caps-token,true,true,SKIPPED_LOW_CONFIDENCE,,,
6_GOMatt2506,VideoTitle.value,584,LUMO - Mateus 9:1-38,,all-caps-token,true,true,SKIPPED_LOW_CONFIDENCE,,,
6_GOMatt2506,VideoTitle.value,6930,LUMO - מתי ט':1-38,,all-caps-token,true,true,SKIPPED_LOW_CONFIDENCE,,,
7_0-Easter,VideoTitle.value,1106,NUA: Ostern,,all-caps-token,true,true,SKIPPED_LOW_CONFIDENCE,,,
7_0-Easter,VideoTitle.value,12551,NUA: Pasko ng Pagkabuhay,,all-caps-token,true,true,SKIPPED_LOW_CONFIDENCE,,,
7_0-Easter,VideoTitle.value,139485,NUA: عيد الفصح,,all-caps-token,true,true,SKIPPED_LOW_CONFIDENCE,,,
7_0-Easter,VideoTitle.value,16639,NUA: Paskah,,all-caps-token,true,true,SKIPPED_LOW_CONFIDENCE,,,
7_0-Easter,VideoTitle.value,176243,NUA: ইস্টার,,all-caps-token,true,true,SKIPPED_LOW_CONFIDENCE,,,
7_0-Easter,VideoTitle.value,1942,NUA: Paskalya,,all-caps-token,true,true,SKIPPED_LOW_CONFIDENCE,,,
7_0-Easter,VideoTitle.value,21753,NUA: 復活節,,all-caps-token,true,true,SKIPPED_LOW_CONFIDENCE,,,
7_0-Easter,VideoTitle.value,21754,NUA: 复活节,,all-caps-token,true,true,SKIPPED_LOW_CONFIDENCE,,,
7_0-Easter,VideoTitle.value,22658,NUA: عيد الفصح,,all-caps-token,true,true,SKIPPED_LOW_CONFIDENCE,,,
7_0-Easter,VideoTitle.value,371,NUA: Пасха,,all-caps-token,true,true,SKIPPED_LOW_CONFIDENCE,,,
7_0-Easter,VideoTitle.value,3804,NUA: 부활절,,all-caps-token,true,true,SKIPPED_LOW_CONFIDENCE,,,
7_0-Easter,VideoTitle.value,3887,NUA: Lễ Phục Sinh,,all-caps-token,true,true,SKIPPED_LOW_CONFIDENCE,,,
7_0-Easter,VideoTitle.value,3934,NUA: Пасха,,all-caps-token,true,true,SKIPPED_LOW_CONFIDENCE,,,
7_0-Easter,VideoTitle.value,407,NUA: ایسٹر,,all-caps-token,true,true,SKIPPED_LOW_CONFIDENCE,,,
7_0-Easter,VideoTitle.value,496,NUA : Pâques,,possible-multilingual-concatenation;all-caps-token,true,true,SKIPPED_LOW_CONFIDENCE,,,
7_0-Easter,VideoTitle.value,529,NUA: Easter,,all-caps-token,true,true,SKIPPED_LOW_CONFIDENCE,,,
7_0-Easter,VideoTitle.value,584,NUA: Páscoa,,all-caps-token,true,true,SKIPPED_LOW_CONFIDENCE,,,
7_0-Easter,VideoTitle.value,6788,NUA: عید پاک,,all-caps-token,true,true,SKIPPED_LOW_CONFIDENCE,,,
7_0-Easter,VideoTitle.value,6930,NUA: פסחא,,all-caps-token,true,true,SKIPPED_LOW_CONFIDENCE,,,
7_0-Easter,VideoTitle.value,7083,NUA：イースター,,all-caps-token,true,true,SKIPPED_LOW_CONFIDENCE,,,
GOJohnCollection,VideoTitle.value,529,LUMO - The Gospel of John,,possible-multilingual-concatenation;all-caps-token,true,true,SKIPPED_LOW_CONFIDENCE,,,
2_WayPatrickTrailer,VideoTitle.value,16639,St Patrick - Trailer,,possible-multilingual-concatenation,true,true,SKIPPED_LOW_CONFIDENCE,,,
2_WayPatrickTrailer,VideoTitle.value,1942,Aziz Patrick - Fragman,,possible-multilingual-concatenation,true,true,SKIPPED_LOW_CONFIDENCE,,,
2_WayPatrickTrailer,VideoTitle.value,3887,Thánh Patrick - Trailer,,possible-multilingual-concatenation,true,true,SKIPPED_LOW_CONFIDENCE,,,
2_WayPatrickTrailer,VideoTitle.value,496,St Patrick - Bande annonce,,possible-multilingual-concatenation,true,true,SKIPPED_LOW_CONFIDENCE,,,
2_WayPatrickTrailer,VideoTitle.value,529,St Patrick - Trailer,,possible-multilingual-concatenation,true,true,SKIPPED_LOW_CONFIDENCE,,,
2_WayPatrickTrailer,VideoTitle.value,584,St Patrick - Trailer,,possible-multilingual-concatenation,true,true,SKIPPED_LOW_CONFIDENCE,,,
6_GOMatt2512,VideoTitle.value,1106,LUMO - Matthäus 15:21-16:20,,all-caps-token,true,true,SKIPPED_LOW_CONFIDENCE,,,
6_GOMatt2512,VideoTitle.value,12551,LUMO - Mateo 15:21-16:20,,all-caps-token,true,true,SKIPPED_LOW_CONFIDENCE,,,
6_GOMatt2512,VideoTitle.value,13169,LUMO - มัทธิว 15:21-16:20,,all-caps-token,true,true,SKIPPED_LOW_CONFIDENCE,,,
6_GOMatt2512,VideoTitle.value,143871,LUMO - Матай 15:21-16:20,,all-caps-token,true,true,SKIPPED_LOW_CONFIDENCE,,,
6_GOMatt2512,VideoTitle.value,16639,LUMO - Matius 15:21-16:20,,all-caps-token,true,true,SKIPPED_LOW_CONFIDENCE,,,
6_GOMatt2512,VideoTitle.value,18259,LUMO - Матай 15:21-16:20,,all-caps-token,true,true,SKIPPED_LOW_CONFIDENCE,,,
6_GOMatt2512,VideoTitle.value,1942,LUMO - Matta 15:21-16:20,,all-caps-token,true,true,SKIPPED_LOW_CONFIDENCE,,,
6_GOMatt2512,VideoTitle.value,21028,LUMO - Mateo 15:21-16:20,,all-caps-token,true,true,SKIPPED_LOW_CONFIDENCE,,,
6_GOMatt2512,VideoTitle.value,21753,LUMO - 馬太福音 15:21-16:20,,all-caps-token,true,true,SKIPPED_LOW_CONFIDENCE,,,
6_GOMatt2512,VideoTitle.value,371,LUMO - Матай 15:21-16:20,,all-caps-token,true,true,SKIPPED_LOW_CONFIDENCE,,,
6_GOMatt2512,VideoTitle.value,3887,LUMO - Ma-thi-ơ 15:21-16:20,,all-caps-token,true,true,SKIPPED_LOW_CONFIDENCE,,,
6_GOMatt2512,VideoTitle.value,3934,LUMO - Матфея 15:21-16:20,,all-caps-token,true,true,SKIPPED_LOW_CONFIDENCE,,,
6_GOMatt2512,VideoTitle.value,407,LUMO - متی 15:21-16:20,,all-caps-token,true,true,SKIPPED_LOW_CONFIDENCE,,,
6_GOMatt2512,VideoTitle.value,496,LUMO - Matthieu 15:21-16:20,,all-caps-token,true,true,SKIPPED_LOW_CONFIDENCE,,,
6_GOMatt2512,VideoTitle.value,529,LUMO - Matthew 15:21-16:20,,all-caps-token,true,true,SKIPPED_LOW_CONFIDENCE,,,
6_GOMatt2512,VideoTitle.value,584,LUMO - Mateus 15:21-16:20,,all-caps-token,true,true,SKIPPED_LOW_CONFIDENCE,,,
6_GOMatt2512,VideoTitle.value,6930,LUMO - מתי טו:21-16:20,,all-caps-token,true,true,SKIPPED_LOW_CONFIDENCE,,,
6_GOMatt2513,VideoTitle.value,1106,LUMO - Matthäus 16:21-18:9,,all-caps-token,true,true,SKIPPED_LOW_CONFIDENCE,,,
6_GOMatt2513,VideoTitle.value,12551,LUMO - Mateo 16:21-18:9,,all-caps-token,true,true,SKIPPED_LOW_CONFIDENCE,,,
6_GOMatt2513,VideoTitle.value,13169,LUMO - มัทธิว 16:21-18:9,,all-caps-token,true,true,SKIPPED_LOW_CONFIDENCE,,,
6_GOMatt2513,VideoTitle.value,143871,LUMO - Матай 16:21-18:9,,all-caps-token,true,true,SKIPPED_LOW_CONFIDENCE,,,
6_GOMatt2513,VideoTitle.value,16639,LUMO - Matius 16:21-18:9,,all-caps-token,true,true,SKIPPED_LOW_CONFIDENCE,,,
6_GOMatt2513,VideoTitle.value,18259,LUMO - Матай 16:21-18:9,,all-caps-token,true,true,SKIPPED_LOW_CONFIDENCE,,,
6_GOMatt2513,VideoTitle.value,1942,LUMO - Matta 16:21-18:9,,all-caps-token,true,true,SKIPPED_LOW_CONFIDENCE,,,
6_GOMatt2513,VideoTitle.value,21028,LUMO - Mateo 16:21-18:9,,all-caps-token,true,true,SKIPPED_LOW_CONFIDENCE,,,
6_GOMatt2513,VideoTitle.value,21753,LUMO - 馬太福音 16:21-18:9,,all-caps-token,true,true,SKIPPED_LOW_CONFIDENCE,,,
6_GOMatt2513,VideoTitle.value,371,LUMO - Матай 16:21-18:9,,all-caps-token,true,true,SKIPPED_LOW_CONFIDENCE,,,
6_GOMatt2513,VideoTitle.value,3887,LUMO - Ma-thi-ơ 16:21-18:9,,all-caps-token,true,true,SKIPPED_LOW_CONFIDENCE,,,
6_GOMatt2513,VideoTitle.value,3934,LUMO - Матфея 16:21-18:9,,all-caps-token,true,true,SKIPPED_LOW_CONFIDENCE,,,
6_GOMatt2513,VideoTitle.value,407,LUMO - متی 16:21-18:9,,all-caps-token,true,true,SKIPPED_LOW_CONFIDENCE,,,
6_GOMatt2513,VideoTitle.value,496,LUMO - Matthieu 16:21-18:9,,all-caps-token,true,true,SKIPPED_LOW_CONFIDENCE,,,
6_GOMatt2513,VideoTitle.value,529,LUMO - Matthew 16:21-18:9,,all-caps-token,true,true,SKIPPED_LOW_CONFIDENCE,,,
6_GOMatt2513,VideoTitle.value,584,LUMO - Mateus 16:21-18:9,,all-caps-token,true,true,SKIPPED_LOW_CONFIDENCE,,,
6_GOMatt2513,VideoTitle.value,6930,"LUMO - מתי ט""ז:21-18:9",,all-caps-token,true,true,SKIPPED_LOW_CONFIDENCE,,,
6_GOLuke2618,VideoTitle.value,1106,LUMO - Lukas 18:9-43,,all-caps-token,true,true,SKIPPED_LOW_CONFIDENCE,,,
6_GOLuke2618,VideoTitle.value,12551,LUMO - Lucas 18:9-43,,all-caps-token,true,true,SKIPPED_LOW_CONFIDENCE,,,
6_GOLuke2618,VideoTitle.value,13169,LUMO - ลูกา 18:9-43,,all-caps-token,true,true,SKIPPED_LOW_CONFIDENCE,,,
6_GOLuke2618,VideoTitle.value,143871,LUMO - Лук 18:9-43,,all-caps-token,true,true,SKIPPED_LOW_CONFIDENCE,,,
6_GOLuke2618,VideoTitle.value,16639,LUMO - Lukas 18:9-43,,all-caps-token,true,true,SKIPPED_LOW_CONFIDENCE,,,
6_GOLuke2618,VideoTitle.value,18259,LUMO - Лук 18:9-43,,all-caps-token,true,true,SKIPPED_LOW_CONFIDENCE,,,
6_GOLuke2618,VideoTitle.value,1942,LUMO - Luka 18:9-43,,all-caps-token,true,true,SKIPPED_LOW_CONFIDENCE,,,
6_GOLuke2618,VideoTitle.value,21028,LUMO - Lucas 18:9-43,,all-caps-token,true,true,SKIPPED_LOW_CONFIDENCE,,,
6_GOLuke2618,VideoTitle.value,21753,LUMO - 路加福音 18:9-43,,all-caps-token,true,true,SKIPPED_LOW_CONFIDENCE,,,
6_GOLuke2618,VideoTitle.value,371,LUMO - Лұқа 18:9-43,,all-caps-token,true,true,SKIPPED_LOW_CONFIDENCE,,,
6_GOLuke2618,VideoTitle.value,3887,LUMO - Lc 18:9-43,,all-caps-token,true,true,SKIPPED_LOW_CONFIDENCE,,,
6_GOLuke2618,VideoTitle.value,3934,LUMO - Лука 18:9-43,,all-caps-token,true,true,SKIPPED_LOW_CONFIDENCE,,,
6_GOLuke2618,VideoTitle.value,407,LUMO - لوک 18:9-43,,all-caps-token,true,true,SKIPPED_LOW_CONFIDENCE,,,
6_GOLuke2618,VideoTitle.value,496,LUMO - Luc 18:9-43,,all-caps-token,true,true,SKIPPED_LOW_CONFIDENCE,,,
6_GOLuke2618,VideoTitle.value,529,LUMO - Luke 18:9-43,,all-caps-token,true,true,SKIPPED_LOW_CONFIDENCE,,,
6_GOLuke2618,VideoTitle.value,584,LUMO - Lucas 18:9-43,,all-caps-token,true,true,SKIPPED_LOW_CONFIDENCE,,,
6_GOLuke2618,VideoTitle.value,6788,LUMO - لوقا 18:9-43,,all-caps-token,true,true,SKIPPED_LOW_CONFIDENCE,,,
6_GOLuke2618,VideoTitle.value,6930,LUMO - לוקס 18:9-43,,all-caps-token,true,true,SKIPPED_LOW_CONFIDENCE,,,
6_GOMark1512,VideoTitle.value,1106,LUMO - Markus 14:12-52,,all-caps-token,true,true,SKIPPED_LOW_CONFIDENCE,,,
6_GOMark1512,VideoTitle.value,12551,LUMO - Marcos 14:12-52,,all-caps-token,true,true,SKIPPED_LOW_CONFIDENCE,,,
6_GOMark1512,VideoTitle.value,13169,LUMO - มาระโก 14:12-52,,all-caps-token,true,true,SKIPPED_LOW_CONFIDENCE,,,
6_GOMark1512,VideoTitle.value,143871,LUMO - Марк 14:12-52,,all-caps-token,true,true,SKIPPED_LOW_CONFIDENCE,,,
6_GOMark1512,VideoTitle.value,16639,LUMO - Markus 14:12-52,,all-caps-token,true,true,SKIPPED_LOW_CONFIDENCE,,,
6_GOMark1512,VideoTitle.value,18259,LUMO - Марк 14:12-52,,all-caps-token,true,true,SKIPPED_LOW_CONFIDENCE,,,
6_GOMark1512,VideoTitle.value,1942,LUMO - Markos 14:12-52,,all-caps-token,true,true,SKIPPED_LOW_CONFIDENCE,,,
6_GOMark1512,VideoTitle.value,21028,LUMO - Marcos 14:12-52,,all-caps-token,true,true,SKIPPED_LOW_CONFIDENCE,,,
6_GOMark1512,VideoTitle.value,21753,LUMO - 馬可福音 14:12-52,,all-caps-token,true,true,SKIPPED_LOW_CONFIDENCE,,,
6_GOMark1512,VideoTitle.value,21754,LUMO - 《马可福音》14:12-52,,all-caps-token,true,true,SKIPPED_LOW_CONFIDENCE,,,
6_GOMark1512,VideoTitle.value,371,LUMO - Марк 14:12-52,,all-caps-token,true,true,SKIPPED_LOW_CONFIDENCE,,,
6_GOMark1512,VideoTitle.value,3887,LUMO - Mác 14:12-52,,all-caps-token,true,true,SKIPPED_LOW_CONFIDENCE,,,
6_GOMark1512,VideoTitle.value,3934,LUMO - Марк 14:12-52,,all-caps-token,true,true,SKIPPED_LOW_CONFIDENCE,,,
6_GOMark1512,VideoTitle.value,407,LUMO - Mark 14:12-52,,all-caps-token,true,true,SKIPPED_LOW_CONFIDENCE,,,
6_GOMark1512,VideoTitle.value,496,LUMO - Marc 14:12-52,,all-caps-token,true,true,SKIPPED_LOW_CONFIDENCE,,,
6_GOMark1512,VideoTitle.value,529,LUMO - Mark 14:12-52,,all-caps-token,true,true,SKIPPED_LOW_CONFIDENCE,,,
6_GOMark1512,VideoTitle.value,584,LUMO - Marcos 14:12-52,,all-caps-token,true,true,SKIPPED_LOW_CONFIDENCE,,,
6_GOMark1512,VideoTitle.value,6930,LUMO - מרקוס יד: 12-52,,all-caps-token,true,true,SKIPPED_LOW_CONFIDENCE,,,
6_GOMatt2521,VideoTitle.value,1106,LUMO - Matthäus 26:1-35,,all-caps-token,true,true,SKIPPED_LOW_CONFIDENCE,,,
6_GOMatt2521,VideoTitle.value,12551,LUMO - Mateo 26:1-35,,all-caps-token,true,true,SKIPPED_LOW_CONFIDENCE,,,
6_GOMatt2521,VideoTitle.value,13169,LUMO - มัทธิว 26:1-35,,all-caps-token,true,true,SKIPPED_LOW_CONFIDENCE,,,
6_GOMatt2521,VideoTitle.value,143871,LUMO - Матай 26:1-35,,all-caps-token,true,true,SKIPPED_LOW_CONFIDENCE,,,
6_GOMatt2521,VideoTitle.value,16639,LUMO - Matius 26:1-35,,all-caps-token,true,true,SKIPPED_LOW_CONFIDENCE,,,
6_GOMatt2521,VideoTitle.value,18259,LUMO - Матай 26:1-35,,all-caps-token,true,true,SKIPPED_LOW_CONFIDENCE,,,
6_GOMatt2521,VideoTitle.value,1942,LUMO - Matta 26:1-35,,all-caps-token,true,true,SKIPPED_LOW_CONFIDENCE,,,
6_GOMatt2521,VideoTitle.value,21028,LUMO - Mateo 26:1-35,,all-caps-token,true,true,SKIPPED_LOW_CONFIDENCE,,,
6_GOMatt2521,VideoTitle.value,21753,LUMO - 馬太福音 26:1-35,,all-caps-token,true,true,SKIPPED_LOW_CONFIDENCE,,,
6_GOMatt2521,VideoTitle.value,371,LUMO - Матай 26:1-35,,all-caps-token,true,true,SKIPPED_LOW_CONFIDENCE,,,
6_GOMatt2521,VideoTitle.value,3887,LUMO - Ma-thi-ơ 26:1-35,,all-caps-token,true,true,SKIPPED_LOW_CONFIDENCE,,,
6_GOMatt2521,VideoTitle.value,3934,LUMO - Матфея 26:1-35,,all-caps-token,true,true,SKIPPED_LOW_CONFIDENCE,,,
6_GOMatt2521,VideoTitle.value,496,LUMO - Matthieu 26:1-35,,all-caps-token,true,true,SKIPPED_LOW_CONFIDENCE,,,
6_GOMatt2521,VideoTitle.value,529,LUMO - Matthew 26:1-35,,all-caps-token,true,true,SKIPPED_LOW_CONFIDENCE,,,
6_GOMatt2521,VideoTitle.value,584,LUMO - Mateus 26:1-35,,all-caps-token,true,true,SKIPPED_LOW_CONFIDENCE,,,
6_GOMatt2521,VideoTitle.value,6930,"LUMO - מתי כ""ו:1-35",,all-caps-token,true,true,SKIPPED_LOW_CONFIDENCE,,,
6_GOMatt2522,VideoTitle.value,1106,LUMO - Matthäus 26:36-75,,all-caps-token,true,true,SKIPPED_LOW_CONFIDENCE,,,
6_GOMatt2522,VideoTitle.value,12551,LUMO - Mateo 26:36-75,,all-caps-token,true,true,SKIPPED_LOW_CONFIDENCE,,,
6_GOMatt2522,VideoTitle.value,13169,LUMO - มัทธิว 26:36-75,,all-caps-token,true,true,SKIPPED_LOW_CONFIDENCE,,,
6_GOMatt2522,VideoTitle.value,143871,LUMO - Матай 26:36-75,,all-caps-token,true,true,SKIPPED_LOW_CONFIDENCE,,,
6_GOMatt2522,VideoTitle.value,16639,LUMO - Matius 26:36-75,,all-caps-token,true,true,SKIPPED_LOW_CONFIDENCE,,,
6_GOMatt2522,VideoTitle.value,18259,LUMO - Матай 26:36-75,,all-caps-token,true,true,SKIPPED_LOW_CONFIDENCE,,,
6_GOMatt2522,VideoTitle.value,1942,LUMO - Matta 26:36-75,,all-caps-token,true,true,SKIPPED_LOW_CONFIDENCE,,,
6_GOMatt2522,VideoTitle.value,21028,LUMO - Mateo 26:36-75,,all-caps-token,true,true,SKIPPED_LOW_CONFIDENCE,,,
6_GOMatt2522,VideoTitle.value,21753,LUMO - 馬太福音 26:36-75,,all-caps-token,true,true,SKIPPED_LOW_CONFIDENCE,,,
6_GOMatt2522,VideoTitle.value,371,LUMO - Матай 26:36-75,,all-caps-token,true,true,SKIPPED_LOW_CONFIDENCE,,,
6_GOMatt2522,VideoTitle.value,3887,LUMO - Ma-thi-ơ 26:36-75,,all-caps-token,true,true,SKIPPED_LOW_CONFIDENCE,,,
6_GOMatt2522,VideoTitle.value,3934,LUMO - Матфея 26:36-75,,all-caps-token,true,true,SKIPPED_LOW_CONFIDENCE,,,
6_GOMatt2522,VideoTitle.value,496,LUMO - Matthieu 26:36-75,,all-caps-token,true,true,SKIPPED_LOW_CONFIDENCE,,,
6_GOMatt2522,VideoTitle.value,529,LUMO - Matthew 26:36-75,,all-caps-token,true,true,SKIPPED_LOW_CONFIDENCE,,,
6_GOMatt2522,VideoTitle.value,584,LUMO - Mateus 26:36-75,,all-caps-token,true,true,SKIPPED_LOW_CONFIDENCE,,,
6_GOMatt2522,VideoTitle.value,6930,"LUMO - מתי כ""ו:36-75",,all-caps-token,true,true,SKIPPED_LOW_CONFIDENCE,,,
6_GOMatt2525,VideoTitle.value,1106,LUMO - Matthew End Credits,,possible-multilingual-concatenation;all-caps-token,true,true,SKIPPED_LOW_CONFIDENCE,,,
6_GOMatt2525,VideoTitle.value,12551,LUMO - Matthew End Credits,,possible-multilingual-concatenation;all-caps-token,true,true,SKIPPED_LOW_CONFIDENCE,,,
6_GOMatt2525,VideoTitle.value,13169,LUMO - เครดิตท้ายเรื่องมัทธิว,,all-caps-token,true,true,SKIPPED_LOW_CONFIDENCE,,,
6_GOMatt2525,VideoTitle.value,143871,LUMO - Мэттью Энд Кредит,,possible-multilingual-concatenation;all-caps-token,true,true,SKIPPED_LOW_CONFIDENCE,,,
6_GOMatt2525,VideoTitle.value,16639,LUMO - Kredit Akhir Matthew,,possible-multilingual-concatenation;all-caps-token,true,true,SKIPPED_LOW_CONFIDENCE,,,
6_GOMatt2525,VideoTitle.value,18259,LUMO - Мэттью Энд Кредит,,possible-multilingual-concatenation;all-caps-token,true,true,SKIPPED_LOW_CONFIDENCE,,,
6_GOMatt2525,VideoTitle.value,1942,LUMO - Matthew End Credits,,possible-multilingual-concatenation;all-caps-token,true,true,SKIPPED_LOW_CONFIDENCE,,,
6_GOMatt2525,VideoTitle.value,21028,LUMO - Matthew Créditos Finales,,possible-multilingual-concatenation;all-caps-token,true,true,SKIPPED_LOW_CONFIDENCE,,,
6_GOMatt2525,VideoTitle.value,21753,LUMO - Matthew 片尾曲,,possible-multilingual-concatenation;all-caps-token,true,true,SKIPPED_LOW_CONFIDENCE,,,
6_GOMatt2525,VideoTitle.value,21754,LUMO - 马修片尾曲,,all-caps-token,true,true,SKIPPED_LOW_CONFIDENCE,,,
6_GOMatt2525,VideoTitle.value,371,LUMO - Matthew End Credits,,possible-multilingual-concatenation;all-caps-token,true,true,SKIPPED_LOW_CONFIDENCE,,,
6_GOMatt2525,VideoTitle.value,3804,LUMO - 매튜 엔드 크레딧,,all-caps-token,true,true,SKIPPED_LOW_CONFIDENCE,,,
6_GOMatt2525,VideoTitle.value,3887,LUMO - Matthew Kết thúc phần ghi danh,,possible-multilingual-concatenation;all-caps-token,true,true,SKIPPED_LOW_CONFIDENCE,,,
6_GOMatt2525,VideoTitle.value,3934,LUMO - Matthew End Credits,,possible-multilingual-concatenation;all-caps-token,true,true,SKIPPED_LOW_CONFIDENCE,,,
6_GOMatt2525,VideoTitle.value,496,LUMO - Générique de fin de Matthew,,possible-multilingual-concatenation;all-caps-token,true,true,SKIPPED_LOW_CONFIDENCE,,,
6_GOMatt2525,VideoTitle.value,529,LUMO - Matthew End Credits,,possible-multilingual-concatenation;all-caps-token,true,true,SKIPPED_LOW_CONFIDENCE,,,
6_GOMatt2525,VideoTitle.value,584,LUMO - Mateus - créditos finais,,possible-multilingual-concatenation;all-caps-token,true,true,SKIPPED_LOW_CONFIDENCE,,,
6_GOMatt2525,VideoTitle.value,6930,LUMO - מתיו אנד קרדיטים,,all-caps-token,true,true,SKIPPED_LOW_CONFIDENCE,,,
6_GOMatt2525,VideoTitle.value,7083,LUMO - マシュー・エンドクレジット,,all-caps-token,true,true,SKIPPED_LOW_CONFIDENCE,,,
10_Darkroom11Afterlife,VideoTitle.value,496,La vie après la mort : Sadie veut aller en enfer,,possible-multilingual-concatenation,true,true,SKIPPED_LOW_CONFIDENCE,,,
1_mld11-0-0,VideoTitle.value,1106,Mein letzter Tag - Vorschau,,possible-multilingual-concatenation,true,true,SKIPPED_LOW_CONFIDENCE,,,
1_mld11-0-0,VideoTitle.value,12551,Ang Aking Huling Araw - Trailer,,possible-multilingual-concatenation,true,true,SKIPPED_LOW_CONFIDENCE,,,
1_mld11-0-0,VideoTitle.value,143871,Миний сүүлчийн өдөр - Трейлер,,possible-multilingual-concatenation,true,true,SKIPPED_LOW_CONFIDENCE,,,
1_mld11-0-0,VideoTitle.value,16639,Hari Terakhir Saya - Trailer,,possible-multilingual-concatenation,true,true,SKIPPED_LOW_CONFIDENCE,,,
1_mld11-0-0,VideoTitle.value,18259,Миний сүүлчийн өдөр - Трейлер,,possible-multilingual-concatenation,true,true,SKIPPED_LOW_CONFIDENCE,,,
1_mld11-0-0,VideoTitle.value,1942,Son Günüm - Fragman,,possible-multilingual-concatenation,true,true,SKIPPED_LOW_CONFIDENCE,,,
1_mld11-0-0,VideoTitle.value,3887,Ngày Cuối Của Ta - Giới Thiệu Phim,,possible-multilingual-concatenation,true,true,SKIPPED_LOW_CONFIDENCE,,,
1_mld11-0-0,VideoTitle.value,496,Mon Dernier Jour - Bande-annonce,,possible-multilingual-concatenation,true,true,SKIPPED_LOW_CONFIDENCE,,,
1_mld11-0-0,VideoTitle.value,529,My Last Day - Trailer,,possible-multilingual-concatenation,true,true,SKIPPED_LOW_CONFIDENCE,,,
6_GOMatt2518,VideoTitle.value,1106,LUMO - Matthäus 23:13-39,,all-caps-token,true,true,SKIPPED_LOW_CONFIDENCE,,,
6_GOMatt2518,VideoTitle.value,12551,LUMO - Mateo 23:13-39,,all-caps-token,true,true,SKIPPED_LOW_CONFIDENCE,,,
6_GOMatt2518,VideoTitle.value,13169,LUMO - มัทธิว 23:13-39,,all-caps-token,true,true,SKIPPED_LOW_CONFIDENCE,,,
6_GOMatt2518,VideoTitle.value,143871,LUMO - Матай 23:13-39,,all-caps-token,true,true,SKIPPED_LOW_CONFIDENCE,,,
6_GOMatt2518,VideoTitle.value,16639,LUMO - Matius 23:13-39,,all-caps-token,true,true,SKIPPED_LOW_CONFIDENCE,,,
6_GOMatt2518,VideoTitle.value,18259,LUMO - Матай 23:13-39,,all-caps-token,true,true,SKIPPED_LOW_CONFIDENCE,,,
6_GOMatt2518,VideoTitle.value,1942,LUMO - Matta 23:13-39,,all-caps-token,true,true,SKIPPED_LOW_CONFIDENCE,,,
6_GOMatt2518,VideoTitle.value,21028,LUMO - Mateo 23:13-39,,all-caps-token,true,true,SKIPPED_LOW_CONFIDENCE,,,
6_GOMatt2518,VideoTitle.value,21753,LUMO - 馬太福音 23:13-39,,all-caps-token,true,true,SKIPPED_LOW_CONFIDENCE,,,
6_GOMatt2518,VideoTitle.value,371,LUMO - Матай 23:13-39,,all-caps-token,true,true,SKIPPED_LOW_CONFIDENCE,,,
6_GOMatt2518,VideoTitle.value,3887,LUMO - Ma-thi-ơ 23:13-39,,all-caps-token,true,true,SKIPPED_LOW_CONFIDENCE,,,
6_GOMatt2518,VideoTitle.value,3934,LUMO - Матфея 23:13-39,,all-caps-token,true,true,SKIPPED_LOW_CONFIDENCE,,,
6_GOMatt2518,VideoTitle.value,496,LUMO - Matthieu 23:13-39,,all-caps-token,true,true,SKIPPED_LOW_CONFIDENCE,,,
6_GOMatt2518,VideoTitle.value,529,LUMO - Matthew 23:13-39,,all-caps-token,true,true,SKIPPED_LOW_CONFIDENCE,,,
6_GOMatt2518,VideoTitle.value,584,LUMO - Mateus 23:13-39,,all-caps-token,true,true,SKIPPED_LOW_CONFIDENCE,,,
6_GOMatt2518,VideoTitle.value,6930,"LUMO - מתי כ""ג: 13-39",,all-caps-token,true,true,SKIPPED_LOW_CONFIDENCE,,,
2_DamtewStormsofLifeVert,VideoTitle.value,496,Damtew : Les tempêtes de la vie Devo,,possible-multilingual-concatenation,true,true,SKIPPED_LOW_CONFIDENCE,,,
17_GoodFridayLive,VideoTitle.value,496,Vendredi saint : En direct,,possible-multilingual-concatenation,true,true,SKIPPED_LOW_CONFIDENCE,,,
6_Acts0403,VideoTitle.value,1106,"LUMO – Apostelgeschichte 14,24–21,7",,all-caps-token,true,true,SKIPPED_LOW_CONFIDENCE,,,
6_Acts0403,VideoTitle.value,12551,LUMO - Mga Gawa 14:24-21:7,,all-caps-token,true,true,SKIPPED_LOW_CONFIDENCE,,,
6_Acts0403,VideoTitle.value,143871,LUMO - Үйлсийн 14:24-21:7,,all-caps-token,true,true,SKIPPED_LOW_CONFIDENCE,,,
6_Acts0403,VideoTitle.value,16639,LUMO - Kisah Para Rasul 14:24–21:7,,all-caps-token,true,true,SKIPPED_LOW_CONFIDENCE,,,
6_Acts0403,VideoTitle.value,18259,LUMO - Үйлсийн 14:24-21:7,,all-caps-token,true,true,SKIPPED_LOW_CONFIDENCE,,,
6_Acts0403,VideoTitle.value,1942,LUMO - Elçilerin İşleri 14:24-21:7,,all-caps-token,true,true,SKIPPED_LOW_CONFIDENCE,,,
6_Acts0403,VideoTitle.value,21753,LUMO - 使徒行傳 14:24-21:7,,all-caps-token,true,true,SKIPPED_LOW_CONFIDENCE,,,
6_Acts0403,VideoTitle.value,21754,LUMO - 使徒行传 14:24-21:7,,all-caps-token,true,true,SKIPPED_LOW_CONFIDENCE,,,
6_Acts0403,VideoTitle.value,22658,LUMO - سفر أعمال الرسل 14:24-21:7,,all-caps-token,true,true,SKIPPED_LOW_CONFIDENCE,,,
6_Acts0403,VideoTitle.value,371,LUMO - Істер 14:24-21:7,,all-caps-token,true,true,SKIPPED_LOW_CONFIDENCE,,,
6_Acts0403,VideoTitle.value,3804,LUMO - 사도행전 14:24-21:7,,all-caps-token,true,true,SKIPPED_LOW_CONFIDENCE,,,
6_Acts0403,VideoTitle.value,3887,LUMO - Công vụ các Sứ đồ 14:24–21:7,,all-caps-token,true,true,SKIPPED_LOW_CONFIDENCE,,,
6_Acts0403,VideoTitle.value,3934,LUMO — Деяния 14:24–21:7,,all-caps-token,true,true,SKIPPED_LOW_CONFIDENCE,,,
6_Acts0403,VideoTitle.value,407,LUMO - اعمال 14:24-21:7,,all-caps-token,true,true,SKIPPED_LOW_CONFIDENCE,,,
6_Acts0403,VideoTitle.value,496,LUMO - Actes 14:24-21:7,,all-caps-token,true,true,SKIPPED_LOW_CONFIDENCE,,,
6_Acts0403,VideoTitle.value,529,LUMO - Acts 14:24-21:7,,all-caps-token,true,true,SKIPPED_LOW_CONFIDENCE,,,
6_Acts0403,VideoTitle.value,584,LUMO - Atos 14:24-21:7,,all-caps-token,true,true,SKIPPED_LOW_CONFIDENCE,,,
6_Acts0403,VideoTitle.value,6930,LUMO - מעשי השליחים 14:24–21:7,,all-caps-token,true,true,SKIPPED_LOW_CONFIDENCE,,,
6_Acts0403,VideoTitle.value,7083,LUMO - 使徒行伝 14章24節～21章7節,,all-caps-token,true,true,SKIPPED_LOW_CONFIDENCE,,,
16_HopeTrailer,VideoTitle.value,496,Espoir : Bande-annonce,,possible-multilingual-concatenation,true,true,SKIPPED_LOW_CONFIDENCE,,,
6_Acts,VideoTitle.value,1106,LUMO – Die Apostelgeschichte,,possible-multilingual-concatenation;all-caps-token,true,true,SKIPPED_LOW_CONFIDENCE,,,
6_Acts,VideoTitle.value,12551,LUMO - Ang Mga Gawa ng mga Apostol,,possible-multilingual-concatenation;all-caps-token,true,true,SKIPPED_LOW_CONFIDENCE,,,
6_Acts,VideoTitle.value,143871,ЛУМО - Апостолуудын үйлс,,possible-multilingual-concatenation,true,true,SKIPPED_LOW_CONFIDENCE,,,
6_Acts,VideoTitle.value,16639,LUMO - Kisah Para Rasul,,possible-multilingual-concatenation;all-caps-token,true,true,SKIPPED_LOW_CONFIDENCE,,,
6_Acts,VideoTitle.value,18259,ЛУМО - Апостолуудын үйлс,,possible-multilingual-concatenation,true,true,SKIPPED_LOW_CONFIDENCE,,,
6_Acts,VideoTitle.value,1942,LUMO - Elçilerin İşleri,,possible-multilingual-concatenation;all-caps-token,true,true,SKIPPED_LOW_CONFIDENCE,,,
6_Acts,VideoTitle.value,21753,LUMO - 《使徒行傳》,,all-caps-token,true,true,SKIPPED_LOW_CONFIDENCE,,,
6_Acts,VideoTitle.value,21754,LUMO - 《使徒行传》,,all-caps-token,true,true,SKIPPED_LOW_CONFIDENCE,,,
6_Acts,VideoTitle.value,371,LUMO - Апостолдардың істері,,possible-multilingual-concatenation;all-caps-token,true,true,SKIPPED_LOW_CONFIDENCE,,,
6_Acts,VideoTitle.value,3804,LUMO - 사도행전,,all-caps-token,true,true,SKIPPED_LOW_CONFIDENCE,,,
6_Acts,VideoTitle.value,3887,LUMO - Sách Công vụ các Tông đồ,,possible-multilingual-concatenation;all-caps-token,true,true,SKIPPED_LOW_CONFIDENCE,,,
6_Acts,VideoTitle.value,3934,LUMO — Деяния Апостолов,,possible-multilingual-concatenation;all-caps-token,true,true,SKIPPED_LOW_CONFIDENCE,,,
6_Acts,VideoTitle.value,496,LUMO - Les Actes des Apôtres,,possible-multilingual-concatenation;all-caps-token,true,true,SKIPPED_LOW_CONFIDENCE,,,
6_Acts,VideoTitle.value,529,LUMO - The Acts of the Apostles,,possible-multilingual-concatenation;all-caps-token,true,true,SKIPPED_LOW_CONFIDENCE,,,
6_Acts,VideoTitle.value,584,LUMO - Atos dos Apóstolos,,possible-multilingual-concatenation;all-caps-token,true,true,SKIPPED_LOW_CONFIDENCE,,,
6_Acts,VideoTitle.value,6930,LUMO - מעשי השליחים,,all-caps-token,true,true,SKIPPED_LOW_CONFIDENCE,,,
6_Acts,VideoTitle.value,7083,LUMO - 使徒言行録,,all-caps-token,true,true,SKIPPED_LOW_CONFIDENCE,,,
6_Acts0401,VideoTitle.value,1106,"LUMO – Apostelgeschichte 1,1–8,3",,all-caps-token,true,true,SKIPPED_LOW_CONFIDENCE,,,
6_Acts0401,VideoTitle.value,12551,LUMO - Mga Gawa 1:1-8:3,,all-caps-token,true,true,SKIPPED_LOW_CONFIDENCE,,,
6_Acts0401,VideoTitle.value,16639,LUMO - Kisah Para Rasul 1:1-8:3,,all-caps-token,true,true,SKIPPED_LOW_CONFIDENCE,,,
6_Acts0401,VideoTitle.value,1942,LUMO - Elçilerin İşleri 1:1-8:3,,all-caps-token,true,true,SKIPPED_LOW_CONFIDENCE,,,
6_Acts0401,VideoTitle.value,21753,LUMO - 使徒行傳 1:1-8:3,,all-caps-token,true,true,SKIPPED_LOW_CONFIDENCE,,,
6_Acts0401,VideoTitle.value,21754,LUMO - 使徒行传 1:1-8:3,,all-caps-token,true,true,SKIPPED_LOW_CONFIDENCE,,,
6_Acts0401,VideoTitle.value,371,LUMO - Істер 1:1-8:3,,all-caps-token,true,true,SKIPPED_LOW_CONFIDENCE,,,
6_Acts0401,VideoTitle.value,3887,LUMO - Công vụ các Sứ đồ 1:1-8:3,,all-caps-token,true,true,SKIPPED_LOW_CONFIDENCE,,,
6_Acts0401,VideoTitle.value,3934,LUMO — Деяния 1:1–8:3,,all-caps-token,true,true,SKIPPED_LOW_CONFIDENCE,,,
6_Acts0401,VideoTitle.value,496,LUMO - Actes 1:1-8:3,,all-caps-token,true,true,SKIPPED_LOW_CONFIDENCE,,,
6_Acts0401,VideoTitle.value,529,LUMO - Acts 1:1-8:3,,all-caps-token,true,true,SKIPPED_LOW_CONFIDENCE,,,
6_Acts0401,VideoTitle.value,584,LUMO - Atos 1:1-8:3,,all-caps-token,true,true,SKIPPED_LOW_CONFIDENCE,,,
6_Acts0401,VideoTitle.value,6930,LUMO - מעשי השליחים 1:1-8:3,,all-caps-token,true,true,SKIPPED_LOW_CONFIDENCE,,,
6_Acts0401,VideoTitle.value,7083,LUMO - 使徒行伝 1:1-8:3,,all-caps-token,true,true,SKIPPED_LOW_CONFIDENCE,,,
6_Acts0402,VideoTitle.value,1106,"LUMO – Apostelgeschichte 8,4–14,23",,all-caps-token,true,true,SKIPPED_LOW_CONFIDENCE,,,
6_Acts0402,VideoTitle.value,12551,LUMO - Mga Gawa 8:4-14:23,,all-caps-token,true,true,SKIPPED_LOW_CONFIDENCE,,,
6_Acts0402,VideoTitle.value,16639,LUMO - Kisah Para Rasul 8:4–14:23,,all-caps-token,true,true,SKIPPED_LOW_CONFIDENCE,,,
6_Acts0402,VideoTitle.value,1942,LUMO - Elçilerin İşleri 8:4-14:23,,all-caps-token,true,true,SKIPPED_LOW_CONFIDENCE,,,
6_Acts0402,VideoTitle.value,21753,LUMO - 使徒行傳 8:4-14:23,,all-caps-token,true,true,SKIPPED_LOW_CONFIDENCE,,,
6_Acts0402,VideoTitle.value,21754,LUMO - 使徒行传 8:4-14:23,,all-caps-token,true,true,SKIPPED_LOW_CONFIDENCE,,,
6_Acts0402,VideoTitle.value,371,LUMO - Істер 8:4-14:23,,all-caps-token,true,true,SKIPPED_LOW_CONFIDENCE,,,
6_Acts0402,VideoTitle.value,3804,LUMO - 사도행전 8:4-14:23,,all-caps-token,true,true,SKIPPED_LOW_CONFIDENCE,,,
6_Acts0402,VideoTitle.value,3887,LUMO - Công vụ các Sứ đồ 8:4-14:23,,all-caps-token,true,true,SKIPPED_LOW_CONFIDENCE,,,
6_Acts0402,VideoTitle.value,3934,LUMO — Деяния 8:4–14:23,,all-caps-token,true,true,SKIPPED_LOW_CONFIDENCE,,,
6_Acts0402,VideoTitle.value,496,"LUMO - Actes 8, 4-14, 23",,all-caps-token,true,true,SKIPPED_LOW_CONFIDENCE,,,
6_Acts0402,VideoTitle.value,529,LUMO - Acts 8:4-14:23,,all-caps-token,true,true,SKIPPED_LOW_CONFIDENCE,,,
6_Acts0402,VideoTitle.value,584,LUMO - Atos 8:4-14:23,,all-caps-token,true,true,SKIPPED_LOW_CONFIDENCE,,,
6_Acts0402,VideoTitle.value,6930,LUMO - מעשי השליחים 8:4-14:23,,all-caps-token,true,true,SKIPPED_LOW_CONFIDENCE,,,
6_Acts0402,VideoTitle.value,7083,LUMO - 使徒行伝 8:4-14:23,,all-caps-token,true,true,SKIPPED_LOW_CONFIDENCE,,,
7_0-EasterTrailer,VideoTitle.value,1106,NUA Ostern Trailer,,all-caps-token,true,true,SKIPPED_LOW_CONFIDENCE,,,
7_0-EasterTrailer,VideoTitle.value,12551,NUA Easter Trailer,,all-caps-token,true,true,SKIPPED_LOW_CONFIDENCE,,,
7_0-EasterTrailer,VideoTitle.value,13169,ตัวอย่างอีสเตอร์ของ NUA,,all-caps-token,true,true,SKIPPED_LOW_CONFIDENCE,,,
7_0-EasterTrailer,VideoTitle.value,139485,مقطورة عيد الفصح في NUA,,all-caps-token,true,true,SKIPPED_LOW_CONFIDENCE,,,
7_0-EasterTrailer,VideoTitle.value,143871,NUA Улаан өндөгний баярын трейлер,,all-caps-token,true,true,SKIPPED_LOW_CONFIDENCE,,,
7_0-EasterTrailer,VideoTitle.value,16639,Trailer Paskah NUA,,all-caps-token,true,true,SKIPPED_LOW_CONFIDENCE,,,
7_0-EasterTrailer,VideoTitle.value,176243,NUA ইস্টার ট্রেলার,,all-caps-token,true,true,SKIPPED_LOW_CONFIDENCE,,,
7_0-EasterTrailer,VideoTitle.value,18259,NUA Улаан өндөгний баярын трейлер,,all-caps-token,true,true,SKIPPED_LOW_CONFIDENCE,,,
7_0-EasterTrailer,VideoTitle.value,1942,NUA Paskalya Fragmanı,,all-caps-token,true,true,SKIPPED_LOW_CONFIDENCE,,,
7_0-EasterTrailer,VideoTitle.value,21753,NUA 復活節預告片,,all-caps-token,true,true,SKIPPED_LOW_CONFIDENCE,,,
7_0-EasterTrailer,VideoTitle.value,21754,NUA 复活节预告片,,all-caps-token,true,true,SKIPPED_LOW_CONFIDENCE,,,
7_0-EasterTrailer,VideoTitle.value,22658,مقطورة عيد الفصح في NUA,,all-caps-token,true,true,SKIPPED_LOW_CONFIDENCE,,,
7_0-EasterTrailer,VideoTitle.value,371,NUA Пасха трейлері,,all-caps-token,true,true,SKIPPED_LOW_CONFIDENCE,,,
7_0-EasterTrailer,VideoTitle.value,3804,NUA 부활절 트레일러,,all-caps-token,true,true,SKIPPED_LOW_CONFIDENCE,,,
7_0-EasterTrailer,VideoTitle.value,3887,Trailer Lễ Phục Sinh của NUA,,all-caps-token,true,true,SKIPPED_LOW_CONFIDENCE,,,
7_0-EasterTrailer,VideoTitle.value,3934,Пасхальный трейлер NUA,,all-caps-token,true,true,SKIPPED_LOW_CONFIDENCE,,,
7_0-EasterTrailer,VideoTitle.value,407,NUA ایسٹر ٹریلر,,all-caps-token,true,true,SKIPPED_LOW_CONFIDENCE,,,
7_0-EasterTrailer,VideoTitle.value,496,Bande-annonce de Pâques NUA,,all-caps-token,true,true,SKIPPED_LOW_CONFIDENCE,,,
7_0-EasterTrailer,VideoTitle.value,529,NUA Easter Trailer,,all-caps-token,true,true,SKIPPED_LOW_CONFIDENCE,,,
7_0-EasterTrailer,VideoTitle.value,584,Trailer de Páscoa da NUA,,all-caps-token,true,true,SKIPPED_LOW_CONFIDENCE,,,
7_0-EasterTrailer,VideoTitle.value,6464,NUA ईस्टर ट्रेलर,,all-caps-token,true,true,SKIPPED_LOW_CONFIDENCE,,,
7_0-EasterTrailer,VideoTitle.value,6788,تریلر عید پاک NUA,,all-caps-token,true,true,SKIPPED_LOW_CONFIDENCE,,,
7_0-EasterTrailer,VideoTitle.value,6930,טריילר NUA לפסחא,,all-caps-token,true,true,SKIPPED_LOW_CONFIDENCE,,,
7_0-EasterTrailer,VideoTitle.value,7083,NUAイースター・トレーラー,,all-caps-token,true,true,SKIPPED_LOW_CONFIDENCE,,,
6_GOJohn2222,VideoTitle.value,1106,LUMO - John End Credits,,possible-multilingual-concatenation;all-caps-token,true,true,SKIPPED_LOW_CONFIDENCE,,,
6_GOJohn2222,VideoTitle.value,12551,LUMO - John End Credits,,possible-multilingual-concatenation;all-caps-token,true,true,SKIPPED_LOW_CONFIDENCE,,,
6_GOJohn2222,VideoTitle.value,13169,LUMO - เครดิตท้ายเรื่องยอห์น,,all-caps-token,true,true,SKIPPED_LOW_CONFIDENCE,,,
6_GOJohn2222,VideoTitle.value,143871,LUMO - Жон Энд кредит,,possible-multilingual-concatenation;all-caps-token,true,true,SKIPPED_LOW_CONFIDENCE,,,
6_GOJohn2222,VideoTitle.value,16639,LUMO - Kredit Akhir John,,possible-multilingual-concatenation;all-caps-token,true,true,SKIPPED_LOW_CONFIDENCE,,,
6_GOJohn2222,VideoTitle.value,18259,LUMO - Жон Энд кредит,,possible-multilingual-concatenation;all-caps-token,true,true,SKIPPED_LOW_CONFIDENCE,,,
6_GOJohn2222,VideoTitle.value,1942,LUMO - John End Credits,,possible-multilingual-concatenation;all-caps-token,true,true,SKIPPED_LOW_CONFIDENCE,,,
6_GOJohn2222,VideoTitle.value,21028,LUMO - Créditos Finales John,,possible-multilingual-concatenation;all-caps-token,true,true,SKIPPED_LOW_CONFIDENCE,,,
6_GOJohn2222,VideoTitle.value,21753,LUMO - 約翰 片尾曲,,all-caps-token,true,true,SKIPPED_LOW_CONFIDENCE,,,
6_GOJohn2222,VideoTitle.value,21754,LUMO - 约翰 片尾曲,,all-caps-token,true,true,SKIPPED_LOW_CONFIDENCE,,,
6_GOJohn2222,VideoTitle.value,371,LUMO - John End Credits,,possible-multilingual-concatenation;all-caps-token,true,true,SKIPPED_LOW_CONFIDENCE,,,
6_GOJohn2222,VideoTitle.value,3804,LUMO - 존 엔드 크레딧,,all-caps-token,true,true,SKIPPED_LOW_CONFIDENCE,,,
6_GOJohn2222,VideoTitle.value,3887,LUMO - John End Tín dụng,,possible-multilingual-concatenation;all-caps-token,true,true,SKIPPED_LOW_CONFIDENCE,,,
6_GOJohn2222,VideoTitle.value,3934,LUMO - John End Credits,,possible-multilingual-concatenation;all-caps-token,true,true,SKIPPED_LOW_CONFIDENCE,,,
6_GOJohn2222,VideoTitle.value,407,LUMO - یوحنا اختتامی عنوانات,,all-caps-token,true,true,SKIPPED_LOW_CONFIDENCE,,,
6_GOJohn2222,VideoTitle.value,496,LUMO - Générique de fin John,,possible-multilingual-concatenation;all-caps-token,true,true,SKIPPED_LOW_CONFIDENCE,,,
6_GOJohn2222,VideoTitle.value,529,LUMO - John End Credits,,possible-multilingual-concatenation;all-caps-token,true,true,SKIPPED_LOW_CONFIDENCE,,,
6_GOJohn2222,VideoTitle.value,584,LUMO - João - créditos finais,,possible-multilingual-concatenation;all-caps-token,true,true,SKIPPED_LOW_CONFIDENCE,,,
6_GOJohn2222,VideoTitle.value,6930,LUMO - ג'ון אנד קרדיטים,,all-caps-token,true,true,SKIPPED_LOW_CONFIDENCE,,,
6_GOJohn2222,VideoTitle.value,7083,LUMO - ジョン・エンドクレジット,,all-caps-token,true,true,SKIPPED_LOW_CONFIDENCE,,,
6_GOLuke2602,VideoTitle.value,1106,LUMO - Lukas 1:57-2:40,,all-caps-token,true,true,SKIPPED_LOW_CONFIDENCE,,,
6_GOLuke2602,VideoTitle.value,12551,LUMO - Lucas 1:57-2:40,,all-caps-token,true,true,SKIPPED_LOW_CONFIDENCE,,,
6_GOLuke2602,VideoTitle.value,13169,LUMO - ลูกา 1:57-2:40,,all-caps-token,true,true,SKIPPED_LOW_CONFIDENCE,,,
6_GOLuke2602,VideoTitle.value,143871,LUMO - Лук 1:57-2:40,,all-caps-token,true,true,SKIPPED_LOW_CONFIDENCE,,,
6_GOLuke2602,VideoTitle.value,16639,LUMO - Lukas 1:57-2:40,,all-caps-token,true,true,SKIPPED_LOW_CONFIDENCE,,,
6_GOLuke2602,VideoTitle.value,18259,LUMO - Лук 1:57-2:40,,all-caps-token,true,true,SKIPPED_LOW_CONFIDENCE,,,
6_GOLuke2602,VideoTitle.value,1942,LUMO - Luka 1:57-2:40,,all-caps-token,true,true,SKIPPED_LOW_CONFIDENCE,,,
6_GOLuke2602,VideoTitle.value,21028,LUMO - Lucas 1:57-2:40,,all-caps-token,true,true,SKIPPED_LOW_CONFIDENCE,,,
6_GOLuke2602,VideoTitle.value,21753,LUMO - 路加福音 1:57-2:40,,all-caps-token,true,true,SKIPPED_LOW_CONFIDENCE,,,
6_GOLuke2602,VideoTitle.value,21754,LUMO - 《路加福音》1:57-2:40,,all-caps-token,true,true,SKIPPED_LOW_CONFIDENCE,,,
6_GOLuke2602,VideoTitle.value,371,LUMO - Лұқа 1:57-2:40,,all-caps-token,true,true,SKIPPED_LOW_CONFIDENCE,,,
6_GOLuke2602,VideoTitle.value,3887,LUMO - Lc 1:57-2:40,,all-caps-token,true,true,SKIPPED_LOW_CONFIDENCE,,,
6_GOLuke2602,VideoTitle.value,3934,LUMO - Луки 1:57-2:40,,all-caps-token,true,true,SKIPPED_LOW_CONFIDENCE,,,
6_GOLuke2602,VideoTitle.value,407,LUMO - لوقا 1:57-2:40,,all-caps-token,true,true,SKIPPED_LOW_CONFIDENCE,,,
6_GOLuke2602,VideoTitle.value,496,LUMO - Luc 1:57-2:40,,all-caps-token,true,true,SKIPPED_LOW_CONFIDENCE,,,
6_GOLuke2602,VideoTitle.value,529,LUMO - Luke 1:57-2:40,,all-caps-token,true,true,SKIPPED_LOW_CONFIDENCE,,,
6_GOLuke2602,VideoTitle.value,584,LUMO - Lucas 1:57-2:40,,all-caps-token,true,true,SKIPPED_LOW_CONFIDENCE,,,
6_GOLuke2602,VideoTitle.value,6930,LUMO - לוקס 1:57-2:40,,all-caps-token,true,true,SKIPPED_LOW_CONFIDENCE,,,
6_GOMatt2515,VideoTitle.value,1106,LUMO - Matthäus 20:1-21:11,,all-caps-token,true,true,SKIPPED_LOW_CONFIDENCE,,,
6_GOMatt2515,VideoTitle.value,12551,LUMO - Mateo 20:1-21:11,,all-caps-token,true,true,SKIPPED_LOW_CONFIDENCE,,,
6_GOMatt2515,VideoTitle.value,13169,LUMO - มัทธิว 20:1-21:11,,all-caps-token,true,true,SKIPPED_LOW_CONFIDENCE,,,
6_GOMatt2515,VideoTitle.value,143871,LUMO - Матай 20:1-21:11,,all-caps-token,true,true,SKIPPED_LOW_CONFIDENCE,,,
6_GOMatt2515,VideoTitle.value,16639,LUMO - Matius 20:1-21:11,,all-caps-token,true,true,SKIPPED_LOW_CONFIDENCE,,,
6_GOMatt2515,VideoTitle.value,18259,LUMO - Матай 20:1-21:11,,all-caps-token,true,true,SKIPPED_LOW_CONFIDENCE,,,
6_GOMatt2515,VideoTitle.value,1942,LUMO - Matta 20:1-21:11,,all-caps-token,true,true,SKIPPED_LOW_CONFIDENCE,,,
6_GOMatt2515,VideoTitle.value,21028,LUMO - Mateo 20:1-21:11,,all-caps-token,true,true,SKIPPED_LOW_CONFIDENCE,,,
6_GOMatt2515,VideoTitle.value,21753,LUMO - 馬太福音 20:1-21:11,,all-caps-token,true,true,SKIPPED_LOW_CONFIDENCE,,,
6_GOMatt2515,VideoTitle.value,371,LUMO - Матай 20:1-21:11,,all-caps-token,true,true,SKIPPED_LOW_CONFIDENCE,,,
6_GOMatt2515,VideoTitle.value,3887,LUMO - Ma-thi-ơ 20:1-21:11,,all-caps-token,true,true,SKIPPED_LOW_CONFIDENCE,,,
6_GOMatt2515,VideoTitle.value,3934,LUMO - Матфея 20:1-21:11,,all-caps-token,true,true,SKIPPED_LOW_CONFIDENCE,,,
6_GOMatt2515,VideoTitle.value,407,LUMO - متی 20:1-21:11,,all-caps-token,true,true,SKIPPED_LOW_CONFIDENCE,,,
6_GOMatt2515,VideoTitle.value,496,LUMO - Matthieu 20:1-21:11,,all-caps-token,true,true,SKIPPED_LOW_CONFIDENCE,,,
6_GOMatt2515,VideoTitle.value,529,LUMO - Matthew 20:1-21:11,,all-caps-token,true,true,SKIPPED_LOW_CONFIDENCE,,,
6_GOMatt2515,VideoTitle.value,584,LUMO - Mateus 20:1-21:11,,all-caps-token,true,true,SKIPPED_LOW_CONFIDENCE,,,
6_GOMatt2515,VideoTitle.value,6930,"LUMO - מתי כ':1-כ""א:11",,all-caps-token,true,true,SKIPPED_LOW_CONFIDENCE,,,
6_GOJohn2202,VideoTitle.value,1106,LUMO - Johannes 1:35-2:22,,all-caps-token,true,true,SKIPPED_LOW_CONFIDENCE,,,
6_GOJohn2202,VideoTitle.value,12551,LUMO - Juan 1:35-2:22,,all-caps-token,true,true,SKIPPED_LOW_CONFIDENCE,,,
6_GOJohn2202,VideoTitle.value,13169,LUMO - ยอห์น 1:35-2:22,,all-caps-token,true,true,SKIPPED_LOW_CONFIDENCE,,,
6_GOJohn2202,VideoTitle.value,143871,LUMO - Иохан 1:35-2:22,,all-caps-token,true,true,SKIPPED_LOW_CONFIDENCE,,,
6_GOJohn2202,VideoTitle.value,16639,LUMO - Yohanes 1:35-2:22,,all-caps-token,true,true,SKIPPED_LOW_CONFIDENCE,,,
6_GOJohn2202,VideoTitle.value,18259,LUMO - Иохан 1:35-2:22,,all-caps-token,true,true,SKIPPED_LOW_CONFIDENCE,,,
6_GOJohn2202,VideoTitle.value,1942,LUMO - Yuhanna 1:35-2:22,,all-caps-token,true,true,SKIPPED_LOW_CONFIDENCE,,,
6_GOJohn2202,VideoTitle.value,21028,LUMO - Juan 1:35-2:22,,all-caps-token,true,true,SKIPPED_LOW_CONFIDENCE,,,
6_GOJohn2202,VideoTitle.value,21753,LUMO - 約翰福音 1:35-2:22,,all-caps-token,true,true,SKIPPED_LOW_CONFIDENCE,,,
6_GOJohn2202,VideoTitle.value,21754,LUMO - 约翰福音 1:35-2:22,,all-caps-token,true,true,SKIPPED_LOW_CONFIDENCE,,,
6_GOJohn2202,VideoTitle.value,371,LUMO - Жохан 1:35-2:22,,all-caps-token,true,true,SKIPPED_LOW_CONFIDENCE,,,
6_GOJohn2202,VideoTitle.value,3887,LUMO - Giăng 1:35-2:22,,all-caps-token,true,true,SKIPPED_LOW_CONFIDENCE,,,
6_GOJohn2202,VideoTitle.value,3934,LUMO - Иоанна 1:35-2:22,,all-caps-token,true,true,SKIPPED_LOW_CONFIDENCE,,,
6_GOJohn2202,VideoTitle.value,496,LUMO - Jean 1:35-2:22,,all-caps-token,true,true,SKIPPED_LOW_CONFIDENCE,,,
6_GOJohn2202,VideoTitle.value,529,LUMO - John 1:35-2:22,,all-caps-token,true,true,SKIPPED_LOW_CONFIDENCE,,,
6_GOJohn2202,VideoTitle.value,584,LUMO - João 1:35-2:22,,all-caps-token,true,true,SKIPPED_LOW_CONFIDENCE,,,
6_GOJohn2202,VideoTitle.value,6930,LUMO - יוחנן א':35-ב':22,,all-caps-token,true,true,SKIPPED_LOW_CONFIDENCE,,,
6_Acts0404,VideoTitle.value,1106,"LUMO – Apostelgeschichte 21,8–28,31",,all-caps-token,true,true,SKIPPED_LOW_CONFIDENCE,,,
6_Acts0404,VideoTitle.value,12551,LUMO - Mga Gawa 21:8-28:31,,all-caps-token,true,true,SKIPPED_LOW_CONFIDENCE,,,
6_Acts0404,VideoTitle.value,16639,LUMO - Kisah Para Rasul 21:8-28:31,,all-caps-token,true,true,SKIPPED_LOW_CONFIDENCE,,,
6_Acts0404,VideoTitle.value,1942,LUMO - Elçilerin İşleri 21:8-28:31,,all-caps-token,true,true,SKIPPED_LOW_CONFIDENCE,,,
6_Acts0404,VideoTitle.value,21753,LUMO - 使徒行傳 21:8-28:31,,all-caps-token,true,true,SKIPPED_LOW_CONFIDENCE,,,
6_Acts0404,VideoTitle.value,21754,LUMO - 使徒行传 21:8-28:31,,all-caps-token,true,true,SKIPPED_LOW_CONFIDENCE,,,
6_Acts0404,VideoTitle.value,371,LUMO - Істер 21:8-28:31,,all-caps-token,true,true,SKIPPED_LOW_CONFIDENCE,,,
6_Acts0404,VideoTitle.value,3804,LUMO - 사도행전 21:8-28:31,,all-caps-token,true,true,SKIPPED_LOW_CONFIDENCE,,,
6_Acts0404,VideoTitle.value,3887,LUMO - Công vụ các Sứ đồ 21:8-28:31,,all-caps-token,true,true,SKIPPED_LOW_CONFIDENCE,,,
6_Acts0404,VideoTitle.value,3934,LUMO — Деяния 21:8–28:31,,all-caps-token,true,true,SKIPPED_LOW_CONFIDENCE,,,
6_Acts0404,VideoTitle.value,496,"LUMO - Actes 21, 8-28, 31",,all-caps-token,true,true,SKIPPED_LOW_CONFIDENCE,,,
6_Acts0404,VideoTitle.value,529,LUMO - Acts 21:8-28:31,,all-caps-token,true,true,SKIPPED_LOW_CONFIDENCE,,,
6_Acts0404,VideoTitle.value,584,LUMO - Atos 21:8-28:31,,all-caps-token,true,true,SKIPPED_LOW_CONFIDENCE,,,
6_Acts0404,VideoTitle.value,6930,LUMO - מעשי השליחים 21:8-28:31,,all-caps-token,true,true,SKIPPED_LOW_CONFIDENCE,,,
6_Acts0404,VideoTitle.value,7083,LUMO - 使徒言行録 21章8節～28章31節,,all-caps-token,true,true,SKIPPED_LOW_CONFIDENCE,,,
7_OriginsTrailer,VideoTitle.value,496,Nua : Origins Trailer,,possible-multilingual-concatenation,true,true,SKIPPED_LOW_CONFIDENCE,,,
6_GOJohn2216,VideoTitle.value,1106,LUMO - Johannes 15:1-16:15,,all-caps-token,true,true,SKIPPED_LOW_CONFIDENCE,,,
6_GOJohn2216,VideoTitle.value,12551,LUMO - Juan 15:1-16:15,,all-caps-token,true,true,SKIPPED_LOW_CONFIDENCE,,,
6_GOJohn2216,VideoTitle.value,13169,LUMO - ยอห์น 15:1-16:15,,all-caps-token,true,true,SKIPPED_LOW_CONFIDENCE,,,
6_GOJohn2216,VideoTitle.value,143871,LUMO - Иохан 15:1-16:15,,all-caps-token,true,true,SKIPPED_LOW_CONFIDENCE,,,
6_GOJohn2216,VideoTitle.value,16639,LUMO - Yohanes 15:1-16:15,,all-caps-token,true,true,SKIPPED_LOW_CONFIDENCE,,,
6_GOJohn2216,VideoTitle.value,18259,LUMO - Иохан 15:1-16:15,,all-caps-token,true,true,SKIPPED_LOW_CONFIDENCE,,,
6_GOJohn2216,VideoTitle.value,1942,LUMO - Yuhanna 15:1-16:15,,all-caps-token,true,true,SKIPPED_LOW_CONFIDENCE,,,
6_GOJohn2216,VideoTitle.value,21028,LUMO - Juan 15:1-16:15,,all-caps-token,true,true,SKIPPED_LOW_CONFIDENCE,,,
6_GOJohn2216,VideoTitle.value,21753,LUMO - 約翰福音 15:1-16:15,,all-caps-token,true,true,SKIPPED_LOW_CONFIDENCE,,,
6_GOJohn2216,VideoTitle.value,21754,LUMO - 约翰福音 15:1-16:15,,all-caps-token,true,true,SKIPPED_LOW_CONFIDENCE,,,
6_GOJohn2216,VideoTitle.value,371,LUMO - Жохан 15:1-16:15,,all-caps-token,true,true,SKIPPED_LOW_CONFIDENCE,,,
6_GOJohn2216,VideoTitle.value,3887,LUMO - Giăng 15:1-16:15,,all-caps-token,true,true,SKIPPED_LOW_CONFIDENCE,,,
6_GOJohn2216,VideoTitle.value,3934,LUMO - Иоанна 15:1-16:15,,all-caps-token,true,true,SKIPPED_LOW_CONFIDENCE,,,
6_GOJohn2216,VideoTitle.value,407,LUMO - یوحنا 15:1-16:15,,all-caps-token,true,true,SKIPPED_LOW_CONFIDENCE,,,
6_GOJohn2216,VideoTitle.value,496,LUMO - Jean 15:1-16:15,,all-caps-token,true,true,SKIPPED_LOW_CONFIDENCE,,,
6_GOJohn2216,VideoTitle.value,529,LUMO - John 15:1-16:15,,all-caps-token,true,true,SKIPPED_LOW_CONFIDENCE,,,
6_GOJohn2216,VideoTitle.value,584,LUMO - João 15:1-16:15,,all-caps-token,true,true,SKIPPED_LOW_CONFIDENCE,,,
6_GOJohn2216,VideoTitle.value,6930,LUMO - יוחנן 15:1-16:15,,all-caps-token,true,true,SKIPPED_LOW_CONFIDENCE,,,
6_GOLuke2608,VideoTitle.value,1106,LUMO - Lukas 8:1-39,,all-caps-token,true,true,SKIPPED_LOW_CONFIDENCE,,,
6_GOLuke2608,VideoTitle.value,12551,LUMO - Lucas 8:1-39,,all-caps-token,true,true,SKIPPED_LOW_CONFIDENCE,,,
6_GOLuke2608,VideoTitle.value,13169,LUMO - ลูกา 8:1-39,,all-caps-token,true,true,SKIPPED_LOW_CONFIDENCE,,,
6_GOLuke2608,VideoTitle.value,143871,LUMO - Лук 8:1-39,,all-caps-token,true,true,SKIPPED_LOW_CONFIDENCE,,,
6_GOLuke2608,VideoTitle.value,16639,LUMO - Lukas 8:1-39,,all-caps-token,true,true,SKIPPED_LOW_CONFIDENCE,,,
6_GOLuke2608,VideoTitle.value,18259,LUMO - Лук 8:1-39,,all-caps-token,true,true,SKIPPED_LOW_CONFIDENCE,,,
6_GOLuke2608,VideoTitle.value,1942,LUMO - Luka 8:1-39,,all-caps-token,true,true,SKIPPED_LOW_CONFIDENCE,,,
6_GOLuke2608,VideoTitle.value,21028,LUMO - Lucas 8:1-39,,all-caps-token,true,true,SKIPPED_LOW_CONFIDENCE,,,
6_GOLuke2608,VideoTitle.value,21753,LUMO - 路加福音 8:1-39,,all-caps-token,true,true,SKIPPED_LOW_CONFIDENCE,,,
6_GOLuke2608,VideoTitle.value,371,LUMO - Лұқа 8:1-39,,all-caps-token,true,true,SKIPPED_LOW_CONFIDENCE,,,
6_GOLuke2608,VideoTitle.value,3887,LUMO - Lc 8:1-39,,all-caps-token,true,true,SKIPPED_LOW_CONFIDENCE,,,
6_GOLuke2608,VideoTitle.value,3934,LUMO - Лука 8:1-39,,all-caps-token,true,true,SKIPPED_LOW_CONFIDENCE,,,
6_GOLuke2608,VideoTitle.value,407,LUMO - لوقا 8:1-39,,all-caps-token,true,true,SKIPPED_LOW_CONFIDENCE,,,
6_GOLuke2608,VideoTitle.value,496,LUMO - Luc 8:1-39,,all-caps-token,true,true,SKIPPED_LOW_CONFIDENCE,,,
6_GOLuke2608,VideoTitle.value,529,LUMO - Luke 8:1-39,,all-caps-token,true,true,SKIPPED_LOW_CONFIDENCE,,,
6_GOLuke2608,VideoTitle.value,584,LUMO - Lucas 8:1-39,,all-caps-token,true,true,SKIPPED_LOW_CONFIDENCE,,,
6_GOLuke2608,VideoTitle.value,6788,LUMO - لوقا 8:1-39,,all-caps-token,true,true,SKIPPED_LOW_CONFIDENCE,,,
6_GOLuke2608,VideoTitle.value,6930,LUMO - לוקס 8:1-39,,all-caps-token,true,true,SKIPPED_LOW_CONFIDENCE,,,
2_0-The_Story,VideoTitle.value,1106,Die Geschichte - Kurzfilm,,possible-multilingual-concatenation,true,true,SKIPPED_LOW_CONFIDENCE,,,
2_0-The_Story,VideoTitle.value,3934,История - Короткометражный Фильм,,possible-multilingual-concatenation,true,true,SKIPPED_LOW_CONFIDENCE,,,
3_IAm1205-0-0,VideoTitle.value,12551,Episode 5: AKO ang Liwanag ng Mundo - Ikalawang Bahagi,,all-caps-token,true,true,SKIPPED_LOW_CONFIDENCE,,,
3_IAm1205-0-0,VideoTitle.value,16639,Episode 5: AKU Adalah Terang Dunia - Bagian Dua,,all-caps-token,true,true,SKIPPED_LOW_CONFIDENCE,,,
3_IAm1205-0-0,VideoTitle.value,21028,Episodio 5: YO SOY la Luz del Mundo - Segunda parte,,all-caps-token,true,true,SKIPPED_LOW_CONFIDENCE,,,
3_IAm1205-0-0,VideoTitle.value,584,Episódio 5: EU SOU a luz do mundo - Parte dois,,all-caps-token,true,true,SKIPPED_LOW_CONFIDENCE,,,
3_DWJPrayer0905-0-0,VideoTitle.value,496,Cinquième jour : Le Notre Père,,possible-multilingual-concatenation,true,true,SKIPPED_LOW_CONFIDENCE,,,
3_IAm1202-0-0,VideoTitle.value,12551,Episode 2: AKO ANG Tinapay ng Buhay - Unang Bahagi,,all-caps-token,true,true,SKIPPED_LOW_CONFIDENCE,,,
3_IAm1202-0-0,VideoTitle.value,16639,Episode 2: AKULAH Roti Hidup - Bagian Satu,,all-caps-token,true,true,SKIPPED_LOW_CONFIDENCE,,,
3_IAm1202-0-0,VideoTitle.value,21028,Episodio 2: YO SOY el Pan de Vida - Primera parte,,all-caps-token,true,true,SKIPPED_LOW_CONFIDENCE,,,
3_IAm1202-0-0,VideoTitle.value,496,Épisode 2 : JE SUIS le Pain de Vie - Première partie,,all-caps-token,true,true,SKIPPED_LOW_CONFIDENCE,,,
3_IAm1202-0-0,VideoTitle.value,584,Episódio 2: EU SOU o pão da vida - Parte um,,all-caps-token,true,true,SKIPPED_LOW_CONFIDENCE,,,
2_PI,VideoTitle.value,496,Parfaitement imparfait : Courts métrages thaïlandais,,possible-multilingual-concatenation,true,true,SKIPPED_LOW_CONFIDENCE,,,
10_Darkroom09Identity,VideoTitle.value,496,Identité : Roslyn suit une thérapie,,possible-multilingual-concatenation,true,true,SKIPPED_LOW_CONFIDENCE,,,
2_ElCamImpulses3308,VideoTitle.value,3934,Я — Лоза,,possible-multilingual-concatenation,true,true,SKIPPED_LOW_CONFIDENCE,,,
2_Acts7319-0-0,VideoTitle.value,1106,Die Kirche - Verfolgt und verstreut,,possible-multilingual-concatenation,true,true,SKIPPED_LOW_CONFIDENCE,,,
3_IAm1201-0-0,VideoTitle.value,1942,Bölüm 1: BEN'İM Serisine Giriş,,all-caps-token,true,true,SKIPPED_LOW_CONFIDENCE,,,
3_IAm1201-0-0,VideoTitle.value,21028,Episodio 1: Introducción a la Serie YO SOY,,all-caps-token,true,true,SKIPPED_LOW_CONFIDENCE,,,
3_IAm1201-0-0,VideoTitle.value,584,Episódio 1: Introdução da série EU SOU,,all-caps-token,true,true,SKIPPED_LOW_CONFIDENCE,,,
6_GOLuke2609,VideoTitle.value,1106,LUMO - Lukas 8:40-9:17,,all-caps-token,true,true,SKIPPED_LOW_CONFIDENCE,,,
6_GOLuke2609,VideoTitle.value,12551,LUMO - Lucas 8:40-9:17,,all-caps-token,true,true,SKIPPED_LOW_CONFIDENCE,,,
6_GOLuke2609,VideoTitle.value,13169,LUMO - ลูกา 8:40-9:17,,all-caps-token,true,true,SKIPPED_LOW_CONFIDENCE,,,
6_GOLuke2609,VideoTitle.value,143871,LUMO - Лук 8:40-9:17,,all-caps-token,true,true,SKIPPED_LOW_CONFIDENCE,,,
6_GOLuke2609,VideoTitle.value,16639,LUMO - Lukas 8:40-9:17,,all-caps-token,true,true,SKIPPED_LOW_CONFIDENCE,,,
6_GOLuke2609,VideoTitle.value,18259,LUMO - Лук 8:40-9:17,,all-caps-token,true,true,SKIPPED_LOW_CONFIDENCE,,,
6_GOLuke2609,VideoTitle.value,1942,LUMO - Luka 8:40-9:17,,all-caps-token,true,true,SKIPPED_LOW_CONFIDENCE,,,
6_GOLuke2609,VideoTitle.value,21028,LUMO - Lucas 8:40-9:17,,all-caps-token,true,true,SKIPPED_LOW_CONFIDENCE,,,
6_GOLuke2609,VideoTitle.value,21753,LUMO - 路加福音 8:40-9:17,,all-caps-token,true,true,SKIPPED_LOW_CONFIDENCE,,,
6_GOLuke2609,VideoTitle.value,21754,LUMO - 《路加福音》8:40-9:17,,all-caps-token,true,true,SKIPPED_LOW_CONFIDENCE,,,
6_GOLuke2609,VideoTitle.value,371,LUMO - Лұқа 8:40-9:17,,all-caps-token,true,true,SKIPPED_LOW_CONFIDENCE,,,
6_GOLuke2609,VideoTitle.value,3887,LUMO - Lu-ca 8:40-9:17,,all-caps-token,true,true,SKIPPED_LOW_CONFIDENCE,,,
6_GOLuke2609,VideoTitle.value,3934,LUMO - Луки 8:40-9:17,,all-caps-token,true,true,SKIPPED_LOW_CONFIDENCE,,,
6_GOLuke2609,VideoTitle.value,407,LUMO - لوقا 8:40-9:17,,all-caps-token,true,true,SKIPPED_LOW_CONFIDENCE,,,
6_GOLuke2609,VideoTitle.value,496,LUMO - Luc 8:40-9:17,,all-caps-token,true,true,SKIPPED_LOW_CONFIDENCE,,,
6_GOLuke2609,VideoTitle.value,529,LUMO - Luke 8:40-9:17,,all-caps-token,true,true,SKIPPED_LOW_CONFIDENCE,,,
6_GOLuke2609,VideoTitle.value,584,LUMO - Lucas 8:40-9:17,,all-caps-token,true,true,SKIPPED_LOW_CONFIDENCE,,,
6_GOLuke2609,VideoTitle.value,6788,LUMO - لوقا 8:40-9:17,,all-caps-token,true,true,SKIPPED_LOW_CONFIDENCE,,,
6_GOLuke2609,VideoTitle.value,6930,LUMO - לוקס 8:40-9:17,,all-caps-token,true,true,SKIPPED_LOW_CONFIDENCE,,,
16_Influencers0303,VideoTitle.value,3887,Paul – Người có ảnh hưởng,,possible-multilingual-concatenation,true,true,SKIPPED_LOW_CONFIDENCE,,,
6_GOMatt2501,VideoTitle.value,1106,LUMO - Matthäus 1:1-2:23,,all-caps-token,true,true,SKIPPED_LOW_CONFIDENCE,,,
6_GOMatt2501,VideoTitle.value,12551,LUMO - Mateo 1:1-2:23,,all-caps-token,true,true,SKIPPED_LOW_CONFIDENCE,,,
6_GOMatt2501,VideoTitle.value,13169,LUMO - มัทธิว 1:1-2:23,,all-caps-token,true,true,SKIPPED_LOW_CONFIDENCE,,,
6_GOMatt2501,VideoTitle.value,143871,LUMO - Матай 1:1-2:23,,all-caps-token,true,true,SKIPPED_LOW_CONFIDENCE,,,
6_GOMatt2501,VideoTitle.value,16639,LUMO - Matius 1:1-2:23,,all-caps-token,true,true,SKIPPED_LOW_CONFIDENCE,,,
6_GOMatt2501,VideoTitle.value,18259,LUMO - Матай 1:1-2:23,,all-caps-token,true,true,SKIPPED_LOW_CONFIDENCE,,,
6_GOMatt2501,VideoTitle.value,1942,LUMO - Matta 1:1-2:23,,all-caps-token,true,true,SKIPPED_LOW_CONFIDENCE,,,
6_GOMatt2501,VideoTitle.value,21028,LUMO - Mateo 1:1-2:23,,all-caps-token,true,true,SKIPPED_LOW_CONFIDENCE,,,
6_GOMatt2501,VideoTitle.value,21753,LUMO - 馬太福音 1:1-2:23,,all-caps-token,true,true,SKIPPED_LOW_CONFIDENCE,,,
6_GOMatt2501,VideoTitle.value,371,LUMO - Матай 1:1-2:23,,all-caps-token,true,true,SKIPPED_LOW_CONFIDENCE,,,
6_GOMatt2501,VideoTitle.value,3887,LUMO - Ma-thi-ơ 1:1-2:23,,all-caps-token,true,true,SKIPPED_LOW_CONFIDENCE,,,
6_GOMatt2501,VideoTitle.value,3934,LUMO - Матфея 1:1-2:23,,all-caps-token,true,true,SKIPPED_LOW_CONFIDENCE,,,
6_GOMatt2501,VideoTitle.value,407,LUMO - Matthew 1:1-2:23,,all-caps-token,true,true,SKIPPED_LOW_CONFIDENCE,,,
6_GOMatt2501,VideoTitle.value,496,LUMO - Matthieu 1:1-2:23,,all-caps-token,true,true,SKIPPED_LOW_CONFIDENCE,,,
6_GOMatt2501,VideoTitle.value,529,LUMO - Matthew 1:1-2:23,,all-caps-token,true,true,SKIPPED_LOW_CONFIDENCE,,,
6_GOMatt2501,VideoTitle.value,584,LUMO - Mateus  1:1-2:23,,all-caps-token,true,true,SKIPPED_LOW_CONFIDENCE,,,
6_GOMatt2501,VideoTitle.value,6930,LUMO - מתי א':1-2:23,,all-caps-token,true,true,SKIPPED_LOW_CONFIDENCE,,,
7_0-nur,VideoTitle.value,12551,Serye ng NUR,,all-caps-token,true,true,SKIPPED_LOW_CONFIDENCE,,,
7_0-nur,VideoTitle.value,139485,NUR,,all-caps-token,true,true,SKIPPED_LOW_CONFIDENCE,,,
7_0-nur,VideoTitle.value,143871,NUR цуврал,,all-caps-token,true,true,SKIPPED_LOW_CONFIDENCE,,,
7_0-nur,VideoTitle.value,176243,NUR সিরিজ,,all-caps-token,true,true,SKIPPED_LOW_CONFIDENCE,,,
7_0-nur,VideoTitle.value,18259,NUR цуврал,,all-caps-token,true,true,SKIPPED_LOW_CONFIDENCE,,,
7_0-nur,VideoTitle.value,21028,Serie NUR,,all-caps-token,true,true,SKIPPED_LOW_CONFIDENCE,,,
7_0-nur,VideoTitle.value,21753,NUR 系列,,all-caps-token,true,true,SKIPPED_LOW_CONFIDENCE,,,
7_0-nur,VideoTitle.value,22658,NUR,,all-caps-token,true,true,SKIPPED_LOW_CONFIDENCE,,,
7_0-nur,VideoTitle.value,371,NUR сериясы,,all-caps-token,true,true,SKIPPED_LOW_CONFIDENCE,,,
7_0-nur,VideoTitle.value,3887,Dòng NUR,,all-caps-token,true,true,SKIPPED_LOW_CONFIDENCE,,,
7_0-nur,VideoTitle.value,407,NUR سیریز,,all-caps-token,true,true,SKIPPED_LOW_CONFIDENCE,,,
7_0-nur,VideoTitle.value,529,NUR Series,,all-caps-token,true,true,SKIPPED_LOW_CONFIDENCE,,,
7_0-nur,VideoTitle.value,6930,סדרת NUR,,all-caps-token,true,true,SKIPPED_LOW_CONFIDENCE,,,
3_DWJPrayer-0-0,VideoTitle.value,496,Jours avec Jésus : Prière,,possible-multilingual-concatenation,true,true,SKIPPED_LOW_CONFIDENCE,,,
16_InfluencersTrailer,VideoTitle.value,496,Influenceurs : Bande-annonce,,possible-multilingual-concatenation,true,true,SKIPPED_LOW_CONFIDENCE,,,
2_ElCamWaySJENTrailer,VideoTitle.value,496,El Camino : Le Chemin de Saint-Jacques Trailer,,possible-multilingual-concatenation,true,true,SKIPPED_LOW_CONFIDENCE,,,
6_GOMark1515,VideoTitle.value,1106,LUMO - Endnoten markieren,,possible-multilingual-concatenation;all-caps-token,true,true,SKIPPED_LOW_CONFIDENCE,,,
6_GOMark1515,VideoTitle.value,12551,LUMO - Mark End Credits,,possible-multilingual-concatenation;all-caps-token,true,true,SKIPPED_LOW_CONFIDENCE,,,
6_GOMark1515,VideoTitle.value,13169,LUMO - เครดิตท้ายเรื่องมาระโก,,all-caps-token,true,true,SKIPPED_LOW_CONFIDENCE,,,
6_GOMark1515,VideoTitle.value,143871,LUMO - Төгсгөлийн кредитийг тэмдэглэ,,possible-multilingual-concatenation;all-caps-token,true,true,SKIPPED_LOW_CONFIDENCE,,,
6_GOMark1515,VideoTitle.value,16639,LUMO - Tandai Kredit Akhir,,possible-multilingual-concatenation;all-caps-token,true,true,SKIPPED_LOW_CONFIDENCE,,,
6_GOMark1515,VideoTitle.value,18259,LUMO - Төгсгөлийн кредитийг тэмдэглэ,,possible-multilingual-concatenation;all-caps-token,true,true,SKIPPED_LOW_CONFIDENCE,,,
6_GOMark1515,VideoTitle.value,1942,LUMO - Mark End Credits,,possible-multilingual-concatenation;all-caps-token,true,true,SKIPPED_LOW_CONFIDENCE,,,
6_GOMark1515,VideoTitle.value,21028,LUMO - Marca Créditos Finales,,possible-multilingual-concatenation;all-caps-token,true,true,SKIPPED_LOW_CONFIDENCE,,,
6_GOMark1515,VideoTitle.value,21753,LUMO - 馬克片尾曲,,all-caps-token,true,true,SKIPPED_LOW_CONFIDENCE,,,
6_GOMark1515,VideoTitle.value,21754,LUMO - 马克片尾曲,,all-caps-token,true,true,SKIPPED_LOW_CONFIDENCE,,,
6_GOMark1515,VideoTitle.value,371,LUMO - Соңғы несиелерді белгілеу,,possible-multilingual-concatenation;all-caps-token,true,true,SKIPPED_LOW_CONFIDENCE,,,
6_GOMark1515,VideoTitle.value,3804,LUMO - 마크 엔드 크레딧,,all-caps-token,true,true,SKIPPED_LOW_CONFIDENCE,,,
6_GOMark1515,VideoTitle.value,3887,LUMO - Mark End Credits,,possible-multilingual-concatenation;all-caps-token,true,true,SKIPPED_LOW_CONFIDENCE,,,
6_GOMark1515,VideoTitle.value,3934,LUMO - Mark End Credits,,possible-multilingual-concatenation;all-caps-token,true,true,SKIPPED_LOW_CONFIDENCE,,,
6_GOMark1515,VideoTitle.value,407,LUMO - Mark End Credits,,possible-multilingual-concatenation;all-caps-token,true,true,SKIPPED_LOW_CONFIDENCE,,,
6_GOMark1515,VideoTitle.value,496,LUMO - Marque le générique de fin,,possible-multilingual-concatenation;all-caps-token,true,true,SKIPPED_LOW_CONFIDENCE,,,
6_GOMark1515,VideoTitle.value,529,LUMO - Mark End Credits,,possible-multilingual-concatenation;all-caps-token,true,true,SKIPPED_LOW_CONFIDENCE,,,
6_GOMark1515,VideoTitle.value,584,LUMO - Marcos - créditos finais,,possible-multilingual-concatenation;all-caps-token,true,true,SKIPPED_LOW_CONFIDENCE,,,
6_GOMark1515,VideoTitle.value,6930,LUMO - קרדיטים לסיום מארק,,all-caps-token,true,true,SKIPPED_LOW_CONFIDENCE,,,
6_GOMark1515,VideoTitle.value,7083,LUMO - マーク・エンドクレジット,,all-caps-token,true,true,SKIPPED_LOW_CONFIDENCE,,,
6_GOMatt2514,VideoTitle.value,1106,LUMO - Matthäus 18:10-19:30,,all-caps-token,true,true,SKIPPED_LOW_CONFIDENCE,,,
6_GOMatt2514,VideoTitle.value,12551,LUMO - Mateo 18:10-19:30,,all-caps-token,true,true,SKIPPED_LOW_CONFIDENCE,,,
6_GOMatt2514,VideoTitle.value,13169,LUMO - มัทธิว 18:10-19:30,,all-caps-token,true,true,SKIPPED_LOW_CONFIDENCE,,,
6_GOMatt2514,VideoTitle.value,143871,LUMO - Матай 18:10-19:30,,all-caps-token,true,true,SKIPPED_LOW_CONFIDENCE,,,
6_GOMatt2514,VideoTitle.value,16639,LUMO - Matius 18:10-19:30,,all-caps-token,true,true,SKIPPED_LOW_CONFIDENCE,,,
6_GOMatt2514,VideoTitle.value,18259,LUMO - Матай 18:10-19:30,,all-caps-token,true,true,SKIPPED_LOW_CONFIDENCE,,,
6_GOMatt2514,VideoTitle.value,1942,LUMO - Matta 18:10-19:30,,all-caps-token,true,true,SKIPPED_LOW_CONFIDENCE,,,
6_GOMatt2514,VideoTitle.value,21028,LUMO - Mateo 18:10-19:30,,all-caps-token,true,true,SKIPPED_LOW_CONFIDENCE,,,
6_GOMatt2514,VideoTitle.value,21753,LUMO - 馬太福音 18:10-19:30,,all-caps-token,true,true,SKIPPED_LOW_CONFIDENCE,,,
6_GOMatt2514,VideoTitle.value,371,LUMO - Матай 18:10-19:30,,all-caps-token,true,true,SKIPPED_LOW_CONFIDENCE,,,
6_GOMatt2514,VideoTitle.value,3887,LUMO - Ma-thi-ơ 18:10-19:30,,all-caps-token,true,true,SKIPPED_LOW_CONFIDENCE,,,
6_GOMatt2514,VideoTitle.value,3934,LUMO - Матфея 18:10-19:30,,all-caps-token,true,true,SKIPPED_LOW_CONFIDENCE,,,
6_GOMatt2514,VideoTitle.value,407,LUMO - متی 18:10-19:30,,all-caps-token,true,true,SKIPPED_LOW_CONFIDENCE,,,
6_GOMatt2514,VideoTitle.value,496,LUMO - Matthieu 18:10-19:30,,all-caps-token,true,true,SKIPPED_LOW_CONFIDENCE,,,
6_GOMatt2514,VideoTitle.value,529,LUMO - Matthew 18:10-19:30,,all-caps-token,true,true,SKIPPED_LOW_CONFIDENCE,,,
6_GOMatt2514,VideoTitle.value,584,LUMO - Mateus 18:10-19:30,,all-caps-token,true,true,SKIPPED_LOW_CONFIDENCE,,,
6_GOMatt2514,VideoTitle.value,6930,"LUMO - מתי י""ח:10-19:30",,all-caps-token,true,true,SKIPPED_LOW_CONFIDENCE,,,
1_wl-0-0,VideoTitle.value,1106,Magdalena - Director Cut,,possible-multilingual-concatenation,true,true,SKIPPED_LOW_CONFIDENCE,,,
1_wl-0-0,VideoTitle.value,12551,Magdalena - Director's Cut,,possible-multilingual-concatenation,true,true,SKIPPED_LOW_CONFIDENCE,,,
1_wl-0-0,VideoTitle.value,143871,Магдалена - Найруулагчийн зүсэлт,,possible-multilingual-concatenation,true,true,SKIPPED_LOW_CONFIDENCE,,,
1_wl-0-0,VideoTitle.value,16639,Magdalena - Director's Cut,,possible-multilingual-concatenation,true,true,SKIPPED_LOW_CONFIDENCE,,,
1_wl-0-0,VideoTitle.value,18259,Магдалена - Найруулагчийн зүсэлт,,possible-multilingual-concatenation,true,true,SKIPPED_LOW_CONFIDENCE,,,
1_wl-0-0,VideoTitle.value,1942,Magdalena - Yönetmenin Kurgusu,,possible-multilingual-concatenation,true,true,SKIPPED_LOW_CONFIDENCE,,,
1_wl-0-0,VideoTitle.value,496,Marie de Magdala - Bande du Directeur,,possible-multilingual-concatenation,true,true,SKIPPED_LOW_CONFIDENCE,,,
1_wl-0-0,VideoTitle.value,529,Magdalena - Director's Cut,,possible-multilingual-concatenation,true,true,SKIPPED_LOW_CONFIDENCE,,,
6_GOJohn2209,VideoTitle.value,1106,LUMO - Johannes 8:31-59,,all-caps-token,true,true,SKIPPED_LOW_CONFIDENCE,,,
6_GOJohn2209,VideoTitle.value,12551,LUMO - Juan 8:31-59,,all-caps-token,true,true,SKIPPED_LOW_CONFIDENCE,,,
6_GOJohn2209,VideoTitle.value,13169,LUMO - ยอห์น 8:31-59,,all-caps-token,true,true,SKIPPED_LOW_CONFIDENCE,,,
6_GOJohn2209,VideoTitle.value,143871,LUMO - Иохан 8:31-59,,all-caps-token,true,true,SKIPPED_LOW_CONFIDENCE,,,
6_GOJohn2209,VideoTitle.value,16639,LUMO - Yohanes 8:31-59,,all-caps-token,true,true,SKIPPED_LOW_CONFIDENCE,,,
6_GOJohn2209,VideoTitle.value,18259,LUMO - Иохан 8:31-59,,all-caps-token,true,true,SKIPPED_LOW_CONFIDENCE,,,
6_GOJohn2209,VideoTitle.value,1942,LUMO - Yuhanna 8:31-59,,all-caps-token,true,true,SKIPPED_LOW_CONFIDENCE,,,
6_GOJohn2209,VideoTitle.value,21028,LUMO - Juan 8:31-59,,all-caps-token,true,true,SKIPPED_LOW_CONFIDENCE,,,
6_GOJohn2209,VideoTitle.value,21753,LUMO - 約翰福音 8:31-59,,all-caps-token,true,true,SKIPPED_LOW_CONFIDENCE,,,
6_GOJohn2209,VideoTitle.value,21754,LUMO - 约翰福音 8:31-59,,all-caps-token,true,true,SKIPPED_LOW_CONFIDENCE,,,
6_GOJohn2209,VideoTitle.value,371,LUMO - Жохан 8:31-59,,all-caps-token,true,true,SKIPPED_LOW_CONFIDENCE,,,
6_GOJohn2209,VideoTitle.value,3887,LUMO - Giăng 8:31-59,,all-caps-token,true,true,SKIPPED_LOW_CONFIDENCE,,,
6_GOJohn2209,VideoTitle.value,3934,LUMO - Иоанна 8:31-59,,all-caps-token,true,true,SKIPPED_LOW_CONFIDENCE,,,
6_GOJohn2209,VideoTitle.value,496,LUMO - Jean 8:31-59,,all-caps-token,true,true,SKIPPED_LOW_CONFIDENCE,,,
6_GOJohn2209,VideoTitle.value,529,LUMO - John 8:31-59,,all-caps-token,true,true,SKIPPED_LOW_CONFIDENCE,,,
6_GOJohn2209,VideoTitle.value,584,LUMO - João 8:31-59,,all-caps-token,true,true,SKIPPED_LOW_CONFIDENCE,,,
6_GOJohn2209,VideoTitle.value,6930,LUMO - יוחנן ח':31-59,,all-caps-token,true,true,SKIPPED_LOW_CONFIDENCE,,,
6_GOJohn2215,VideoTitle.value,1106,LUMO - Johannes 14:1-31,,all-caps-token,true,true,SKIPPED_LOW_CONFIDENCE,,,
6_GOJohn2215,VideoTitle.value,12551,LUMO - Juan 14:1-31,,all-caps-token,true,true,SKIPPED_LOW_CONFIDENCE,,,
6_GOJohn2215,VideoTitle.value,13169,LUMO - ยอห์น 14:1-31,,all-caps-token,true,true,SKIPPED_LOW_CONFIDENCE,,,
6_GOJohn2215,VideoTitle.value,143871,LUMO - Иохан 14:1-31,,all-caps-token,true,true,SKIPPED_LOW_CONFIDENCE,,,
6_GOJohn2215,VideoTitle.value,16639,LUMO - Yohanes 14:1-31,,all-caps-token,true,true,SKIPPED_LOW_CONFIDENCE,,,
6_GOJohn2215,VideoTitle.value,18259,LUMO - Иохан 14:1-31,,all-caps-token,true,true,SKIPPED_LOW_CONFIDENCE,,,
6_GOJohn2215,VideoTitle.value,1942,LUMO - Yuhanna 14:1-31,,all-caps-token,true,true,SKIPPED_LOW_CONFIDENCE,,,
6_GOJohn2215,VideoTitle.value,21028,LUMO - Juan 14:1-31,,all-caps-token,true,true,SKIPPED_LOW_CONFIDENCE,,,
6_GOJohn2215,VideoTitle.value,21753,LUMO - 約翰福音 14:1-31,,all-caps-token,true,true,SKIPPED_LOW_CONFIDENCE,,,
6_GOJohn2215,VideoTitle.value,21754,LUMO - 约翰福音 14:1-31,,all-caps-token,true,true,SKIPPED_LOW_CONFIDENCE,,,
6_GOJohn2215,VideoTitle.value,371,LUMO - Жохан 14:1-31,,all-caps-token,true,true,SKIPPED_LOW_CONFIDENCE,,,
6_GOJohn2215,VideoTitle.value,3887,LUMO - Giăng 14:1-31,,all-caps-token,true,true,SKIPPED_LOW_CONFIDENCE,,,
6_GOJohn2215,VideoTitle.value,3934,LUMO - Иоанна 14:1-31,,all-caps-token,true,true,SKIPPED_LOW_CONFIDENCE,,,
6_GOJohn2215,VideoTitle.value,496,LUMO - Jean 14:1-31,,all-caps-token,true,true,SKIPPED_LOW_CONFIDENCE,,,
6_GOJohn2215,VideoTitle.value,529,LUMO - John 14:1-31,,all-caps-token,true,true,SKIPPED_LOW_CONFIDENCE,,,
6_GOJohn2215,VideoTitle.value,584,LUMO - João 14:1-31,,all-caps-token,true,true,SKIPPED_LOW_CONFIDENCE,,,
6_GOJohn2215,VideoTitle.value,6930,LUMO - יוחנן יד:1-31,,all-caps-token,true,true,SKIPPED_LOW_CONFIDENCE,,,
10_Darkroom02Church,VideoTitle.value,496,Église : Travis ne ressent pas Dieu,,possible-multilingual-concatenation,true,true,SKIPPED_LOW_CONFIDENCE,,,
2_Broken4JimmyStory,VideoTitle.value,496,Je verrai Jésus : L'histoire de Jimmy Ong,,possible-multilingual-concatenation,true,true,SKIPPED_LOW_CONFIDENCE,,,
6_GOLuke2603,VideoTitle.value,1106,LUMO - Lukas 2:41-3:38,,all-caps-token,true,true,SKIPPED_LOW_CONFIDENCE,,,
6_GOLuke2603,VideoTitle.value,12551,LUMO - Lucas 2:41-3:38,,all-caps-token,true,true,SKIPPED_LOW_CONFIDENCE,,,
6_GOLuke2603,VideoTitle.value,13169,LUMO - ลูกา 2:41-3:38,,all-caps-token,true,true,SKIPPED_LOW_CONFIDENCE,,,
6_GOLuke2603,VideoTitle.value,143871,LUMO - Лук 2:41-3:38,,all-caps-token,true,true,SKIPPED_LOW_CONFIDENCE,,,
6_GOLuke2603,VideoTitle.value,16639,LUMO - Lukas 2:41-3:38,,all-caps-token,true,true,SKIPPED_LOW_CONFIDENCE,,,
6_GOLuke2603,VideoTitle.value,18259,LUMO - Лук 2:41-3:38,,all-caps-token,true,true,SKIPPED_LOW_CONFIDENCE,,,
6_GOLuke2603,VideoTitle.value,1942,LUMO - Luka 2:41-3:38,,all-caps-token,true,true,SKIPPED_LOW_CONFIDENCE,,,
6_GOLuke2603,VideoTitle.value,21028,LUMO - Lucas 2:41-3:38,,all-caps-token,true,true,SKIPPED_LOW_CONFIDENCE,,,
6_GOLuke2603,VideoTitle.value,21753,LUMO - 路加福音 2:41-3:38,,all-caps-token,true,true,SKIPPED_LOW_CONFIDENCE,,,
6_GOLuke2603,VideoTitle.value,21754,LUMO - 《路加福音》2:41-3:38,,all-caps-token,true,true,SKIPPED_LOW_CONFIDENCE,,,
6_GOLuke2603,VideoTitle.value,371,LUMO - Лұқа 2:41-3:38,,all-caps-token,true,true,SKIPPED_LOW_CONFIDENCE,,,
6_GOLuke2603,VideoTitle.value,3887,LUMO - Lc 2:41-3:38,,all-caps-token,true,true,SKIPPED_LOW_CONFIDENCE,,,
6_GOLuke2603,VideoTitle.value,3934,LUMO - Луки 2:41-3:38,,all-caps-token,true,true,SKIPPED_LOW_CONFIDENCE,,,
6_GOLuke2603,VideoTitle.value,407,LUMO - لوقا 2:41-3:38,,all-caps-token,true,true,SKIPPED_LOW_CONFIDENCE,,,
6_GOLuke2603,VideoTitle.value,496,LUMO - Luc 2:41-3:38,,all-caps-token,true,true,SKIPPED_LOW_CONFIDENCE,,,
6_GOLuke2603,VideoTitle.value,529,LUMO - Luke 2:41-3:38,,all-caps-token,true,true,SKIPPED_LOW_CONFIDENCE,,,
6_GOLuke2603,VideoTitle.value,584,LUMO - Lucas 2:41-3:38,,all-caps-token,true,true,SKIPPED_LOW_CONFIDENCE,,,
6_GOLuke2603,VideoTitle.value,6930,LUMO - לוקס 2:41-3:38,,all-caps-token,true,true,SKIPPED_LOW_CONFIDENCE,,,
3_IAm-0-0,VideoTitle.value,1106,ICH BIN,,all-caps-token,true,true,SKIPPED_LOW_CONFIDENCE,,,
3_IAm-0-0,VideoTitle.value,12551,AKO,,all-caps-token,true,true,SKIPPED_LOW_CONFIDENCE,,,
3_IAm-0-0,VideoTitle.value,16639,SAYA.,,all-caps-token,true,true,SKIPPED_LOW_CONFIDENCE,,,
3_IAm-0-0,VideoTitle.value,1942,BEN,,all-caps-token,true,true,SKIPPED_LOW_CONFIDENCE,,,
3_IAm-0-0,VideoTitle.value,21028,YO SOY,,all-caps-token,true,true,SKIPPED_LOW_CONFIDENCE,,,
3_IAm-0-0,VideoTitle.value,584,EU SOU,,all-caps-token,true,true,SKIPPED_LOW_CONFIDENCE,,,
6_GOMatt2523,VideoTitle.value,1106,LUMO - Matthäus 27:1-31,,all-caps-token,true,true,SKIPPED_LOW_CONFIDENCE,,,
6_GOMatt2523,VideoTitle.value,12551,LUMO - Mateo 27:1-31,,all-caps-token,true,true,SKIPPED_LOW_CONFIDENCE,,,
6_GOMatt2523,VideoTitle.value,13169,LUMO - มัทธิว 27:1-31,,all-caps-token,true,true,SKIPPED_LOW_CONFIDENCE,,,
6_GOMatt2523,VideoTitle.value,143871,LUMO - Матай 27:1-31,,all-caps-token,true,true,SKIPPED_LOW_CONFIDENCE,,,
6_GOMatt2523,VideoTitle.value,16639,LUMO - Matius 27:1-31,,all-caps-token,true,true,SKIPPED_LOW_CONFIDENCE,,,
6_GOMatt2523,VideoTitle.value,18259,LUMO - Матай 27:1-31,,all-caps-token,true,true,SKIPPED_LOW_CONFIDENCE,,,
6_GOMatt2523,VideoTitle.value,1942,LUMO - Matta 27:1-31,,all-caps-token,true,true,SKIPPED_LOW_CONFIDENCE,,,
6_GOMatt2523,VideoTitle.value,21028,LUMO - Mateo 27:1-31,,all-caps-token,true,true,SKIPPED_LOW_CONFIDENCE,,,
6_GOMatt2523,VideoTitle.value,21753,LUMO - 馬太福音 27:1-31,,all-caps-token,true,true,SKIPPED_LOW_CONFIDENCE,,,
6_GOMatt2523,VideoTitle.value,371,LUMO - Матай 27:1-31,,all-caps-token,true,true,SKIPPED_LOW_CONFIDENCE,,,
6_GOMatt2523,VideoTitle.value,3887,LUMO - Ma-thi-ơ 27:1-31,,all-caps-token,true,true,SKIPPED_LOW_CONFIDENCE,,,
6_GOMatt2523,VideoTitle.value,3934,LUMO - Матфея 27:1-31,,all-caps-token,true,true,SKIPPED_LOW_CONFIDENCE,,,
6_GOMatt2523,VideoTitle.value,496,LUMO - Matthieu 27:1-31,,all-caps-token,true,true,SKIPPED_LOW_CONFIDENCE,,,
6_GOMatt2523,VideoTitle.value,529,LUMO - Matthew 27:1-31,,all-caps-token,true,true,SKIPPED_LOW_CONFIDENCE,,,
6_GOMatt2523,VideoTitle.value,584,LUMO - Mateus 27:1-31,,all-caps-token,true,true,SKIPPED_LOW_CONFIDENCE,,,
6_GOMatt2523,VideoTitle.value,6930,"LUMO - מתי כ""ז:1-31",,all-caps-token,true,true,SKIPPED_LOW_CONFIDENCE,,,
6_GOJohn2218,VideoTitle.value,1106,LUMO - Johannes 18:1-19:3,,all-caps-token,true,true,SKIPPED_LOW_CONFIDENCE,,,
6_GOJohn2218,VideoTitle.value,12551,LUMO - Juan 18:1-19:3,,all-caps-token,true,true,SKIPPED_LOW_CONFIDENCE,,,
6_GOJohn2218,VideoTitle.value,13169,LUMO - ยอห์น 18:1-19:3,,all-caps-token,true,true,SKIPPED_LOW_CONFIDENCE,,,
6_GOJohn2218,VideoTitle.value,143871,LUMO - Иохан 18:1-19:3,,all-caps-token,true,true,SKIPPED_LOW_CONFIDENCE,,,
6_GOJohn2218,VideoTitle.value,16639,LUMO - Yohanes 18:1-19:3,,all-caps-token,true,true,SKIPPED_LOW_CONFIDENCE,,,
6_GOJohn2218,VideoTitle.value,18259,LUMO - Иохан 18:1-19:3,,all-caps-token,true,true,SKIPPED_LOW_CONFIDENCE,,,
6_GOJohn2218,VideoTitle.value,1942,LUMO - Yuhanna 18:1-19:3,,all-caps-token,true,true,SKIPPED_LOW_CONFIDENCE,,,
6_GOJohn2218,VideoTitle.value,21028,LUMO - Juan 18:1-19:3,,all-caps-token,true,true,SKIPPED_LOW_CONFIDENCE,,,
6_GOJohn2218,VideoTitle.value,21753,LUMO - 約翰福音 18:1-19:3,,all-caps-token,true,true,SKIPPED_LOW_CONFIDENCE,,,
6_GOJohn2218,VideoTitle.value,21754,LUMO - 约翰福音 18:1-19:3,,all-caps-token,true,true,SKIPPED_LOW_CONFIDENCE,,,
6_GOJohn2218,VideoTitle.value,371,LUMO - Жохан 18:1-19:3,,all-caps-token,true,true,SKIPPED_LOW_CONFIDENCE,,,
6_GOJohn2218,VideoTitle.value,3887,LUMO - Giăng 18:1-19:3,,all-caps-token,true,true,SKIPPED_LOW_CONFIDENCE,,,
6_GOJohn2218,VideoTitle.value,3934,LUMO - Иоанна 18:1-19:3,,all-caps-token,true,true,SKIPPED_LOW_CONFIDENCE,,,
6_GOJohn2218,VideoTitle.value,407,LUMO - یوحنا 18:1-19:3,,all-caps-token,true,true,SKIPPED_LOW_CONFIDENCE,,,
6_GOJohn2218,VideoTitle.value,496,LUMO - Jean 18:1-19:3,,all-caps-token,true,true,SKIPPED_LOW_CONFIDENCE,,,
6_GOJohn2218,VideoTitle.value,529,LUMO - John 18:1-19:3,,all-caps-token,true,true,SKIPPED_LOW_CONFIDENCE,,,
6_GOJohn2218,VideoTitle.value,584,LUMO - João 18:1-19:3,,all-caps-token,true,true,SKIPPED_LOW_CONFIDENCE,,,
6_GOJohn2218,VideoTitle.value,6930,"LUMO - יוחנן י""ח:1-י""ט:3",,all-caps-token,true,true,SKIPPED_LOW_CONFIDENCE,,,
10_Darkroom07Bible,VideoTitle.value,496,Bible : DM de Dieu,,possible-multilingual-concatenation,true,true,SKIPPED_LOW_CONFIDENCE,,,
16_KnownTrailer,VideoTitle.value,496,Connu : Bande annonce,,possible-multilingual-concatenation,true,true,SKIPPED_LOW_CONFIDENCE,,,
10_Darkroom13Supernatural,VideoTitle.value,496,Surnaturel : La même hallucination,,possible-multilingual-concatenation,true,true,SKIPPED_LOW_CONFIDENCE,,,
GOMarkCollection,VideoTitle.value,371,LUMO - Марқа жазған Ізгі хабар,,possible-multilingual-concatenation;all-caps-token,true,true,SKIPPED_LOW_CONFIDENCE,,,
GOMarkCollection,VideoTitle.value,529,LUMO - The Gospel of Mark,,possible-multilingual-concatenation;all-caps-token,true,true,SKIPPED_LOW_CONFIDENCE,,,
6_GOMark1504,VideoTitle.value,1106,LUMO - Markus 5:1-43,,all-caps-token,true,true,SKIPPED_LOW_CONFIDENCE,,,
6_GOMark1504,VideoTitle.value,12551,LUMO - Marcos 5:1-43,,all-caps-token,true,true,SKIPPED_LOW_CONFIDENCE,,,
6_GOMark1504,VideoTitle.value,13169,LUMO - มาระโก 5:1-43,,all-caps-token,true,true,SKIPPED_LOW_CONFIDENCE,,,
6_GOMark1504,VideoTitle.value,139485,LUMO - مرقس 5: 1-43,,all-caps-token,true,true,SKIPPED_LOW_CONFIDENCE,,,
6_GOMark1504,VideoTitle.value,143871,LUMO - Марк 5:1-43,,all-caps-token,true,true,SKIPPED_LOW_CONFIDENCE,,,
6_GOMark1504,VideoTitle.value,16639,LUMO - Markus 5:1-43,,all-caps-token,true,true,SKIPPED_LOW_CONFIDENCE,,,
6_GOMark1504,VideoTitle.value,18259,LUMO - Марк 5:1-43,,all-caps-token,true,true,SKIPPED_LOW_CONFIDENCE,,,
6_GOMark1504,VideoTitle.value,1942,LUMO - Markos 5:1-43,,all-caps-token,true,true,SKIPPED_LOW_CONFIDENCE,,,
6_GOMark1504,VideoTitle.value,21028,LUMO - Marcos 5:1-43,,all-caps-token,true,true,SKIPPED_LOW_CONFIDENCE,,,
6_GOMark1504,VideoTitle.value,21753,LUMO - 馬可福音 5:1-43,,all-caps-token,true,true,SKIPPED_LOW_CONFIDENCE,,,
6_GOMark1504,VideoTitle.value,22658,LUMO - مرقس 5: 1-43,,all-caps-token,true,true,SKIPPED_LOW_CONFIDENCE,,,
6_GOMark1504,VideoTitle.value,371,LUMO - Марк 5:1-43,,all-caps-token,true,true,SKIPPED_LOW_CONFIDENCE,,,
6_GOMark1504,VideoTitle.value,3887,LUMO - Mác 5:1-43,,all-caps-token,true,true,SKIPPED_LOW_CONFIDENCE,,,
6_GOMark1504,VideoTitle.value,3934,LUMO - Марк 5:1-43,,all-caps-token,true,true,SKIPPED_LOW_CONFIDENCE,,,
6_GOMark1504,VideoTitle.value,407,LUMO - مارک 5:1-43,,all-caps-token,true,true,SKIPPED_LOW_CONFIDENCE,,,
6_GOMark1504,VideoTitle.value,496,LUMO - Marc 5:1-43,,all-caps-token,true,true,SKIPPED_LOW_CONFIDENCE,,,
6_GOMark1504,VideoTitle.value,529,LUMO - Mark 5:1-43,,all-caps-token,true,true,SKIPPED_LOW_CONFIDENCE,,,
6_GOMark1504,VideoTitle.value,584,LUMO - Marcos 5:1-43,,all-caps-token,true,true,SKIPPED_LOW_CONFIDENCE,,,
6_GOMark1504,VideoTitle.value,6788,LUMO - مارک 5:1-43,,all-caps-token,true,true,SKIPPED_LOW_CONFIDENCE,,,
6_GOMark1504,VideoTitle.value,6930,LUMO - מרקוס ה':1-43,,all-caps-token,true,true,SKIPPED_LOW_CONFIDENCE,,,
6_GOJohn2206,VideoTitle.value,1106,LUMO - Johannes 6:1-60,,all-caps-token,true,true,SKIPPED_LOW_CONFIDENCE,,,
6_GOJohn2206,VideoTitle.value,12551,LUMO - Juan 6:1-60,,all-caps-token,true,true,SKIPPED_LOW_CONFIDENCE,,,
6_GOJohn2206,VideoTitle.value,13169,LUMO - ยอห์น 6:1-60,,all-caps-token,true,true,SKIPPED_LOW_CONFIDENCE,,,
6_GOJohn2206,VideoTitle.value,143871,LUMO - Иохан 6:1-60,,all-caps-token,true,true,SKIPPED_LOW_CONFIDENCE,,,
6_GOJohn2206,VideoTitle.value,16639,LUMO - Yohanes 6:1-60,,all-caps-token,true,true,SKIPPED_LOW_CONFIDENCE,,,
6_GOJohn2206,VideoTitle.value,18259,LUMO - Иохан 6:1-60,,all-caps-token,true,true,SKIPPED_LOW_CONFIDENCE,,,
6_GOJohn2206,VideoTitle.value,1942,LUMO - Yuhanna 6:1-60,,all-caps-token,true,true,SKIPPED_LOW_CONFIDENCE,,,
6_GOJohn2206,VideoTitle.value,21028,LUMO - Juan 6:1-60,,all-caps-token,true,true,SKIPPED_LOW_CONFIDENCE,,,
6_GOJohn2206,VideoTitle.value,21753,LUMO - 約翰福音 6:1-60,,all-caps-token,true,true,SKIPPED_LOW_CONFIDENCE,,,
6_GOJohn2206,VideoTitle.value,21754,LUMO - 约翰福音 6:1-60,,all-caps-token,true,true,SKIPPED_LOW_CONFIDENCE,,,
6_GOJohn2206,VideoTitle.value,371,LUMO - Жохан 6:1-60,,all-caps-token,true,true,SKIPPED_LOW_CONFIDENCE,,,
6_GOJohn2206,VideoTitle.value,3887,LUMO - Giăng 6:1-60,,all-caps-token,true,true,SKIPPED_LOW_CONFIDENCE,,,
6_GOJohn2206,VideoTitle.value,3934,LUMO - Иоанна 6:1-60,,all-caps-token,true,true,SKIPPED_LOW_CONFIDENCE,,,
6_GOJohn2206,VideoTitle.value,496,LUMO - Jean 6:1-60,,all-caps-token,true,true,SKIPPED_LOW_CONFIDENCE,,,
6_GOJohn2206,VideoTitle.value,529,LUMO - John 6:1-60,,all-caps-token,true,true,SKIPPED_LOW_CONFIDENCE,,,
6_GOJohn2206,VideoTitle.value,584,LUMO - João 6:1-60,,all-caps-token,true,true,SKIPPED_LOW_CONFIDENCE,,,
6_GOJohn2206,VideoTitle.value,6930,LUMO - יוחנן ו':1-60,,all-caps-token,true,true,SKIPPED_LOW_CONFIDENCE,,,
6_GOLuke2613,VideoTitle.value,1106,LUMO - Lukas 12:1-59,,all-caps-token,true,true,SKIPPED_LOW_CONFIDENCE,,,
6_GOLuke2613,VideoTitle.value,12551,LUMO - Lucas 12:1-59,,all-caps-token,true,true,SKIPPED_LOW_CONFIDENCE,,,
6_GOLuke2613,VideoTitle.value,13169,LUMO - ลูกา 12:1-59,,all-caps-token,true,true,SKIPPED_LOW_CONFIDENCE,,,
6_GOLuke2613,VideoTitle.value,143871,LUMO - Лук 12:1-59,,all-caps-token,true,true,SKIPPED_LOW_CONFIDENCE,,,
6_GOLuke2613,VideoTitle.value,16639,LUMO - Lukas 12:1-59,,all-caps-token,true,true,SKIPPED_LOW_CONFIDENCE,,,
6_GOLuke2613,VideoTitle.value,18259,LUMO - Лук 12:1-59,,all-caps-token,true,true,SKIPPED_LOW_CONFIDENCE,,,
6_GOLuke2613,VideoTitle.value,1942,LUMO - Luka 12:1-59,,all-caps-token,true,true,SKIPPED_LOW_CONFIDENCE,,,
6_GOLuke2613,VideoTitle.value,21028,LUMO - Lucas 12:1-59,,all-caps-token,true,true,SKIPPED_LOW_CONFIDENCE,,,
6_GOLuke2613,VideoTitle.value,21753,LUMO - 路加福音 12:1-59,,all-caps-token,true,true,SKIPPED_LOW_CONFIDENCE,,,
6_GOLuke2613,VideoTitle.value,371,LUMO - Лұқа 12:1-59,,all-caps-token,true,true,SKIPPED_LOW_CONFIDENCE,,,
6_GOLuke2613,VideoTitle.value,3887,LUMO - Lc 12:1-59,,all-caps-token,true,true,SKIPPED_LOW_CONFIDENCE,,,
6_GOLuke2613,VideoTitle.value,3934,LUMO - Лука 12:1-59,,all-caps-token,true,true,SKIPPED_LOW_CONFIDENCE,,,
6_GOLuke2613,VideoTitle.value,407,LUMO - لوقا 12:1-59,,all-caps-token,true,true,SKIPPED_LOW_CONFIDENCE,,,
6_GOLuke2613,VideoTitle.value,496,LUMO - Luc 12:1-59,,all-caps-token,true,true,SKIPPED_LOW_CONFIDENCE,,,
6_GOLuke2613,VideoTitle.value,529,LUMO - Luke 12:1-59,,all-caps-token,true,true,SKIPPED_LOW_CONFIDENCE,,,
6_GOLuke2613,VideoTitle.value,584,LUMO - Lucas 12:1-59,,all-caps-token,true,true,SKIPPED_LOW_CONFIDENCE,,,
6_GOLuke2613,VideoTitle.value,6788,LUMO - لوقا 12:1-59,,all-caps-token,true,true,SKIPPED_LOW_CONFIDENCE,,,
6_GOLuke2613,VideoTitle.value,6930,LUMO - לוקס 12:1-59,,all-caps-token,true,true,SKIPPED_LOW_CONFIDENCE,,,
6_GOLuke2626,VideoTitle.value,1106,LUMO - Luke End Credits,,possible-multilingual-concatenation;all-caps-token,true,true,SKIPPED_LOW_CONFIDENCE,,,
6_GOLuke2626,VideoTitle.value,12551,LUMO - Luke End Credits,,possible-multilingual-concatenation;all-caps-token,true,true,SKIPPED_LOW_CONFIDENCE,,,
6_GOLuke2626,VideoTitle.value,13169,LUMO - เครดิตท้ายเรื่องลูกา,,all-caps-token,true,true,SKIPPED_LOW_CONFIDENCE,,,
6_GOLuke2626,VideoTitle.value,143871,LUMO - Luke End Credits,,possible-multilingual-concatenation;all-caps-token,true,true,SKIPPED_LOW_CONFIDENCE,,,
6_GOLuke2626,VideoTitle.value,16639,LUMO - Kredit Akhir Luke,,possible-multilingual-concatenation;all-caps-token,true,true,SKIPPED_LOW_CONFIDENCE,,,
6_GOLuke2626,VideoTitle.value,18259,LUMO - Luke End Credits,,possible-multilingual-concatenation;all-caps-token,true,true,SKIPPED_LOW_CONFIDENCE,,,
6_GOLuke2626,VideoTitle.value,1942,LUMO - Luke End Credits,,possible-multilingual-concatenation;all-caps-token,true,true,SKIPPED_LOW_CONFIDENCE,,,
6_GOLuke2626,VideoTitle.value,21028,LUMO - Créditos finales de Luke,,possible-multilingual-concatenation;all-caps-token,true,true,SKIPPED_LOW_CONFIDENCE,,,
6_GOLuke2626,VideoTitle.value,21753,LUMO - 路克片尾曲,,all-caps-token,true,true,SKIPPED_LOW_CONFIDENCE,,,
6_GOLuke2626,VideoTitle.value,21754,LUMO - 卢克片尾曲,,all-caps-token,true,true,SKIPPED_LOW_CONFIDENCE,,,
6_GOLuke2626,VideoTitle.value,371,LUMO - Luke End Credits,,possible-multilingual-concatenation;all-caps-token,true,true,SKIPPED_LOW_CONFIDENCE,,,
6_GOLuke2626,VideoTitle.value,3804,LUMO - 루크 엔드 크레딧,,all-caps-token,true,true,SKIPPED_LOW_CONFIDENCE,,,
6_GOLuke2626,VideoTitle.value,3887,LUMO - Luke Kết thúc phần ghi danh,,possible-multilingual-concatenation;all-caps-token,true,true,SKIPPED_LOW_CONFIDENCE,,,
6_GOLuke2626,VideoTitle.value,3934,LUMO - Luke End Credits,,possible-multilingual-concatenation;all-caps-token,true,true,SKIPPED_LOW_CONFIDENCE,,,
6_GOLuke2626,VideoTitle.value,407,LUMO - لوقا انجامی کریڈٹس,,all-caps-token,true,true,SKIPPED_LOW_CONFIDENCE,,,
6_GOLuke2626,VideoTitle.value,496,LUMO - Générique de fin de Luke,,possible-multilingual-concatenation;all-caps-token,true,true,SKIPPED_LOW_CONFIDENCE,,,
6_GOLuke2626,VideoTitle.value,529,LUMO - Luke End Credits,,possible-multilingual-concatenation;all-caps-token,true,true,SKIPPED_LOW_CONFIDENCE,,,
6_GOLuke2626,VideoTitle.value,584,LUMO - Lucas - créditos finais,,possible-multilingual-concatenation;all-caps-token,true,true,SKIPPED_LOW_CONFIDENCE,,,
6_GOLuke2626,VideoTitle.value,6788,LUMO - لوق – اعتبارات لوک,,all-caps-token,true,true,SKIPPED_LOW_CONFIDENCE,,,
6_GOLuke2626,VideoTitle.value,6930,LUMO - לוק קרדיטים לסיום,,all-caps-token,true,true,SKIPPED_LOW_CONFIDENCE,,,
6_GOLuke2626,VideoTitle.value,7083,LUMO - ルーク・エンドクレジット,,all-caps-token,true,true,SKIPPED_LOW_CONFIDENCE,,,
GOLukeCollection,VideoTitle.value,529,LUMO - The Gospel of Luke,,possible-multilingual-concatenation;all-caps-token,true,true,SKIPPED_LOW_CONFIDENCE,,,
6_GOMatt2502,VideoTitle.value,1106,LUMO - Matthäus 3:1-4:25,,all-caps-token,true,true,SKIPPED_LOW_CONFIDENCE,,,
6_GOMatt2502,VideoTitle.value,12551,LUMO - Mateo 3:1-4:25,,all-caps-token,true,true,SKIPPED_LOW_CONFIDENCE,,,
6_GOMatt2502,VideoTitle.value,13169,LUMO - มัทธิว 3:1-4:25,,all-caps-token,true,true,SKIPPED_LOW_CONFIDENCE,,,
6_GOMatt2502,VideoTitle.value,143871,LUMO - Матай 3:1-4:25,,all-caps-token,true,true,SKIPPED_LOW_CONFIDENCE,,,
6_GOMatt2502,VideoTitle.value,16639,LUMO - Matius 3:1-4:25,,all-caps-token,true,true,SKIPPED_LOW_CONFIDENCE,,,
6_GOMatt2502,VideoTitle.value,18259,LUMO - Матай 3:1-4:25,,all-caps-token,true,true,SKIPPED_LOW_CONFIDENCE,,,
6_GOMatt2502,VideoTitle.value,1942,LUMO - Matta 3:1-4:25,,all-caps-token,true,true,SKIPPED_LOW_CONFIDENCE,,,
6_GOMatt2502,VideoTitle.value,21028,LUMO - Mateo 3:1-4:25,,all-caps-token,true,true,SKIPPED_LOW_CONFIDENCE,,,
6_GOMatt2502,VideoTitle.value,21753,LUMO - 馬太福音 3:1-4:25,,all-caps-token,true,true,SKIPPED_LOW_CONFIDENCE,,,
6_GOMatt2502,VideoTitle.value,371,LUMO - Матай 3:1-4:25,,all-caps-token,true,true,SKIPPED_LOW_CONFIDENCE,,,
6_GOMatt2502,VideoTitle.value,3887,LUMO - Ma-thi-ơ 3:1-4:25,,all-caps-token,true,true,SKIPPED_LOW_CONFIDENCE,,,
6_GOMatt2502,VideoTitle.value,3934,LUMO - Матфея 3:1-4:25,,all-caps-token,true,true,SKIPPED_LOW_CONFIDENCE,,,
6_GOMatt2502,VideoTitle.value,407,LUMO - Matthew 3:1-4:25,,all-caps-token,true,true,SKIPPED_LOW_CONFIDENCE,,,
6_GOMatt2502,VideoTitle.value,496,LUMO - Matthieu 3:1-4:25,,all-caps-token,true,true,SKIPPED_LOW_CONFIDENCE,,,
6_GOMatt2502,VideoTitle.value,529,LUMO - Matthew 3:1-4:25,,all-caps-token,true,true,SKIPPED_LOW_CONFIDENCE,,,
6_GOMatt2502,VideoTitle.value,584,LUMO - Mateus 3:1-4:25,,all-caps-token,true,true,SKIPPED_LOW_CONFIDENCE,,,
6_GOMatt2502,VideoTitle.value,6930,LUMO - מתי ג':1-4:25,,all-caps-token,true,true,SKIPPED_LOW_CONFIDENCE,,,
6_GOMatt2505,VideoTitle.value,1106,LUMO - Matthäus 7:24-8:34,,all-caps-token,true,true,SKIPPED_LOW_CONFIDENCE,,,
6_GOMatt2505,VideoTitle.value,12551,LUMO - Mateo 7:24-8:34,,all-caps-token,true,true,SKIPPED_LOW_CONFIDENCE,,,
6_GOMatt2505,VideoTitle.value,13169,LUMO - มัทธิว 7:24-8:34,,all-caps-token,true,true,SKIPPED_LOW_CONFIDENCE,,,
6_GOMatt2505,VideoTitle.value,143871,LUMO - Матай 7:24-8:34,,all-caps-token,true,true,SKIPPED_LOW_CONFIDENCE,,,
6_GOMatt2505,VideoTitle.value,16639,LUMO - Matius 7:24-8:34,,all-caps-token,true,true,SKIPPED_LOW_CONFIDENCE,,,
6_GOMatt2505,VideoTitle.value,18259,LUMO - Матай 7:24-8:34,,all-caps-token,true,true,SKIPPED_LOW_CONFIDENCE,,,
6_GOMatt2505,VideoTitle.value,1942,LUMO - Matta 7:24-8:34,,all-caps-token,true,true,SKIPPED_LOW_CONFIDENCE,,,
6_GOMatt2505,VideoTitle.value,21028,LUMO - Mateo 7:24-8:34,,all-caps-token,true,true,SKIPPED_LOW_CONFIDENCE,,,
6_GOMatt2505,VideoTitle.value,21753,LUMO - 馬太福音 7:24-8:34,,all-caps-token,true,true,SKIPPED_LOW_CONFIDENCE,,,
6_GOMatt2505,VideoTitle.value,371,LUMO - Матай 7:24-8:34,,all-caps-token,true,true,SKIPPED_LOW_CONFIDENCE,,,
6_GOMatt2505,VideoTitle.value,3887,LUMO - Ma-thi-ơ 7:24-8:34,,all-caps-token,true,true,SKIPPED_LOW_CONFIDENCE,,,
6_GOMatt2505,VideoTitle.value,3934,LUMO - Матфея 7:24-8:34,,all-caps-token,true,true,SKIPPED_LOW_CONFIDENCE,,,
6_GOMatt2505,VideoTitle.value,496,LUMO - Matthieu 7:24-8:34,,all-caps-token,true,true,SKIPPED_LOW_CONFIDENCE,,,
6_GOMatt2505,VideoTitle.value,529,LUMO - Matthew 7:24-8:34,,all-caps-token,true,true,SKIPPED_LOW_CONFIDENCE,,,
6_GOMatt2505,VideoTitle.value,584,LUMO - Mateus 7:24-8:34,,all-caps-token,true,true,SKIPPED_LOW_CONFIDENCE,,,
6_GOMatt2505,VideoTitle.value,6930,LUMO - מתי ז':24-8:34,,all-caps-token,true,true,SKIPPED_LOW_CONFIDENCE,,,
6_GOLuke2620,VideoTitle.value,1106,LUMO - Lukas 19:45-20:47,,all-caps-token,true,true,SKIPPED_LOW_CONFIDENCE,,,
6_GOLuke2620,VideoTitle.value,12551,LUMO - Lucas 19:45-20:47,,all-caps-token,true,true,SKIPPED_LOW_CONFIDENCE,,,
6_GOLuke2620,VideoTitle.value,13169,LUMO - ลูกา 19:45-20:47,,all-caps-token,true,true,SKIPPED_LOW_CONFIDENCE,,,
6_GOLuke2620,VideoTitle.value,143871,LUMO - Лук 19:45-20:47,,all-caps-token,true,true,SKIPPED_LOW_CONFIDENCE,,,
6_GOLuke2620,VideoTitle.value,16639,LUMO - Lukas 19:45-20:47,,all-caps-token,true,true,SKIPPED_LOW_CONFIDENCE,,,
6_GOLuke2620,VideoTitle.value,18259,LUMO - Лук 19:45-20:47,,all-caps-token,true,true,SKIPPED_LOW_CONFIDENCE,,,
6_GOLuke2620,VideoTitle.value,1942,LUMO - Luka 19:45-20:47,,all-caps-token,true,true,SKIPPED_LOW_CONFIDENCE,,,
6_GOLuke2620,VideoTitle.value,21028,LUMO - Lucas 19:45-20:47,,all-caps-token,true,true,SKIPPED_LOW_CONFIDENCE,,,
6_GOLuke2620,VideoTitle.value,21753,LUMO - 路加福音 19:45-20:47,,all-caps-token,true,true,SKIPPED_LOW_CONFIDENCE,,,
6_GOLuke2620,VideoTitle.value,21754,LUMO - 《路加福音》19:45-20:47,,all-caps-token,true,true,SKIPPED_LOW_CONFIDENCE,,,
6_GOLuke2620,VideoTitle.value,371,LUMO - Лұқа 19:45-20:47,,all-caps-token,true,true,SKIPPED_LOW_CONFIDENCE,,,
6_GOLuke2620,VideoTitle.value,3887,LUMO - Lc 19:45-20:47,,all-caps-token,true,true,SKIPPED_LOW_CONFIDENCE,,,
6_GOLuke2620,VideoTitle.value,3934,LUMO - Луки 19:45-20:47,,all-caps-token,true,true,SKIPPED_LOW_CONFIDENCE,,,
6_GOLuke2620,VideoTitle.value,407,LUMO - لوک 19:45-20:47,,all-caps-token,true,true,SKIPPED_LOW_CONFIDENCE,,,
6_GOLuke2620,VideoTitle.value,496,LUMO - Luc 19:45-20:47,,all-caps-token,true,true,SKIPPED_LOW_CONFIDENCE,,,
6_GOLuke2620,VideoTitle.value,529,LUMO - Luke 19:45-20:47,,all-caps-token,true,true,SKIPPED_LOW_CONFIDENCE,,,
6_GOLuke2620,VideoTitle.value,584,LUMO - Lucas 19:45-20:47,,all-caps-token,true,true,SKIPPED_LOW_CONFIDENCE,,,
6_GOLuke2620,VideoTitle.value,6788,LUMO - لوقا ۱۹:۴۵-۲۰:۴۷,,all-caps-token,true,true,SKIPPED_LOW_CONFIDENCE,,,
6_GOLuke2620,VideoTitle.value,6930,LUMO - לוקס 19:45-20:47,,all-caps-token,true,true,SKIPPED_LOW_CONFIDENCE,,,
3_IAm1204-0-0,VideoTitle.value,12551,Episode 4: AKO ang Liwanag ng Mundo - Unang Bahagi,,all-caps-token,true,true,SKIPPED_LOW_CONFIDENCE,,,
3_IAm1204-0-0,VideoTitle.value,16639,Episode 4: AKU Adalah Terang Dunia - Bagian Satu,,all-caps-token,true,true,SKIPPED_LOW_CONFIDENCE,,,
3_IAm1204-0-0,VideoTitle.value,21028,Episodio 4: YO SOY la Luz del Mundo - Primera parte,,all-caps-token,true,true,SKIPPED_LOW_CONFIDENCE,,,
3_IAm1204-0-0,VideoTitle.value,584,Episódio 4: EU SOU a luz do mundo - Parte um,,all-caps-token,true,true,SKIPPED_LOW_CONFIDENCE,,,
3_IAm1209-0-0,VideoTitle.value,1106,Episode 9: Ich BIN die Auferstehung und das Leben - Teil Zwei,,all-caps-token,true,true,SKIPPED_LOW_CONFIDENCE,,,
3_IAm1209-0-0,VideoTitle.value,12551,Episode 9: AKO ANG Muling Pagkabuhay at Buhay - Ikalawang Bahagi,,all-caps-token,true,true,SKIPPED_LOW_CONFIDENCE,,,
3_IAm1209-0-0,VideoTitle.value,16639,Episode 9: AKU adalah Kebangkitan dan Kehidupan - Bagian Dua,,all-caps-token,true,true,SKIPPED_LOW_CONFIDENCE,,,
3_IAm1209-0-0,VideoTitle.value,21028,Episodio 9: YO SOY la Resurrección y la Vida - Segunda parte,,all-caps-token,true,true,SKIPPED_LOW_CONFIDENCE,,,
3_IAm1209-0-0,VideoTitle.value,496,Épisode 9 : JE SUIS la résurrection et la vie - Deuxième partie,,all-caps-token,true,true,SKIPPED_LOW_CONFIDENCE,,,
3_IAm1209-0-0,VideoTitle.value,584,Episódio 9: EU SOU a ressurreição e a vida - Parte dois,,all-caps-token,true,true,SKIPPED_LOW_CONFIDENCE,,,
10_Darkroom04Science,VideoTitle.value,496,Science : Je suppose que je suis athée,,possible-multilingual-concatenation,true,true,SKIPPED_LOW_CONFIDENCE,,,
6_GOLuke2605,VideoTitle.value,1106,LUMO - Lukas 5:1-39,,all-caps-token,true,true,SKIPPED_LOW_CONFIDENCE,,,
6_GOLuke2605,VideoTitle.value,12551,LUMO - Lucas 5:1-39,,all-caps-token,true,true,SKIPPED_LOW_CONFIDENCE,,,
6_GOLuke2605,VideoTitle.value,13169,LUMO - ลูกา 5:1-39,,all-caps-token,true,true,SKIPPED_LOW_CONFIDENCE,,,
6_GOLuke2605,VideoTitle.value,143871,LUMO - Лук 5:1-39,,all-caps-token,true,true,SKIPPED_LOW_CONFIDENCE,,,
6_GOLuke2605,VideoTitle.value,16639,LUMO - Lukas 5:1-39,,all-caps-token,true,true,SKIPPED_LOW_CONFIDENCE,,,
6_GOLuke2605,VideoTitle.value,18259,LUMO - Лук 5:1-39,,all-caps-token,true,true,SKIPPED_LOW_CONFIDENCE,,,
6_GOLuke2605,VideoTitle.value,1942,LUMO - Luka 5:1-39,,all-caps-token,true,true,SKIPPED_LOW_CONFIDENCE,,,
6_GOLuke2605,VideoTitle.value,21028,LUMO - Lucas 5:1-39,,all-caps-token,true,true,SKIPPED_LOW_CONFIDENCE,,,
6_GOLuke2605,VideoTitle.value,21753,LUMO - 路加福音 5:1-39,,all-caps-token,true,true,SKIPPED_LOW_CONFIDENCE,,,
6_GOLuke2605,VideoTitle.value,371,LUMO - Лұқа 5:1-39,,all-caps-token,true,true,SKIPPED_LOW_CONFIDENCE,,,
6_GOLuke2605,VideoTitle.value,3887,LUMO - Lc 5:1-39,,all-caps-token,true,true,SKIPPED_LOW_CONFIDENCE,,,
6_GOLuke2605,VideoTitle.value,3934,LUMO - Лука 5:1-39,,all-caps-token,true,true,SKIPPED_LOW_CONFIDENCE,,,
6_GOLuke2605,VideoTitle.value,407,LUMO - لوقا 5:1-39,,all-caps-token,true,true,SKIPPED_LOW_CONFIDENCE,,,
6_GOLuke2605,VideoTitle.value,496,LUMO - Luc 5:1-39,,all-caps-token,true,true,SKIPPED_LOW_CONFIDENCE,,,
6_GOLuke2605,VideoTitle.value,529,LUMO - Luke 5:1-39,,all-caps-token,true,true,SKIPPED_LOW_CONFIDENCE,,,
6_GOLuke2605,VideoTitle.value,584,LUMO - Lucas 5:1-39,,all-caps-token,true,true,SKIPPED_LOW_CONFIDENCE,,,
6_GOLuke2605,VideoTitle.value,6788,LUMO - لوقا 5:1-39,,all-caps-token,true,true,SKIPPED_LOW_CONFIDENCE,,,
6_GOLuke2605,VideoTitle.value,6930,LUMO - לוקס ה':1-39,,all-caps-token,true,true,SKIPPED_LOW_CONFIDENCE,,,
6_GOMark1505,VideoTitle.value,1106,LUMO - Markus 6:1-56,,all-caps-token,true,true,SKIPPED_LOW_CONFIDENCE,,,
6_GOMark1505,VideoTitle.value,12551,LUMO - Marcos 6:1-56,,all-caps-token,true,true,SKIPPED_LOW_CONFIDENCE,,,
6_GOMark1505,VideoTitle.value,13169,LUMO - มาระโก 6:1-56,,all-caps-token,true,true,SKIPPED_LOW_CONFIDENCE,,,
6_GOMark1505,VideoTitle.value,143871,LUMO - Марк 6:1-56,,all-caps-token,true,true,SKIPPED_LOW_CONFIDENCE,,,
6_GOMark1505,VideoTitle.value,16639,LUMO - Markus 6:1-56,,all-caps-token,true,true,SKIPPED_LOW_CONFIDENCE,,,
6_GOMark1505,VideoTitle.value,18259,LUMO - Марк 6:1-56,,all-caps-token,true,true,SKIPPED_LOW_CONFIDENCE,,,
6_GOMark1505,VideoTitle.value,1942,LUMO - Markos 6:1-56,,all-caps-token,true,true,SKIPPED_LOW_CONFIDENCE,,,
6_GOMark1505,VideoTitle.value,21028,LUMO - Marcos 6:1-56,,all-caps-token,true,true,SKIPPED_LOW_CONFIDENCE,,,
6_GOMark1505,VideoTitle.value,21753,LUMO - 馬可福音 6:1-56,,all-caps-token,true,true,SKIPPED_LOW_CONFIDENCE,,,
6_GOMark1505,VideoTitle.value,371,LUMO - Марк 6:1-56,,all-caps-token,true,true,SKIPPED_LOW_CONFIDENCE,,,
6_GOMark1505,VideoTitle.value,3887,LUMO - Mác 6:1-56,,all-caps-token,true,true,SKIPPED_LOW_CONFIDENCE,,,
6_GOMark1505,VideoTitle.value,3934,LUMO - Марк 6:1-56,,all-caps-token,true,true,SKIPPED_LOW_CONFIDENCE,,,
6_GOMark1505,VideoTitle.value,407,LUMO - مارک 6:1-56,,all-caps-token,true,true,SKIPPED_LOW_CONFIDENCE,,,
6_GOMark1505,VideoTitle.value,496,LUMO - Marc 6:1-56,,all-caps-token,true,true,SKIPPED_LOW_CONFIDENCE,,,
6_GOMark1505,VideoTitle.value,529,LUMO - Mark 6:1-56,,all-caps-token,true,true,SKIPPED_LOW_CONFIDENCE,,,
6_GOMark1505,VideoTitle.value,584,LUMO - Marcos 6:1-56,,all-caps-token,true,true,SKIPPED_LOW_CONFIDENCE,,,
6_GOMark1505,VideoTitle.value,6788,LUMO - مارک 6:1-56,,all-caps-token,true,true,SKIPPED_LOW_CONFIDENCE,,,
6_GOMark1505,VideoTitle.value,6930,LUMO - מרקוס ו':1-56,,all-caps-token,true,true,SKIPPED_LOW_CONFIDENCE,,,
2_ElCamImpulses3315,VideoTitle.value,371,Мен – Өмір нанымын,,possible-multilingual-concatenation,true,true,SKIPPED_LOW_CONFIDENCE,,,
2_ElCamImpulses3315,VideoTitle.value,3934,Я — Хлеб жизни,,possible-multilingual-concatenation,true,true,SKIPPED_LOW_CONFIDENCE,,,
10_Darkroom10Justice,VideoTitle.value,496,Justice : Ça m'a fait du bien de te donner un coup de poing dans la figure,,possible-multilingual-concatenation,true,true,SKIPPED_LOW_CONFIDENCE,,,
6_GOMatt2508,VideoTitle.value,1106,LUMO - Matthäus 11:1-12:21,,all-caps-token,true,true,SKIPPED_LOW_CONFIDENCE,,,
6_GOMatt2508,VideoTitle.value,12551,LUMO - Mateo 11:1-12:21,,all-caps-token,true,true,SKIPPED_LOW_CONFIDENCE,,,
6_GOMatt2508,VideoTitle.value,13169,LUMO - มัทธิว 11:1-12:21,,all-caps-token,true,true,SKIPPED_LOW_CONFIDENCE,,,
6_GOMatt2508,VideoTitle.value,143871,LUMO - Матай 11:1-12:21,,all-caps-token,true,true,SKIPPED_LOW_CONFIDENCE,,,
6_GOMatt2508,VideoTitle.value,16639,LUMO - Matius 11:1-12:21,,all-caps-token,true,true,SKIPPED_LOW_CONFIDENCE,,,
6_GOMatt2508,VideoTitle.value,18259,LUMO - Матай 11:1-12:21,,all-caps-token,true,true,SKIPPED_LOW_CONFIDENCE,,,
6_GOMatt2508,VideoTitle.value,1942,LUMO - Matta 11:1-12:21,,all-caps-token,true,true,SKIPPED_LOW_CONFIDENCE,,,
6_GOMatt2508,VideoTitle.value,21028,LUMO - Mateo 11:1-12:21,,all-caps-token,true,true,SKIPPED_LOW_CONFIDENCE,,,
6_GOMatt2508,VideoTitle.value,21753,LUMO - 馬太福音 11:1-12:21,,all-caps-token,true,true,SKIPPED_LOW_CONFIDENCE,,,
6_GOMatt2508,VideoTitle.value,371,LUMO - Матай 11:1-12:21,,all-caps-token,true,true,SKIPPED_LOW_CONFIDENCE,,,
6_GOMatt2508,VideoTitle.value,3887,LUMO - Ma-thi-ơ 11:1-12:21,,all-caps-token,true,true,SKIPPED_LOW_CONFIDENCE,,,
6_GOMatt2508,VideoTitle.value,3934,LUMO - Матфея 11:1-12:21,,all-caps-token,true,true,SKIPPED_LOW_CONFIDENCE,,,
6_GOMatt2508,VideoTitle.value,496,LUMO - Matthieu 11:1-12:21,,all-caps-token,true,true,SKIPPED_LOW_CONFIDENCE,,,
6_GOMatt2508,VideoTitle.value,529,LUMO - Matthew 11:1-12:21,,all-caps-token,true,true,SKIPPED_LOW_CONFIDENCE,,,
6_GOMatt2508,VideoTitle.value,584,LUMO - Mateus 11:1-12:21,,all-caps-token,true,true,SKIPPED_LOW_CONFIDENCE,,,
6_GOMatt2508,VideoTitle.value,6930,"LUMO - מתי יא:1-י""ב:21",,all-caps-token,true,true,SKIPPED_LOW_CONFIDENCE,,,
6_GOMatt2510,VideoTitle.value,1106,LUMO - Matthäus 13:24-14:12,,all-caps-token,true,true,SKIPPED_LOW_CONFIDENCE,,,
6_GOMatt2510,VideoTitle.value,12551,LUMO - Mateo 13:24-14:12,,all-caps-token,true,true,SKIPPED_LOW_CONFIDENCE,,,
6_GOMatt2510,VideoTitle.value,13169,LUMO - มัทธิว 13:24-14:12,,all-caps-token,true,true,SKIPPED_LOW_CONFIDENCE,,,
6_GOMatt2510,VideoTitle.value,143871,LUMO - Матай 13:24-14:12,,all-caps-token,true,true,SKIPPED_LOW_CONFIDENCE,,,
6_GOMatt2510,VideoTitle.value,16639,LUMO - Matius 13:24-14:12,,all-caps-token,true,true,SKIPPED_LOW_CONFIDENCE,,,
6_GOMatt2510,VideoTitle.value,18259,LUMO - Матай 13:24-14:12,,all-caps-token,true,true,SKIPPED_LOW_CONFIDENCE,,,
6_GOMatt2510,VideoTitle.value,1942,LUMO - Matta 13:24-14:12,,all-caps-token,true,true,SKIPPED_LOW_CONFIDENCE,,,
6_GOMatt2510,VideoTitle.value,21028,LUMO - Mateo 13:24-14:12,,all-caps-token,true,true,SKIPPED_LOW_CONFIDENCE,,,
6_GOMatt2510,VideoTitle.value,21753,LUMO - 馬太福音 13:24-14:12,,all-caps-token,true,true,SKIPPED_LOW_CONFIDENCE,,,
6_GOMatt2510,VideoTitle.value,371,LUMO - Матай 13:24-14:12,,all-caps-token,true,true,SKIPPED_LOW_CONFIDENCE,,,
6_GOMatt2510,VideoTitle.value,3887,LUMO - Ma-thi-ơ 13:24-14:12,,all-caps-token,true,true,SKIPPED_LOW_CONFIDENCE,,,
6_GOMatt2510,VideoTitle.value,3934,LUMO - Матфея 13:24-14:12,,all-caps-token,true,true,SKIPPED_LOW_CONFIDENCE,,,
6_GOMatt2510,VideoTitle.value,496,LUMO - Matthieu 13:24-14:12,,all-caps-token,true,true,SKIPPED_LOW_CONFIDENCE,,,
6_GOMatt2510,VideoTitle.value,529,LUMO - Matthew 13:24-14:12,,all-caps-token,true,true,SKIPPED_LOW_CONFIDENCE,,,
6_GOMatt2510,VideoTitle.value,584,LUMO - Mateus 13:24-14:12,,all-caps-token,true,true,SKIPPED_LOW_CONFIDENCE,,,
6_GOMatt2510,VideoTitle.value,6930,"LUMO - מתי י""ג:24-י""ד:12",,all-caps-token,true,true,SKIPPED_LOW_CONFIDENCE,,,
11_Shema0206,VideoTitle.value,1106,JHWH / HERR,,all-caps-token,true,true,SKIPPED_LOW_CONFIDENCE,,,
11_Shema0206,VideoTitle.value,12551,YHWH / PANGINOON,,all-caps-token,true,true,SKIPPED_LOW_CONFIDENCE,,,
11_Shema0206,VideoTitle.value,16639,YHWH / TUHAN,,all-caps-token,true,true,SKIPPED_LOW_CONFIDENCE,,,
11_Shema0206,VideoTitle.value,176243,YHWH / প্রভু,,all-caps-token,true,true,SKIPPED_LOW_CONFIDENCE,,,
11_Shema0206,VideoTitle.value,1942,YHWH / RAB,,all-caps-token,true,true,SKIPPED_LOW_CONFIDENCE,,,
11_Shema0206,VideoTitle.value,21753,YHWH / 耶和華,,all-caps-token,true,true,SKIPPED_LOW_CONFIDENCE,,,
11_Shema0206,VideoTitle.value,3804,YHWH / LORD,,all-caps-token,true,true,SKIPPED_LOW_CONFIDENCE,,,
11_Shema0206,VideoTitle.value,3887,YHWH / CHÚA,,all-caps-token,true,true,SKIPPED_LOW_CONFIDENCE,,,
11_Shema0206,VideoTitle.value,3934,YHWH / ГОСПОДЬ,,all-caps-token,true,true,SKIPPED_LOW_CONFIDENCE,,,
11_Shema0206,VideoTitle.value,407,YHWH / رب,,all-caps-token,true,true,SKIPPED_LOW_CONFIDENCE,,,
11_Shema0206,VideoTitle.value,496,YHWH / ÉTERNEL,,all-caps-token,true,true,SKIPPED_LOW_CONFIDENCE,,,
11_Shema0206,VideoTitle.value,529,YHWH / LORD,,all-caps-token,true,true,SKIPPED_LOW_CONFIDENCE,,,
11_Shema0206,VideoTitle.value,584,YHWH / SENHOR,,all-caps-token,true,true,SKIPPED_LOW_CONFIDENCE,,,
11_Shema0206,VideoTitle.value,6464,YHWH / प्रभु,,all-caps-token,true,true,SKIPPED_LOW_CONFIDENCE,,,
11_Shema0206,VideoTitle.value,7083,YHWH / 主,,all-caps-token,true,true,SKIPPED_LOW_CONFIDENCE,,,
10_Darkroom03Sin,VideoTitle.value,496,Péché : Sophie tue la vibration,,possible-multilingual-concatenation,true,true,SKIPPED_LOW_CONFIDENCE,,,
0_JesusVisionLumo,VideoTitle.value,1106,Jesus Vision - Lumo,,possible-multilingual-concatenation,true,true,SKIPPED_LOW_CONFIDENCE,,,
0_JesusVisionLumo,VideoTitle.value,12551,Jesus Vision - Lumo,,possible-multilingual-concatenation,true,true,SKIPPED_LOW_CONFIDENCE,,,
0_JesusVisionLumo,VideoTitle.value,143871,Есүсийн хараа - Лумо,,possible-multilingual-concatenation,true,true,SKIPPED_LOW_CONFIDENCE,,,
0_JesusVisionLumo,VideoTitle.value,16639,Visi Yesus - Lumo,,possible-multilingual-concatenation,true,true,SKIPPED_LOW_CONFIDENCE,,,
0_JesusVisionLumo,VideoTitle.value,18259,Есүсийн хараа - Лумо,,possible-multilingual-concatenation,true,true,SKIPPED_LOW_CONFIDENCE,,,
0_JesusVisionLumo,VideoTitle.value,1942,İsa Vizyonu - Lumo,,possible-multilingual-concatenation,true,true,SKIPPED_LOW_CONFIDENCE,,,
0_JesusVisionLumo,VideoTitle.value,21028,Jesús Visión - Lumo,,possible-multilingual-concatenation,true,true,SKIPPED_LOW_CONFIDENCE,,,
0_JesusVisionLumo,VideoTitle.value,371,Исаның көрінісі - Лумо,,possible-multilingual-concatenation,true,true,SKIPPED_LOW_CONFIDENCE,,,
0_JesusVisionLumo,VideoTitle.value,3887,Tầm nhìn của Chúa Jesus - Lumo,,possible-multilingual-concatenation,true,true,SKIPPED_LOW_CONFIDENCE,,,
0_JesusVisionLumo,VideoTitle.value,3934,Видение Иисуса - Люмо,,possible-multilingual-concatenation,true,true,SKIPPED_LOW_CONFIDENCE,,,
0_JesusVisionLumo,VideoTitle.value,496,Vision de Jésus - Lumo,,possible-multilingual-concatenation,true,true,SKIPPED_LOW_CONFIDENCE,,,
0_JesusVisionLumo,VideoTitle.value,529,Jesus Vision - Lumo,,possible-multilingual-concatenation,true,true,SKIPPED_LOW_CONFIDENCE,,,
0_JesusVisionLumo,VideoTitle.value,584,Jesus Vision - Lumo,,possible-multilingual-concatenation,true,true,SKIPPED_LOW_CONFIDENCE,,,
6_GOLuke2614,VideoTitle.value,1106,LUMO - Lukas 13:1-35,,all-caps-token,true,true,SKIPPED_LOW_CONFIDENCE,,,
6_GOLuke2614,VideoTitle.value,12551,LUMO - Lucas 13:1-35,,all-caps-token,true,true,SKIPPED_LOW_CONFIDENCE,,,
6_GOLuke2614,VideoTitle.value,13169,LUMO - ลูกา 13:1-35,,all-caps-token,true,true,SKIPPED_LOW_CONFIDENCE,,,
6_GOLuke2614,VideoTitle.value,143871,LUMO - Лук 13:1-35,,all-caps-token,true,true,SKIPPED_LOW_CONFIDENCE,,,
6_GOLuke2614,VideoTitle.value,16639,LUMO - Lukas 13:1-35,,all-caps-token,true,true,SKIPPED_LOW_CONFIDENCE,,,
6_GOLuke2614,VideoTitle.value,18259,LUMO - Лук 13:1-35,,all-caps-token,true,true,SKIPPED_LOW_CONFIDENCE,,,
6_GOLuke2614,VideoTitle.value,1942,LUMO - Luka 13:1-35,,all-caps-token,true,true,SKIPPED_LOW_CONFIDENCE,,,
6_GOLuke2614,VideoTitle.value,21028,LUMO - Lucas 13:1-35,,all-caps-token,true,true,SKIPPED_LOW_CONFIDENCE,,,
6_GOLuke2614,VideoTitle.value,21753,LUMO - 路加福音 13:1-35,,all-caps-token,true,true,SKIPPED_LOW_CONFIDENCE,,,
6_GOLuke2614,VideoTitle.value,371,LUMO - Лұқа 13:1-35,,all-caps-token,true,true,SKIPPED_LOW_CONFIDENCE,,,
6_GOLuke2614,VideoTitle.value,3887,LUMO - Lc 13:1-35,,all-caps-token,true,true,SKIPPED_LOW_CONFIDENCE,,,
6_GOLuke2614,VideoTitle.value,3934,LUMO - Лука 13:1-35,,all-caps-token,true,true,SKIPPED_LOW_CONFIDENCE,,,
6_GOLuke2614,VideoTitle.value,407,LUMO - لوقا 13:1-35,,all-caps-token,true,true,SKIPPED_LOW_CONFIDENCE,,,
6_GOLuke2614,VideoTitle.value,496,LUMO - Luc 13:1-35,,all-caps-token,true,true,SKIPPED_LOW_CONFIDENCE,,,
6_GOLuke2614,VideoTitle.value,529,LUMO - Luke 13:1-35,,all-caps-token,true,true,SKIPPED_LOW_CONFIDENCE,,,
6_GOLuke2614,VideoTitle.value,584,LUMO - Lucas 13:1-35,,all-caps-token,true,true,SKIPPED_LOW_CONFIDENCE,,,
6_GOLuke2614,VideoTitle.value,6788,LUMO - لوقا 13:1-35,,all-caps-token,true,true,SKIPPED_LOW_CONFIDENCE,,,
6_GOLuke2614,VideoTitle.value,6930,LUMO - לוקס 13:1-35,,all-caps-token,true,true,SKIPPED_LOW_CONFIDENCE,,,
6_GOLuke2615,VideoTitle.value,1106,LUMO - Lukas 14:1-15:10,,all-caps-token,true,true,SKIPPED_LOW_CONFIDENCE,,,
6_GOLuke2615,VideoTitle.value,12551,LUMO - Lucas 14:1-15:10,,all-caps-token,true,true,SKIPPED_LOW_CONFIDENCE,,,
6_GOLuke2615,VideoTitle.value,13169,LUMO - ลูกา 14:1-15:10,,all-caps-token,true,true,SKIPPED_LOW_CONFIDENCE,,,
6_GOLuke2615,VideoTitle.value,143871,LUMO - Лук 14:1-15:10,,all-caps-token,true,true,SKIPPED_LOW_CONFIDENCE,,,
6_GOLuke2615,VideoTitle.value,16639,LUMO - Lukas 14:1-15:10,,all-caps-token,true,true,SKIPPED_LOW_CONFIDENCE,,,
6_GOLuke2615,VideoTitle.value,18259,LUMO - Лук 14:1-15:10,,all-caps-token,true,true,SKIPPED_LOW_CONFIDENCE,,,
6_GOLuke2615,VideoTitle.value,1942,LUMO - Luka 14:1-15:10,,all-caps-token,true,true,SKIPPED_LOW_CONFIDENCE,,,
6_GOLuke2615,VideoTitle.value,21028,LUMO - Lucas 14:1-15:10,,all-caps-token,true,true,SKIPPED_LOW_CONFIDENCE,,,
6_GOLuke2615,VideoTitle.value,21753,LUMO - 路加福音 14:1-15:10,,all-caps-token,true,true,SKIPPED_LOW_CONFIDENCE,,,
6_GOLuke2615,VideoTitle.value,21754,LUMO - 《路加福音》14:1-15:10,,all-caps-token,true,true,SKIPPED_LOW_CONFIDENCE,,,
6_GOLuke2615,VideoTitle.value,371,LUMO - Лұқа 14:1-15:10,,all-caps-token,true,true,SKIPPED_LOW_CONFIDENCE,,,
6_GOLuke2615,VideoTitle.value,3887,LUMO - Lc 14:1-15:10,,all-caps-token,true,true,SKIPPED_LOW_CONFIDENCE,,,
6_GOLuke2615,VideoTitle.value,3934,LUMO - Луки 14:1-15:10,,all-caps-token,true,true,SKIPPED_LOW_CONFIDENCE,,,
6_GOLuke2615,VideoTitle.value,407,LUMO - لوقا 14:1-15:10,,all-caps-token,true,true,SKIPPED_LOW_CONFIDENCE,,,
6_GOLuke2615,VideoTitle.value,496,LUMO - Luc 14:1-15:10,,all-caps-token,true,true,SKIPPED_LOW_CONFIDENCE,,,
6_GOLuke2615,VideoTitle.value,529,LUMO - Luke 14:1-15:10,,all-caps-token,true,true,SKIPPED_LOW_CONFIDENCE,,,
6_GOLuke2615,VideoTitle.value,584,LUMO - Lucas 14:1-15:10,,all-caps-token,true,true,SKIPPED_LOW_CONFIDENCE,,,
6_GOLuke2615,VideoTitle.value,6788,LUMO - لوقا 14:1-15:10,,all-caps-token,true,true,SKIPPED_LOW_CONFIDENCE,,,
6_GOLuke2615,VideoTitle.value,6930,LUMO - לוקס 14:1-15:10,,all-caps-token,true,true,SKIPPED_LOW_CONFIDENCE,,,
2_0-RealityVR,VideoTitle.value,1106,Die Realität in einer virtuellen Welt - Stewarts Geschichte,,possible-multilingual-concatenation,true,true,SKIPPED_LOW_CONFIDENCE,,,
2_0-RealityVR,VideoTitle.value,12551,Reality in a Virtual World - Kuwento ni Stewart,,possible-multilingual-concatenation,true,true,SKIPPED_LOW_CONFIDENCE,,,
2_0-RealityVR,VideoTitle.value,143871,Виртуал ертөнц дэх бодит байдал - Стюартын түүх,,possible-multilingual-concatenation,true,true,SKIPPED_LOW_CONFIDENCE,,,
2_0-RealityVR,VideoTitle.value,16639,Realitas di Dunia Virtual - Kisah Stewart,,possible-multilingual-concatenation,true,true,SKIPPED_LOW_CONFIDENCE,,,
2_0-RealityVR,VideoTitle.value,18259,Виртуал ертөнц дэх бодит байдал - Стюартын түүх,,possible-multilingual-concatenation,true,true,SKIPPED_LOW_CONFIDENCE,,,
2_0-RealityVR,VideoTitle.value,1942,Sanal Dünyada Gerçeklik - Stewart'ın Hikayesi,,possible-multilingual-concatenation,true,true,SKIPPED_LOW_CONFIDENCE,,,
2_0-RealityVR,VideoTitle.value,371,Виртуалды әлемдегі шындық - Стюарттың әңгімесі,,possible-multilingual-concatenation,true,true,SKIPPED_LOW_CONFIDENCE,,,
2_0-RealityVR,VideoTitle.value,3887,Thực tế trong thế giới ảo - Câu chuyện của Stewart,,possible-multilingual-concatenation,true,true,SKIPPED_LOW_CONFIDENCE,,,
2_0-RealityVR,VideoTitle.value,496,La réalité dans un monde virtuel - L'histoire de Stewart,,possible-multilingual-concatenation,true,true,SKIPPED_LOW_CONFIDENCE,,,
2_0-RealityVR,VideoTitle.value,529,Reality in a Virtual World - Stewart's Story,,possible-multilingual-concatenation,true,true,SKIPPED_LOW_CONFIDENCE,,,
6_GOMatt2516,VideoTitle.value,1106,LUMO - Matthäus 21:12-46,,all-caps-token,true,true,SKIPPED_LOW_CONFIDENCE,,,
6_GOMatt2516,VideoTitle.value,12551,LUMO - Mateo 21:12-46,,all-caps-token,true,true,SKIPPED_LOW_CONFIDENCE,,,
6_GOMatt2516,VideoTitle.value,13169,LUMO - มัทธิว 21:12-46,,all-caps-token,true,true,SKIPPED_LOW_CONFIDENCE,,,
6_GOMatt2516,VideoTitle.value,143871,LUMO - Матай 21:12-46,,all-caps-token,true,true,SKIPPED_LOW_CONFIDENCE,,,
6_GOMatt2516,VideoTitle.value,16639,LUMO - Matius 21:12-46,,all-caps-token,true,true,SKIPPED_LOW_CONFIDENCE,,,
6_GOMatt2516,VideoTitle.value,18259,LUMO - Матай 21:12-46,,all-caps-token,true,true,SKIPPED_LOW_CONFIDENCE,,,
6_GOMatt2516,VideoTitle.value,1942,LUMO - Matta 21:12-46,,all-caps-token,true,true,SKIPPED_LOW_CONFIDENCE,,,
6_GOMatt2516,VideoTitle.value,21028,LUMO - Mateo 21:12-46,,all-caps-token,true,true,SKIPPED_LOW_CONFIDENCE,,,
6_GOMatt2516,VideoTitle.value,21753,LUMO - 馬太福音 21:12-46,,all-caps-token,true,true,SKIPPED_LOW_CONFIDENCE,,,
6_GOMatt2516,VideoTitle.value,371,LUMO - Матай 21:12-46,,all-caps-token,true,true,SKIPPED_LOW_CONFIDENCE,,,
6_GOMatt2516,VideoTitle.value,3887,LUMO - Ma-thi-ơ 21:12-46,,all-caps-token,true,true,SKIPPED_LOW_CONFIDENCE,,,
6_GOMatt2516,VideoTitle.value,3934,LUMO - Матфея 21:12-46,,all-caps-token,true,true,SKIPPED_LOW_CONFIDENCE,,,
6_GOMatt2516,VideoTitle.value,407,LUMO - متی 21:12-46,,all-caps-token,true,true,SKIPPED_LOW_CONFIDENCE,,,
6_GOMatt2516,VideoTitle.value,496,LUMO - Matthieu 21:12-46,,all-caps-token,true,true,SKIPPED_LOW_CONFIDENCE,,,
6_GOMatt2516,VideoTitle.value,529,LUMO - Matthew 21:12-46,,all-caps-token,true,true,SKIPPED_LOW_CONFIDENCE,,,
6_GOMatt2516,VideoTitle.value,584,LUMO - Mateus 21:12-46,,all-caps-token,true,true,SKIPPED_LOW_CONFIDENCE,,,
6_GOMatt2516,VideoTitle.value,6930,LUMO - מתי 21:12-46,,all-caps-token,true,true,SKIPPED_LOW_CONFIDENCE,,,
6_GOJohn2221,VideoTitle.value,1106,LUMO - Johannes 21:1-25,,all-caps-token,true,true,SKIPPED_LOW_CONFIDENCE,,,
6_GOJohn2221,VideoTitle.value,12551,LUMO - Juan 21:1-25,,all-caps-token,true,true,SKIPPED_LOW_CONFIDENCE,,,
6_GOJohn2221,VideoTitle.value,13169,LUMO - ยอห์น 21:1-25,,all-caps-token,true,true,SKIPPED_LOW_CONFIDENCE,,,
6_GOJohn2221,VideoTitle.value,143871,LUMO - Иохан 21:1-25,,all-caps-token,true,true,SKIPPED_LOW_CONFIDENCE,,,
6_GOJohn2221,VideoTitle.value,16639,LUMO - Yohanes 21:1-25,,all-caps-token,true,true,SKIPPED_LOW_CONFIDENCE,,,
6_GOJohn2221,VideoTitle.value,18259,LUMO - Иохан 21:1-25,,all-caps-token,true,true,SKIPPED_LOW_CONFIDENCE,,,
6_GOJohn2221,VideoTitle.value,1942,LUMO - Yuhanna 21:1-25,,all-caps-token,true,true,SKIPPED_LOW_CONFIDENCE,,,
6_GOJohn2221,VideoTitle.value,21028,LUMO - Juan 21:1-25,,all-caps-token,true,true,SKIPPED_LOW_CONFIDENCE,,,
6_GOJohn2221,VideoTitle.value,21753,LUMO - 約翰福音 21:1-25,,all-caps-token,true,true,SKIPPED_LOW_CONFIDENCE,,,
6_GOJohn2221,VideoTitle.value,21754,LUMO - 约翰福音 21：1-25,,all-caps-token,true,true,SKIPPED_LOW_CONFIDENCE,,,
6_GOJohn2221,VideoTitle.value,371,LUMO - Жохан 21:1-25,,all-caps-token,true,true,SKIPPED_LOW_CONFIDENCE,,,
6_GOJohn2221,VideoTitle.value,3887,LUMO - Giăng 21:1-25,,all-caps-token,true,true,SKIPPED_LOW_CONFIDENCE,,,
6_GOJohn2221,VideoTitle.value,3934,LUMO - Иоанна 21:1-25,,all-caps-token,true,true,SKIPPED_LOW_CONFIDENCE,,,
6_GOJohn2221,VideoTitle.value,407,LUMO - یوحنا 21:1-25,,all-caps-token,true,true,SKIPPED_LOW_CONFIDENCE,,,
6_GOJohn2221,VideoTitle.value,496,LUMO - Jean 21:1-25,,all-caps-token,true,true,SKIPPED_LOW_CONFIDENCE,,,
6_GOJohn2221,VideoTitle.value,529,LUMO - John 21:1-25,,all-caps-token,true,true,SKIPPED_LOW_CONFIDENCE,,,
6_GOJohn2221,VideoTitle.value,584,LUMO - João 21:1-25,,all-caps-token,true,true,SKIPPED_LOW_CONFIDENCE,,,
6_GOJohn2221,VideoTitle.value,6930,LUMO - יוחנן 21:1-25,,all-caps-token,true,true,SKIPPED_LOW_CONFIDENCE,,,
6_GOLuke2601,VideoTitle.value,1106,LUMO - Lukas 1:1-56,,all-caps-token,true,true,SKIPPED_LOW_CONFIDENCE,,,
6_GOLuke2601,VideoTitle.value,12551,LUMO - Lucas 1:1-56,,all-caps-token,true,true,SKIPPED_LOW_CONFIDENCE,,,
6_GOLuke2601,VideoTitle.value,13169,LUMO - ลูกา 1:1-56,,all-caps-token,true,true,SKIPPED_LOW_CONFIDENCE,,,
6_GOLuke2601,VideoTitle.value,143871,LUMO - Лук 1:1-56,,all-caps-token,true,true,SKIPPED_LOW_CONFIDENCE,,,
6_GOLuke2601,VideoTitle.value,16639,LUMO - Lukas 1:1-56,,all-caps-token,true,true,SKIPPED_LOW_CONFIDENCE,,,
6_GOLuke2601,VideoTitle.value,18259,LUMO - Лук 1:1-56,,all-caps-token,true,true,SKIPPED_LOW_CONFIDENCE,,,
6_GOLuke2601,VideoTitle.value,1942,LUMO - Luka 1:1-56,,all-caps-token,true,true,SKIPPED_LOW_CONFIDENCE,,,
6_GOLuke2601,VideoTitle.value,21028,LUMO - Lucas 1:1-56,,all-caps-token,true,true,SKIPPED_LOW_CONFIDENCE,,,
6_GOLuke2601,VideoTitle.value,21753,LUMO - 路加福音 1:1-56,,all-caps-token,true,true,SKIPPED_LOW_CONFIDENCE,,,
6_GOLuke2601,VideoTitle.value,371,LUMO - Лұқа 1:1-56,,all-caps-token,true,true,SKIPPED_LOW_CONFIDENCE,,,
6_GOLuke2601,VideoTitle.value,3887,LUMO - Lc 1:1-56,,all-caps-token,true,true,SKIPPED_LOW_CONFIDENCE,,,
6_GOLuke2601,VideoTitle.value,3934,LUMO - Лука 1:1-56,,all-caps-token,true,true,SKIPPED_LOW_CONFIDENCE,,,
6_GOLuke2601,VideoTitle.value,407,LUMO - لوقا 1:1-56,,all-caps-token,true,true,SKIPPED_LOW_CONFIDENCE,,,
6_GOLuke2601,VideoTitle.value,496,LUMO - Luc 1:1-56,,all-caps-token,true,true,SKIPPED_LOW_CONFIDENCE,,,
6_GOLuke2601,VideoTitle.value,529,LUMO - Luke 1:1-56,,all-caps-token,true,true,SKIPPED_LOW_CONFIDENCE,,,
6_GOLuke2601,VideoTitle.value,584,LUMO - Lucas 1:1-56,,all-caps-token,true,true,SKIPPED_LOW_CONFIDENCE,,,
6_GOLuke2601,VideoTitle.value,6930,LUMO - לוקס 1:1-56,,all-caps-token,true,true,SKIPPED_LOW_CONFIDENCE,,,
Nua,VideoTitle.value,1106,NUA: Frische Sichtweise,,all-caps-token,true,true,SKIPPED_LOW_CONFIDENCE,,,
Nua,VideoTitle.value,12551,NUA: Bagong Pananaw,,all-caps-token,true,true,SKIPPED_LOW_CONFIDENCE,,,
Nua,VideoTitle.value,13169,NUA: มุมมองใหม่,,all-caps-token,true,true,SKIPPED_LOW_CONFIDENCE,,,
Nua,VideoTitle.value,139485,NUA: منظور جديد,,all-caps-token,true,true,SKIPPED_LOW_CONFIDENCE,,,
Nua,VideoTitle.value,143871,NUA: Шинэ хэтийн төлөв,,all-caps-token,true,true,SKIPPED_LOW_CONFIDENCE,,,
Nua,VideoTitle.value,16639,NUA: Perspektif Baru,,all-caps-token,true,true,SKIPPED_LOW_CONFIDENCE,,,
Nua,VideoTitle.value,176243,NUA: নতুন দৃষ্টিকোণ,,all-caps-token,true,true,SKIPPED_LOW_CONFIDENCE,,,
Nua,VideoTitle.value,18259,NUA: Шинэ хэтийн төлөв,,all-caps-token,true,true,SKIPPED_LOW_CONFIDENCE,,,
Nua,VideoTitle.value,1942,NUA: Yeni Bir Bakış Açısı,,all-caps-token,true,true,SKIPPED_LOW_CONFIDENCE,,,
Nua,VideoTitle.value,21028,NUA: Nueva perspectiva,,all-caps-token,true,true,SKIPPED_LOW_CONFIDENCE,,,
Nua,VideoTitle.value,21753,NUA: 新視角,,all-caps-token,true,true,SKIPPED_LOW_CONFIDENCE,,,
Nua,VideoTitle.value,21754,NUA: 新视角,,all-caps-token,true,true,SKIPPED_LOW_CONFIDENCE,,,
Nua,VideoTitle.value,22658,NUA: منظور جديد,,all-caps-token,true,true,SKIPPED_LOW_CONFIDENCE,,,
Nua,VideoTitle.value,371,NUA: Жаңа көзқарас,,all-caps-token,true,true,SKIPPED_LOW_CONFIDENCE,,,
Nua,VideoTitle.value,3804,NUA: 새로운 관점,,all-caps-token,true,true,SKIPPED_LOW_CONFIDENCE,,,
Nua,VideoTitle.value,3887,NUA: Góc Nhìn Mới,,all-caps-token,true,true,SKIPPED_LOW_CONFIDENCE,,,
Nua,VideoTitle.value,3934,NUA: свежий взгляд,,all-caps-token,true,true,SKIPPED_LOW_CONFIDENCE,,,
Nua,VideoTitle.value,496,NUA : Une nouvelle perspective,,possible-multilingual-concatenation;all-caps-token,true,true,SKIPPED_LOW_CONFIDENCE,,,
Nua,VideoTitle.value,529,NUA: Fresh Perspective,,all-caps-token,true,true,SKIPPED_LOW_CONFIDENCE,,,
Nua,VideoTitle.value,584,NUA: nova perspectiva,,all-caps-token,true,true,SKIPPED_LOW_CONFIDENCE,,,
Nua,VideoTitle.value,6464,NUA: ताजगी का परिपेक्ष्य,,all-caps-token,true,true,SKIPPED_LOW_CONFIDENCE,,,
Nua,VideoTitle.value,6788,NUA: دیدگاه تازه,,all-caps-token,true,true,SKIPPED_LOW_CONFIDENCE,,,
Nua,VideoTitle.value,6930,NUA: מבט רענן,,all-caps-token,true,true,SKIPPED_LOW_CONFIDENCE,,,
Nua,VideoTitle.value,7083,NUA: フレッシュな視点,,all-caps-token,true,true,SKIPPED_LOW_CONFIDENCE,,,
2_0-Jangled,VideoTitle.value,1106,"Missklang
Verstrickt, versucht, gefangen
Misstönend
Misston
Verräterisches Gerassel
Belastendes Gerassel
Gerassel 
Geklimper
Rasseln
Klingeln
Klirren
Klirrend
",,leading-or-trailing-whitespace;duplicated-word,true,true,SKIPPED_LOW_CONFIDENCE,,,
2_FourSymbols,VideoTitle.value,496,Les quatre : Les symboles,,possible-multilingual-concatenation,true,true,SKIPPED_LOW_CONFIDENCE,,,
1_cl1304-0-0,VideoTitle.value,16639,Klub Cerita : Putri Yairus,,possible-multilingual-concatenation,true,true,SKIPPED_LOW_CONFIDENCE,,,
GOMattCollection,VideoTitle.value,371,LUMO - Матай жазған Ізгі хабар,,possible-multilingual-concatenation;all-caps-token,true,true,SKIPPED_LOW_CONFIDENCE,,,
GOMattCollection,VideoTitle.value,529,LUMO - The Gospel of Matthew,,possible-multilingual-concatenation;all-caps-token,true,true,SKIPPED_LOW_CONFIDENCE,,,
0_JesusVisionJFP,VideoTitle.value,1106,Jesus Vision - Jesus Film,,possible-multilingual-concatenation,true,true,SKIPPED_LOW_CONFIDENCE,,,
0_JesusVisionJFP,VideoTitle.value,12551,Jesus Vision - Jesus Film,,possible-multilingual-concatenation,true,true,SKIPPED_LOW_CONFIDENCE,,,
0_JesusVisionJFP,VideoTitle.value,143871,Есүсийн зөн - Есүс кино,,possible-multilingual-concatenation,true,true,SKIPPED_LOW_CONFIDENCE,,,
0_JesusVisionJFP,VideoTitle.value,16639,Visi Yesus - Film Yesus,,possible-multilingual-concatenation,true,true,SKIPPED_LOW_CONFIDENCE,,,
0_JesusVisionJFP,VideoTitle.value,18259,Есүсийн зөн - Есүс кино,,possible-multilingual-concatenation,true,true,SKIPPED_LOW_CONFIDENCE,,,
0_JesusVisionJFP,VideoTitle.value,1942,İsa Vizyonu - İsa Filmi,,possible-multilingual-concatenation,true,true,SKIPPED_LOW_CONFIDENCE,,,
0_JesusVisionJFP,VideoTitle.value,21028,Jesus Vision - Película sobre Jesús,,possible-multilingual-concatenation,true,true,SKIPPED_LOW_CONFIDENCE,,,
0_JesusVisionJFP,VideoTitle.value,371,Исаның көрінісі - Иса фильмі,,possible-multilingual-concatenation,true,true,SKIPPED_LOW_CONFIDENCE,,,
0_JesusVisionJFP,VideoTitle.value,3887,Jesus Vision - Phim Chúa Jesus,,possible-multilingual-concatenation,true,true,SKIPPED_LOW_CONFIDENCE,,,
0_JesusVisionJFP,VideoTitle.value,496,Vision de Jésus - Film sur Jésus,,possible-multilingual-concatenation,true,true,SKIPPED_LOW_CONFIDENCE,,,
0_JesusVisionJFP,VideoTitle.value,529,Jesus Vision - Jesus Film name change,,possible-multilingual-concatenation,true,true,SKIPPED_LOW_CONFIDENCE,,,
0_JesusVisionJFP,VideoTitle.value,584,Visão de Jesus - Filme de Jesus,,possible-multilingual-concatenation,true,true,SKIPPED_LOW_CONFIDENCE,,,
10_Darkroom12Mission,VideoTitle.value,496,Mission : Naomi reçoit un coup de fouet,,possible-multilingual-concatenation,true,true,SKIPPED_LOW_CONFIDENCE,,,
6_GOMatt2517,VideoTitle.value,1106,LUMO - Matthäus 22:1-23:12,,all-caps-token,true,true,SKIPPED_LOW_CONFIDENCE,,,
6_GOMatt2517,VideoTitle.value,12551,LUMO - Mateo 22:1-23:12,,all-caps-token,true,true,SKIPPED_LOW_CONFIDENCE,,,
6_GOMatt2517,VideoTitle.value,13169,LUMO - มัทธิว 22:1-23:12,,all-caps-token,true,true,SKIPPED_LOW_CONFIDENCE,,,
6_GOMatt2517,VideoTitle.value,143871,LUMO - Матай 22:1-23:12,,all-caps-token,true,true,SKIPPED_LOW_CONFIDENCE,,,
6_GOMatt2517,VideoTitle.value,16639,LUMO - Matius 22:1-23:12,,all-caps-token,true,true,SKIPPED_LOW_CONFIDENCE,,,
6_GOMatt2517,VideoTitle.value,18259,LUMO - Матай 22:1-23:12,,all-caps-token,true,true,SKIPPED_LOW_CONFIDENCE,,,
6_GOMatt2517,VideoTitle.value,1942,LUMO - Matta 22:1-23:12,,all-caps-token,true,true,SKIPPED_LOW_CONFIDENCE,,,
6_GOMatt2517,VideoTitle.value,21028,LUMO - Mateo 22:1-23:12,,all-caps-token,true,true,SKIPPED_LOW_CONFIDENCE,,,
6_GOMatt2517,VideoTitle.value,21753,LUMO - 馬太福音 22:1-23:12,,all-caps-token,true,true,SKIPPED_LOW_CONFIDENCE,,,
6_GOMatt2517,VideoTitle.value,371,LUMO - Матай 22:1-23:12,,all-caps-token,true,true,SKIPPED_LOW_CONFIDENCE,,,
6_GOMatt2517,VideoTitle.value,3887,LUMO - Ma-thi-ơ 22:1-23:12,,all-caps-token,true,true,SKIPPED_LOW_CONFIDENCE,,,
6_GOMatt2517,VideoTitle.value,3934,LUMO - Матфея 22:1-23:12,,all-caps-token,true,true,SKIPPED_LOW_CONFIDENCE,,,
6_GOMatt2517,VideoTitle.value,496,LUMO - Matthieu 22:1-23:12,,all-caps-token,true,true,SKIPPED_LOW_CONFIDENCE,,,
6_GOMatt2517,VideoTitle.value,529,LUMO - Matthew 22:1-23:12,,all-caps-token,true,true,SKIPPED_LOW_CONFIDENCE,,,
6_GOMatt2517,VideoTitle.value,584,LUMO - Mateus 22:1-23:12,,all-caps-token,true,true,SKIPPED_LOW_CONFIDENCE,,,
6_GOMatt2517,VideoTitle.value,6930,"LUMO - מתי כ""ב:1-כ""ג:12",,all-caps-token,true,true,SKIPPED_LOW_CONFIDENCE,,,
3_IAm1206-0-0,VideoTitle.value,1106,Episode 6: ICH BIN das Tor,,all-caps-token,true,true,SKIPPED_LOW_CONFIDENCE,,,
3_IAm1206-0-0,VideoTitle.value,12551,Episode 6: AKO ANG Gate,,all-caps-token,true,true,SKIPPED_LOW_CONFIDENCE,,,
3_IAm1206-0-0,VideoTitle.value,16639,Episode 6: AKU Adalah Gerbangnya,,all-caps-token,true,true,SKIPPED_LOW_CONFIDENCE,,,
3_IAm1206-0-0,VideoTitle.value,21028,Episodio 6: YO SOY la Puerta,,all-caps-token,true,true,SKIPPED_LOW_CONFIDENCE,,,
3_IAm1206-0-0,VideoTitle.value,584,Episódio 6: EU SOU a porta,,all-caps-token,true,true,SKIPPED_LOW_CONFIDENCE,,,
11_ReadBible1911,VideoTitle.value,3887,Sách Thi Thiên (Tập 11),,duplicated-word,true,true,SKIPPED_LOW_CONFIDENCE,,,
6_GOLuke2624,VideoTitle.value,1106,LUMO - Lukas 23:26-56,,all-caps-token,true,true,SKIPPED_LOW_CONFIDENCE,,,
6_GOLuke2624,VideoTitle.value,12551,LUMO - Lucas 23:26-56,,all-caps-token,true,true,SKIPPED_LOW_CONFIDENCE,,,
6_GOLuke2624,VideoTitle.value,13169,LUMO - ลูกา 23:26-56,,all-caps-token,true,true,SKIPPED_LOW_CONFIDENCE,,,
6_GOLuke2624,VideoTitle.value,143871,LUMO - Лук 23:26-56,,all-caps-token,true,true,SKIPPED_LOW_CONFIDENCE,,,
6_GOLuke2624,VideoTitle.value,16639,LUMO - Lukas 23:26-56,,all-caps-token,true,true,SKIPPED_LOW_CONFIDENCE,,,
6_GOLuke2624,VideoTitle.value,18259,LUMO - Лук 23:26-56,,all-caps-token,true,true,SKIPPED_LOW_CONFIDENCE,,,
6_GOLuke2624,VideoTitle.value,1942,LUMO - Luka 23:26-56,,all-caps-token,true,true,SKIPPED_LOW_CONFIDENCE,,,
6_GOLuke2624,VideoTitle.value,21028,LUMO - Lucas 23:26-56,,all-caps-token,true,true,SKIPPED_LOW_CONFIDENCE,,,
6_GOLuke2624,VideoTitle.value,21753,LUMO - 路加福音 23:26-56,,all-caps-token,true,true,SKIPPED_LOW_CONFIDENCE,,,
6_GOLuke2624,VideoTitle.value,371,LUMO - Лұқа 23:26-56,,all-caps-token,true,true,SKIPPED_LOW_CONFIDENCE,,,
6_GOLuke2624,VideoTitle.value,3887,LUMO - Lc 23:26-56,,all-caps-token,true,true,SKIPPED_LOW_CONFIDENCE,,,
6_GOLuke2624,VideoTitle.value,3934,LUMO - Лука 23:26-56,,all-caps-token,true,true,SKIPPED_LOW_CONFIDENCE,,,
6_GOLuke2624,VideoTitle.value,407,LUMO - لوقا 23:26-56,,all-caps-token,true,true,SKIPPED_LOW_CONFIDENCE,,,
6_GOLuke2624,VideoTitle.value,496,LUMO - Luc 23:26-56,,all-caps-token,true,true,SKIPPED_LOW_CONFIDENCE,,,
6_GOLuke2624,VideoTitle.value,529,LUMO - Luke 23:26-56,,all-caps-token,true,true,SKIPPED_LOW_CONFIDENCE,,,
6_GOLuke2624,VideoTitle.value,584,LUMO - Lucas 23:26-56,,all-caps-token,true,true,SKIPPED_LOW_CONFIDENCE,,,
6_GOLuke2624,VideoTitle.value,6788,LUMO - لوقا ۲۳:۲۶-۵۶,,all-caps-token,true,true,SKIPPED_LOW_CONFIDENCE,,,
6_GOLuke2624,VideoTitle.value,6930,LUMO - לוקס 23:26-56,,all-caps-token,true,true,SKIPPED_LOW_CONFIDENCE,,,
1_cl1306-0-0,VideoTitle.value,16639,Klub Cerita : Yesus Meredakan Badai,,possible-multilingual-concatenation,true,true,SKIPPED_LOW_CONFIDENCE,,,
7_0-ncs,VideoTitle.value,1106,NUA: Weihnachten,,all-caps-token,true,true,SKIPPED_LOW_CONFIDENCE,,,
7_0-ncs,VideoTitle.value,12551,NUA: Pasko,,all-caps-token,true,true,SKIPPED_LOW_CONFIDENCE,,,
7_0-ncs,VideoTitle.value,13169,NUA: Christmas,,all-caps-token,true,true,SKIPPED_LOW_CONFIDENCE,,,
7_0-ncs,VideoTitle.value,139485,NUA: عيد الميلاد,,all-caps-token,true,true,SKIPPED_LOW_CONFIDENCE,,,
7_0-ncs,VideoTitle.value,16639,NUA: Natal,,all-caps-token,true,true,SKIPPED_LOW_CONFIDENCE,,,
7_0-ncs,VideoTitle.value,176243,NUA: বড়দিন,,all-caps-token,true,true,SKIPPED_LOW_CONFIDENCE,,,
7_0-ncs,VideoTitle.value,1942,NUA: Noel,,all-caps-token,true,true,SKIPPED_LOW_CONFIDENCE,,,
7_0-ncs,VideoTitle.value,21028,NUA: Navidad,,all-caps-token,true,true,SKIPPED_LOW_CONFIDENCE,,,
7_0-ncs,VideoTitle.value,21753,NUA: 聖誕節,,all-caps-token,true,true,SKIPPED_LOW_CONFIDENCE,,,
7_0-ncs,VideoTitle.value,21754,NUA: 圣诞节,,all-caps-token,true,true,SKIPPED_LOW_CONFIDENCE,,,
7_0-ncs,VideoTitle.value,22658,NUA: عيد الميلاد,,all-caps-token,true,true,SKIPPED_LOW_CONFIDENCE,,,
7_0-ncs,VideoTitle.value,371,NUA: Рождество,,all-caps-token,true,true,SKIPPED_LOW_CONFIDENCE,,,
7_0-ncs,VideoTitle.value,3804,NUA: 크리스마스,,all-caps-token,true,true,SKIPPED_LOW_CONFIDENCE,,,
7_0-ncs,VideoTitle.value,3887,NUA: Giáng sinh,,all-caps-token,true,true,SKIPPED_LOW_CONFIDENCE,,,
7_0-ncs,VideoTitle.value,3934,NUA: Рождество,,all-caps-token,true,true,SKIPPED_LOW_CONFIDENCE,,,
7_0-ncs,VideoTitle.value,496,NUA : Noël,,possible-multilingual-concatenation;all-caps-token,true,true,SKIPPED_LOW_CONFIDENCE,,,
7_0-ncs,VideoTitle.value,529,NUA: Christmas,,all-caps-token,true,true,SKIPPED_LOW_CONFIDENCE,,,
7_0-ncs,VideoTitle.value,584,NUA: Natal,,all-caps-token,true,true,SKIPPED_LOW_CONFIDENCE,,,
7_0-ncs,VideoTitle.value,6788,NUA: کریسمس,,all-caps-token,true,true,SKIPPED_LOW_CONFIDENCE,,,
7_0-ncs,VideoTitle.value,7083,NUA: クリスマス,,all-caps-token,true,true,SKIPPED_LOW_CONFIDENCE,,,
6_GOLuke2612,VideoTitle.value,1106,LUMO - Lukas 11:1-54,,all-caps-token,true,true,SKIPPED_LOW_CONFIDENCE,,,
6_GOLuke2612,VideoTitle.value,12551,LUMO - Lucas 11:1-54,,all-caps-token,true,true,SKIPPED_LOW_CONFIDENCE,,,
6_GOLuke2612,VideoTitle.value,13169,LUMO - ลูกา 11:1-54,,all-caps-token,true,true,SKIPPED_LOW_CONFIDENCE,,,
6_GOLuke2612,VideoTitle.value,143871,LUMO - Лук 11:1-54,,all-caps-token,true,true,SKIPPED_LOW_CONFIDENCE,,,
6_GOLuke2612,VideoTitle.value,16639,LUMO - Lukas 11:1-54,,all-caps-token,true,true,SKIPPED_LOW_CONFIDENCE,,,
6_GOLuke2612,VideoTitle.value,18259,LUMO - Лук 11:1-54,,all-caps-token,true,true,SKIPPED_LOW_CONFIDENCE,,,
6_GOLuke2612,VideoTitle.value,1942,LUMO - Luka 11:1-54,,all-caps-token,true,true,SKIPPED_LOW_CONFIDENCE,,,
6_GOLuke2612,VideoTitle.value,21028,LUMO - Lucas 11:1-54,,all-caps-token,true,true,SKIPPED_LOW_CONFIDENCE,,,
6_GOLuke2612,VideoTitle.value,21753,LUMO - 路加福音 11:1-54,,all-caps-token,true,true,SKIPPED_LOW_CONFIDENCE,,,
6_GOLuke2612,VideoTitle.value,371,LUMO - Лұқа 11:1-54,,all-caps-token,true,true,SKIPPED_LOW_CONFIDENCE,,,
6_GOLuke2612,VideoTitle.value,3887,LUMO - Lu-ca 11:1-54,,all-caps-token,true,true,SKIPPED_LOW_CONFIDENCE,,,
6_GOLuke2612,VideoTitle.value,3934,LUMO - Лука 11:1-54,,all-caps-token,true,true,SKIPPED_LOW_CONFIDENCE,,,
6_GOLuke2612,VideoTitle.value,407,LUMO - لوقا 11:1-54,,all-caps-token,true,true,SKIPPED_LOW_CONFIDENCE,,,
6_GOLuke2612,VideoTitle.value,496,LUMO - Luc 11:1-54,,all-caps-token,true,true,SKIPPED_LOW_CONFIDENCE,,,
6_GOLuke2612,VideoTitle.value,529,LUMO - Luke 11:1-54,,all-caps-token,true,true,SKIPPED_LOW_CONFIDENCE,,,
6_GOLuke2612,VideoTitle.value,584,LUMO - Lucas 11:1-54,,all-caps-token,true,true,SKIPPED_LOW_CONFIDENCE,,,
6_GOLuke2612,VideoTitle.value,6788,LUMO - لوقا 11:1-54,,all-caps-token,true,true,SKIPPED_LOW_CONFIDENCE,,,
6_GOLuke2612,VideoTitle.value,6930,LUMO - לוקס 11:1-54,,all-caps-token,true,true,SKIPPED_LOW_CONFIDENCE,,,
6_GOMark1511,VideoTitle.value,1106,LUMO - Markus 12:41-14:11,,all-caps-token,true,true,SKIPPED_LOW_CONFIDENCE,,,
6_GOMark1511,VideoTitle.value,12551,LUMO - Marcos 12:41-14:11,,all-caps-token,true,true,SKIPPED_LOW_CONFIDENCE,,,
6_GOMark1511,VideoTitle.value,13169,LUMO - มาระโก 12:41-14:11,,all-caps-token,true,true,SKIPPED_LOW_CONFIDENCE,,,
6_GOMark1511,VideoTitle.value,143871,LUMO - Марк 12:41-14:11,,all-caps-token,true,true,SKIPPED_LOW_CONFIDENCE,,,
6_GOMark1511,VideoTitle.value,16639,LUMO - Markus 12:41-14:11,,all-caps-token,true,true,SKIPPED_LOW_CONFIDENCE,,,
6_GOMark1511,VideoTitle.value,18259,LUMO - Марк 12:41-14:11,,all-caps-token,true,true,SKIPPED_LOW_CONFIDENCE,,,
6_GOMark1511,VideoTitle.value,1942,LUMO - Markos 12:41-14:11,,all-caps-token,true,true,SKIPPED_LOW_CONFIDENCE,,,
6_GOMark1511,VideoTitle.value,21028,LUMO - Marcos 12:41-14:11,,all-caps-token,true,true,SKIPPED_LOW_CONFIDENCE,,,
6_GOMark1511,VideoTitle.value,21753,LUMO - 馬可福音 12:41-14:11,,all-caps-token,true,true,SKIPPED_LOW_CONFIDENCE,,,
6_GOMark1511,VideoTitle.value,371,LUMO - Марк 12:41-14:11,,all-caps-token,true,true,SKIPPED_LOW_CONFIDENCE,,,
6_GOMark1511,VideoTitle.value,3887,LUMO - Mác 12:41-14:11,,all-caps-token,true,true,SKIPPED_LOW_CONFIDENCE,,,
6_GOMark1511,VideoTitle.value,3934,LUMO - Марк 12:41-14:11,,all-caps-token,true,true,SKIPPED_LOW_CONFIDENCE,,,
6_GOMark1511,VideoTitle.value,407,LUMO - Mark 12:41-14:11,,all-caps-token,true,true,SKIPPED_LOW_CONFIDENCE,,,
6_GOMark1511,VideoTitle.value,496,LUMO - Marc 12:41-14:11,,all-caps-token,true,true,SKIPPED_LOW_CONFIDENCE,,,
6_GOMark1511,VideoTitle.value,529,LUMO - Mark 12:41-14:11,,all-caps-token,true,true,SKIPPED_LOW_CONFIDENCE,,,
6_GOMark1511,VideoTitle.value,584,LUMO - Marcos 12:41-14:11,,all-caps-token,true,true,SKIPPED_LOW_CONFIDENCE,,,
6_GOMark1511,VideoTitle.value,6788,LUMO - مرقس ۱۲:۴۱-۱۴:۱۱,,all-caps-token,true,true,SKIPPED_LOW_CONFIDENCE,,,
6_GOMark1511,VideoTitle.value,6930,LUMO - מרקוס יב:41-יד:11,,all-caps-token,true,true,SKIPPED_LOW_CONFIDENCE,,,
6_GOMatt2507,VideoTitle.value,1106,LUMO - Matthäus 10:1-42,,all-caps-token,true,true,SKIPPED_LOW_CONFIDENCE,,,
6_GOMatt2507,VideoTitle.value,12551,LUMO - Mateo 10:1-42,,all-caps-token,true,true,SKIPPED_LOW_CONFIDENCE,,,
6_GOMatt2507,VideoTitle.value,13169,LUMO - มัทธิว 10:1-42,,all-caps-token,true,true,SKIPPED_LOW_CONFIDENCE,,,
6_GOMatt2507,VideoTitle.value,143871,LUMO - Матай 10:1-42,,all-caps-token,true,true,SKIPPED_LOW_CONFIDENCE,,,
6_GOMatt2507,VideoTitle.value,16639,LUMO - Matius 10:1-42,,all-caps-token,true,true,SKIPPED_LOW_CONFIDENCE,,,
6_GOMatt2507,VideoTitle.value,18259,LUMO - Матай 10:1-42,,all-caps-token,true,true,SKIPPED_LOW_CONFIDENCE,,,
6_GOMatt2507,VideoTitle.value,1942,LUMO - Matta 10:1-42,,all-caps-token,true,true,SKIPPED_LOW_CONFIDENCE,,,
6_GOMatt2507,VideoTitle.value,21028,LUMO - Mateo 10:1-42,,all-caps-token,true,true,SKIPPED_LOW_CONFIDENCE,,,
6_GOMatt2507,VideoTitle.value,21753,LUMO - 馬太福音 10:1-42,,all-caps-token,true,true,SKIPPED_LOW_CONFIDENCE,,,
6_GOMatt2507,VideoTitle.value,371,LUMO - Матай 10:1-42,,all-caps-token,true,true,SKIPPED_LOW_CONFIDENCE,,,
6_GOMatt2507,VideoTitle.value,3887,LUMO - Ma-thi-ơ 10:1-42,,all-caps-token,true,true,SKIPPED_LOW_CONFIDENCE,,,
6_GOMatt2507,VideoTitle.value,3934,LUMO - Матфея 10:1-42,,all-caps-token,true,true,SKIPPED_LOW_CONFIDENCE,,,
6_GOMatt2507,VideoTitle.value,496,LUMO - Matthieu 10:1-42,,all-caps-token,true,true,SKIPPED_LOW_CONFIDENCE,,,
6_GOMatt2507,VideoTitle.value,529,LUMO - Matthew 10:1-42,,all-caps-token,true,true,SKIPPED_LOW_CONFIDENCE,,,
6_GOMatt2507,VideoTitle.value,584,LUMO - Mateus 10:1-42,,all-caps-token,true,true,SKIPPED_LOW_CONFIDENCE,,,
6_GOMatt2507,VideoTitle.value,6930,LUMO - מתי י':1-42,,all-caps-token,true,true,SKIPPED_LOW_CONFIDENCE,,,
3_IAm1208-0-0,VideoTitle.value,1106,Episode 8: Ich BIN die Auferstehung und das Leben - Teil Eins,,all-caps-token,true,true,SKIPPED_LOW_CONFIDENCE,,,
3_IAm1208-0-0,VideoTitle.value,12551,Episode 8: AKO ANG Muling Pagkabuhay at Buhay - Unang Bahagi,,all-caps-token,true,true,SKIPPED_LOW_CONFIDENCE,,,
3_IAm1208-0-0,VideoTitle.value,16639,Episode 8: AKULAH Kebangkitan dan Kehidupan - Bagian Satu,,all-caps-token,true,true,SKIPPED_LOW_CONFIDENCE,,,
3_IAm1208-0-0,VideoTitle.value,21028,Episodio 8: YO SOY la Resurrección y la Vida - Primera parte,,all-caps-token,true,true,SKIPPED_LOW_CONFIDENCE,,,
3_IAm1208-0-0,VideoTitle.value,496,Épisode 8 : JE SUIS la résurrection et la vie - Première partie,,all-caps-token,true,true,SKIPPED_LOW_CONFIDENCE,,,
3_IAm1208-0-0,VideoTitle.value,584,Episódio 8: EU SOU a ressurreição e a vida - Parte um,,all-caps-token,true,true,SKIPPED_LOW_CONFIDENCE,,,
6_GOJohn2220,VideoTitle.value,1106,LUMO - Johannes 19:38-20:31,,all-caps-token,true,true,SKIPPED_LOW_CONFIDENCE,,,
6_GOJohn2220,VideoTitle.value,12551,LUMO - Juan 19:38-20:31,,all-caps-token,true,true,SKIPPED_LOW_CONFIDENCE,,,
6_GOJohn2220,VideoTitle.value,13169,LUMO - ยอห์น 19:38-20:31,,all-caps-token,true,true,SKIPPED_LOW_CONFIDENCE,,,
6_GOJohn2220,VideoTitle.value,143871,LUMO - Иохан 19:38-20:31,,all-caps-token,true,true,SKIPPED_LOW_CONFIDENCE,,,
6_GOJohn2220,VideoTitle.value,16639,LUMO - Yohanes 19:38-20:31,,all-caps-token,true,true,SKIPPED_LOW_CONFIDENCE,,,
6_GOJohn2220,VideoTitle.value,18259,LUMO - Иохан 19:38-20:31,,all-caps-token,true,true,SKIPPED_LOW_CONFIDENCE,,,
6_GOJohn2220,VideoTitle.value,1942,LUMO - Yuhanna 19:38-20:31,,all-caps-token,true,true,SKIPPED_LOW_CONFIDENCE,,,
6_GOJohn2220,VideoTitle.value,21028,LUMO - Juan 19:38-20:31,,all-caps-token,true,true,SKIPPED_LOW_CONFIDENCE,,,
6_GOJohn2220,VideoTitle.value,21753,LUMO - 約翰福音 19:38-20:31,,all-caps-token,true,true,SKIPPED_LOW_CONFIDENCE,,,
6_GOJohn2220,VideoTitle.value,21754,LUMO - 约翰福音 19:38-20:31,,all-caps-token,true,true,SKIPPED_LOW_CONFIDENCE,,,
6_GOJohn2220,VideoTitle.value,371,LUMO - Жохан 19:38-20:31,,all-caps-token,true,true,SKIPPED_LOW_CONFIDENCE,,,
6_GOJohn2220,VideoTitle.value,3887,LUMO - Giăng 19:38-20:31,,all-caps-token,true,true,SKIPPED_LOW_CONFIDENCE,,,
6_GOJohn2220,VideoTitle.value,3934,LUMO - Иоанна 19:38-20:31,,all-caps-token,true,true,SKIPPED_LOW_CONFIDENCE,,,
6_GOJohn2220,VideoTitle.value,407,LUMO - یوحنا 19:38-20:31,,all-caps-token,true,true,SKIPPED_LOW_CONFIDENCE,,,
6_GOJohn2220,VideoTitle.value,496,LUMO - Jean 19:38-20:31,,all-caps-token,true,true,SKIPPED_LOW_CONFIDENCE,,,
6_GOJohn2220,VideoTitle.value,529,LUMO - John 19:38-20:31,,all-caps-token,true,true,SKIPPED_LOW_CONFIDENCE,,,
6_GOJohn2220,VideoTitle.value,584,LUMO - João 19:38-20:31,,all-caps-token,true,true,SKIPPED_LOW_CONFIDENCE,,,
6_GOJohn2220,VideoTitle.value,6930,LUMO - יוחנן 19:38-20:31,,all-caps-token,true,true,SKIPPED_LOW_CONFIDENCE,,,
LUMOCollection,VideoTitle.value,1106,LUMO,,all-caps-token,true,true,SKIPPED_LOW_CONFIDENCE,,,
LUMOCollection,VideoTitle.value,12551,LUMO,,all-caps-token,true,true,SKIPPED_LOW_CONFIDENCE,,,
LUMOCollection,VideoTitle.value,13169,LUMO,,all-caps-token,true,true,SKIPPED_LOW_CONFIDENCE,,,
LUMOCollection,VideoTitle.value,143871,LUMO,,all-caps-token,true,true,SKIPPED_LOW_CONFIDENCE,,,
LUMOCollection,VideoTitle.value,16639,LUMO,,all-caps-token,true,true,SKIPPED_LOW_CONFIDENCE,,,
LUMOCollection,VideoTitle.value,18259,LUMO,,all-caps-token,true,true,SKIPPED_LOW_CONFIDENCE,,,
LUMOCollection,VideoTitle.value,1942,LUMO,,all-caps-token,true,true,SKIPPED_LOW_CONFIDENCE,,,
LUMOCollection,VideoTitle.value,21028,LUMO,,all-caps-token,true,true,SKIPPED_LOW_CONFIDENCE,,,
LUMOCollection,VideoTitle.value,21753,LUMO,,all-caps-token,true,true,SKIPPED_LOW_CONFIDENCE,,,
LUMOCollection,VideoTitle.value,21754,LUMO电影,,all-caps-token,true,true,SKIPPED_LOW_CONFIDENCE,,,
LUMOCollection,VideoTitle.value,371,LUMO,,all-caps-token,true,true,SKIPPED_LOW_CONFIDENCE,,,
LUMOCollection,VideoTitle.value,3804,LUMO,,all-caps-token,true,true,SKIPPED_LOW_CONFIDENCE,,,
LUMOCollection,VideoTitle.value,3887,Bộ Sưu Tập LUMO,,all-caps-token,true,true,SKIPPED_LOW_CONFIDENCE,,,
LUMOCollection,VideoTitle.value,3934,LUMO,,all-caps-token,true,true,SKIPPED_LOW_CONFIDENCE,,,
LUMOCollection,VideoTitle.value,407,LUMO,,all-caps-token,true,true,SKIPPED_LOW_CONFIDENCE,,,
LUMOCollection,VideoTitle.value,496,LUMO,,all-caps-token,true,true,SKIPPED_LOW_CONFIDENCE,,,
LUMOCollection,VideoTitle.value,529,LUMO,,all-caps-token,true,true,SKIPPED_LOW_CONFIDENCE,,,
LUMOCollection,VideoTitle.value,6464,LUMO,,all-caps-token,true,true,SKIPPED_LOW_CONFIDENCE,,,
LUMOCollection,VideoTitle.value,6788,مجموعه LUMO,,all-caps-token,true,true,SKIPPED_LOW_CONFIDENCE,,,
LUMOCollection,VideoTitle.value,6930,LUMO,,all-caps-token,true,true,SKIPPED_LOW_CONFIDENCE,,,
6_GOLuke2619,VideoTitle.value,1106,LUMO - Lukas 19:1-44,,all-caps-token,true,true,SKIPPED_LOW_CONFIDENCE,,,
6_GOLuke2619,VideoTitle.value,12551,LUMO - Lucas 19:1-44,,all-caps-token,true,true,SKIPPED_LOW_CONFIDENCE,,,
6_GOLuke2619,VideoTitle.value,13169,LUMO - ลูกา 19:1-44,,all-caps-token,true,true,SKIPPED_LOW_CONFIDENCE,,,
6_GOLuke2619,VideoTitle.value,143871,LUMO - Лук 19:1-44,,all-caps-token,true,true,SKIPPED_LOW_CONFIDENCE,,,
6_GOLuke2619,VideoTitle.value,16639,LUMO - Lukas 19:1-44,,all-caps-token,true,true,SKIPPED_LOW_CONFIDENCE,,,
6_GOLuke2619,VideoTitle.value,18259,LUMO - Лук 19:1-44,,all-caps-token,true,true,SKIPPED_LOW_CONFIDENCE,,,
6_GOLuke2619,VideoTitle.value,1942,LUMO - Luka 19:1-44,,all-caps-token,true,true,SKIPPED_LOW_CONFIDENCE,,,
6_GOLuke2619,VideoTitle.value,21028,LUMO - Lucas 19:1-44,,all-caps-token,true,true,SKIPPED_LOW_CONFIDENCE,,,
6_GOLuke2619,VideoTitle.value,21753,LUMO - 路加福音 19:1-44,,all-caps-token,true,true,SKIPPED_LOW_CONFIDENCE,,,
6_GOLuke2619,VideoTitle.value,371,LUMO - Лұқа 19:1-44,,all-caps-token,true,true,SKIPPED_LOW_CONFIDENCE,,,
6_GOLuke2619,VideoTitle.value,3887,LUMO - Lu-ca 19:1-44,,all-caps-token,true,true,SKIPPED_LOW_CONFIDENCE,,,
6_GOLuke2619,VideoTitle.value,3934,LUMO - Луки 19:1-44,,all-caps-token,true,true,SKIPPED_LOW_CONFIDENCE,,,
6_GOLuke2619,VideoTitle.value,407,LUMO - لوک 19:1-44,,all-caps-token,true,true,SKIPPED_LOW_CONFIDENCE,,,
6_GOLuke2619,VideoTitle.value,496,LUMO - Luc 19:1-44,,all-caps-token,true,true,SKIPPED_LOW_CONFIDENCE,,,
6_GOLuke2619,VideoTitle.value,529,LUMO - Luke 19:1-44,,all-caps-token,true,true,SKIPPED_LOW_CONFIDENCE,,,
6_GOLuke2619,VideoTitle.value,584,LUMO - Lucas 19:1-44,,all-caps-token,true,true,SKIPPED_LOW_CONFIDENCE,,,
6_GOLuke2619,VideoTitle.value,6788,LUMO - لوقا ۱۹:۱-۴۴,,all-caps-token,true,true,SKIPPED_LOW_CONFIDENCE,,,
6_GOLuke2619,VideoTitle.value,6930,LUMO - לוקס 19:1-44,,all-caps-token,true,true,SKIPPED_LOW_CONFIDENCE,,,
6_GOMatt2509,VideoTitle.value,1106,LUMO - Matthäus 12:22-13:23,,all-caps-token,true,true,SKIPPED_LOW_CONFIDENCE,,,
6_GOMatt2509,VideoTitle.value,12551,LUMO - Mateo 12:22-13:23,,all-caps-token,true,true,SKIPPED_LOW_CONFIDENCE,,,
6_GOMatt2509,VideoTitle.value,13169,LUMO - มัทธิว 12:22-13:23,,all-caps-token,true,true,SKIPPED_LOW_CONFIDENCE,,,
6_GOMatt2509,VideoTitle.value,143871,LUMO - Матай 12:22-13:23,,all-caps-token,true,true,SKIPPED_LOW_CONFIDENCE,,,
6_GOMatt2509,VideoTitle.value,16639,LUMO - Matius 12:22-13:23,,all-caps-token,true,true,SKIPPED_LOW_CONFIDENCE,,,
6_GOMatt2509,VideoTitle.value,18259,LUMO - Матай 12:22-13:23,,all-caps-token,true,true,SKIPPED_LOW_CONFIDENCE,,,
6_GOMatt2509,VideoTitle.value,1942,LUMO - Matta 12:22-13:23,,all-caps-token,true,true,SKIPPED_LOW_CONFIDENCE,,,
6_GOMatt2509,VideoTitle.value,21028,LUMO - Mateo 12:22-13:23,,all-caps-token,true,true,SKIPPED_LOW_CONFIDENCE,,,
6_GOMatt2509,VideoTitle.value,21753,LUMO - 馬太福音 12:22-13:23,,all-caps-token,true,true,SKIPPED_LOW_CONFIDENCE,,,
6_GOMatt2509,VideoTitle.value,371,LUMO - Матай 12:22-13:23,,all-caps-token,true,true,SKIPPED_LOW_CONFIDENCE,,,
6_GOMatt2509,VideoTitle.value,3887,LUMO - Ma-thi-ơ 12:22-13:23,,all-caps-token,true,true,SKIPPED_LOW_CONFIDENCE,,,
6_GOMatt2509,VideoTitle.value,3934,LUMO - Матфея 12:22-13:23,,all-caps-token,true,true,SKIPPED_LOW_CONFIDENCE,,,
6_GOMatt2509,VideoTitle.value,496,LUMO - Matthieu 12:22-13:23,,all-caps-token,true,true,SKIPPED_LOW_CONFIDENCE,,,
6_GOMatt2509,VideoTitle.value,529,LUMO - Matthew 12:22-13:23,,all-caps-token,true,true,SKIPPED_LOW_CONFIDENCE,,,
6_GOMatt2509,VideoTitle.value,584,LUMO - Mateus 11:1-12:21,,all-caps-token,true,true,SKIPPED_LOW_CONFIDENCE,,,
6_GOMatt2509,VideoTitle.value,6930,LUMO - מתי 12:22-13:23,,all-caps-token,true,true,SKIPPED_LOW_CONFIDENCE,,,
2_The_Four_Collection,VideoTitle.value,1106,Die VIER,,all-caps-token,true,true,SKIPPED_LOW_CONFIDENCE,,,
2_The_Four_Collection,VideoTitle.value,12551,Ang APAT,,all-caps-token,true,true,SKIPPED_LOW_CONFIDENCE,,,
2_The_Four_Collection,VideoTitle.value,21753,FOUR,,all-caps-token,true,true,SKIPPED_LOW_CONFIDENCE,,,
2_The_Four_Collection,VideoTitle.value,3804,The FOUR,,all-caps-token,true,true,SKIPPED_LOW_CONFIDENCE,,,
2_The_Four_Collection,VideoTitle.value,496,Les QUATRE,,all-caps-token,true,true,SKIPPED_LOW_CONFIDENCE,,,
2_The_Four_Collection,VideoTitle.value,529,THE FOUR,,all-caps-token,true,true,SKIPPED_LOW_CONFIDENCE,,,
2_The_Four_Collection,VideoTitle.value,584,Os QUATRO,,all-caps-token,true,true,SKIPPED_LOW_CONFIDENCE,,,
1_jf-0-0,VideoTitle.value,1106,JESUS,,all-caps-token,true,true,SKIPPED_LOW_CONFIDENCE,,,
1_jf-0-0,VideoTitle.value,12551,HESUS,,all-caps-token,true,true,SKIPPED_LOW_CONFIDENCE,,,
1_jf-0-0,VideoTitle.value,16639,YESUS,,all-caps-token,true,true,SKIPPED_LOW_CONFIDENCE,,,
1_jf-0-0,VideoTitle.value,21028,JESUS,,all-caps-token,true,true,SKIPPED_LOW_CONFIDENCE,,,
1_jf-0-0,VideoTitle.value,3887,JÊSUS,,all-caps-token,true,true,SKIPPED_LOW_CONFIDENCE,,,
1_jf-0-0,VideoTitle.value,496,JESUS,,all-caps-token,true,true,SKIPPED_LOW_CONFIDENCE,,,
1_jf-0-0,VideoTitle.value,529,JESUS,,all-caps-token,true,true,SKIPPED_LOW_CONFIDENCE,,,
1_jf-0-0,VideoTitle.value,584,JESUS,,all-caps-token,true,true,SKIPPED_LOW_CONFIDENCE,,,
6_GOJohn2207,VideoTitle.value,1106,LUMO - Johannes 6:61-7:44,,all-caps-token,true,true,SKIPPED_LOW_CONFIDENCE,,,
6_GOJohn2207,VideoTitle.value,12551,LUMO - Juan 6:61-7:44,,all-caps-token,true,true,SKIPPED_LOW_CONFIDENCE,,,
6_GOJohn2207,VideoTitle.value,13169,"LUMO - ยอห์น 6:61-7:44
",,leading-or-trailing-whitespace;all-caps-token,true,true,SKIPPED_LOW_CONFIDENCE,,,
6_GOJohn2207,VideoTitle.value,143871,LUMO - Иохан 6:61-7:44,,all-caps-token,true,true,SKIPPED_LOW_CONFIDENCE,,,
6_GOJohn2207,VideoTitle.value,16639,LUMO - Yohanes 6:61-7:44,,all-caps-token,true,true,SKIPPED_LOW_CONFIDENCE,,,
6_GOJohn2207,VideoTitle.value,18259,LUMO - Иохан 6:61-7:44,,all-caps-token,true,true,SKIPPED_LOW_CONFIDENCE,,,
6_GOJohn2207,VideoTitle.value,1942,LUMO - Yuhanna 6:61-7:44,,all-caps-token,true,true,SKIPPED_LOW_CONFIDENCE,,,
6_GOJohn2207,VideoTitle.value,21028,LUMO - Juan 6:61-7:44,,all-caps-token,true,true,SKIPPED_LOW_CONFIDENCE,,,
6_GOJohn2207,VideoTitle.value,21753,LUMO - 約翰福音 6:61-7:44,,all-caps-token,true,true,SKIPPED_LOW_CONFIDENCE,,,
6_GOJohn2207,VideoTitle.value,21754,LUMO - 约翰福音 6:61-7:44,,all-caps-token,true,true,SKIPPED_LOW_CONFIDENCE,,,
6_GOJohn2207,VideoTitle.value,371,LUMO - Жохан 6:61-7:44,,all-caps-token,true,true,SKIPPED_LOW_CONFIDENCE,,,
6_GOJohn2207,VideoTitle.value,3887,LUMO - Giăng 6:61-7:44,,all-caps-token,true,true,SKIPPED_LOW_CONFIDENCE,,,
6_GOJohn2207,VideoTitle.value,3934,LUMO - Иоанна 6:61-7:44,,all-caps-token,true,true,SKIPPED_LOW_CONFIDENCE,,,
6_GOJohn2207,VideoTitle.value,496,LUMO - Jean 6:61-7:44,,all-caps-token,true,true,SKIPPED_LOW_CONFIDENCE,,,
6_GOJohn2207,VideoTitle.value,529,LUMO - John 6:61-7:44,,all-caps-token,true,true,SKIPPED_LOW_CONFIDENCE,,,
6_GOJohn2207,VideoTitle.value,584,LUMO - João 6:61-7:44,,all-caps-token,true,true,SKIPPED_LOW_CONFIDENCE,,,
6_GOJohn2207,VideoTitle.value,6930,LUMO - יוחנן 6:61-7:44,,all-caps-token,true,true,SKIPPED_LOW_CONFIDENCE,,,
3_IAm1207-0-0,VideoTitle.value,12551,Episode 7: AKO ANG Mabuting Pastol,,all-caps-token,true,true,SKIPPED_LOW_CONFIDENCE,,,
3_IAm1207-0-0,VideoTitle.value,16639,Episode 7: AKU Gembala yang Baik,,all-caps-token,true,true,SKIPPED_LOW_CONFIDENCE,,,
3_IAm1207-0-0,VideoTitle.value,21028,Episodio 7: YO SOY el Buen Pastor,,all-caps-token,true,true,SKIPPED_LOW_CONFIDENCE,,,
3_IAm1207-0-0,VideoTitle.value,496,Épisode 7 : JE SUIS le bon berger,,all-caps-token,true,true,SKIPPED_LOW_CONFIDENCE,,,
3_IAm1207-0-0,VideoTitle.value,584,Episódio 7: EU SOU o bom pastor,,all-caps-token,true,true,SKIPPED_LOW_CONFIDENCE,,,
13_0-RPGospel,VideoTitle.value,1106,Rettungsprojekt - Evangelium in der visuellen Vernakularität,,possible-multilingual-concatenation,true,true,SKIPPED_LOW_CONFIDENCE,,,
13_0-RPGospel,VideoTitle.value,12551,Rescue Project - Gospel in Visual Vernacular,,possible-multilingual-concatenation,true,true,SKIPPED_LOW_CONFIDENCE,,,
13_0-RPGospel,VideoTitle.value,143871,Аврах төсөл - Үзүүлэн хэлээр сайн мэдээ,,possible-multilingual-concatenation,true,true,SKIPPED_LOW_CONFIDENCE,,,
13_0-RPGospel,VideoTitle.value,16639,Proyek Penyelamatan - Injil dalam Bahasa Vernakular Visual,,possible-multilingual-concatenation,true,true,SKIPPED_LOW_CONFIDENCE,,,
13_0-RPGospel,VideoTitle.value,18259,Аврах төсөл - Үзүүлэн хэлээр сайн мэдээ,,possible-multilingual-concatenation,true,true,SKIPPED_LOW_CONFIDENCE,,,
13_0-RPGospel,VideoTitle.value,1942,Kurtarma Projesi - Görsel Dille Müjde,,possible-multilingual-concatenation,true,true,SKIPPED_LOW_CONFIDENCE,,,
13_0-RPGospel,VideoTitle.value,371,Құтқару жобасы - Көрнекі халық тіліндегі Евангелия,,possible-multilingual-concatenation,true,true,SKIPPED_LOW_CONFIDENCE,,,
13_0-RPGospel,VideoTitle.value,3887,Dự án cứu hộ - Phúc âm bằng ngôn ngữ hình ảnh,,possible-multilingual-concatenation,true,true,SKIPPED_LOW_CONFIDENCE,,,
13_0-RPGospel,VideoTitle.value,496,Rescue Project - L'évangile en langage visuel,,possible-multilingual-concatenation,true,true,SKIPPED_LOW_CONFIDENCE,,,
13_0-RPGospel,VideoTitle.value,529,Rescue Project - Gospel in Visual Vernacular,,possible-multilingual-concatenation,true,true,SKIPPED_LOW_CONFIDENCE,,,
13_0-RPGospel,VideoTitle.value,584,Projeto Rescue - Evangelho em vernáculo visual,,possible-multilingual-concatenation,true,true,SKIPPED_LOW_CONFIDENCE,,,
10_Darkroom08Purpose,VideoTitle.value,496,But : Les choses sans but,,possible-multilingual-concatenation,true,true,SKIPPED_LOW_CONFIDENCE,,,
6_GOMatt2519,VideoTitle.value,1106,LUMO - Matthäus 24:1-51,,all-caps-token,true,true,SKIPPED_LOW_CONFIDENCE,,,
6_GOMatt2519,VideoTitle.value,12551,LUMO - Mateo 24:1-51,,all-caps-token,true,true,SKIPPED_LOW_CONFIDENCE,,,
6_GOMatt2519,VideoTitle.value,13169,LUMO - มัทธิว 24:1-51,,all-caps-token,true,true,SKIPPED_LOW_CONFIDENCE,,,
6_GOMatt2519,VideoTitle.value,143871,LUMO - Матай 24:1-51,,all-caps-token,true,true,SKIPPED_LOW_CONFIDENCE,,,
6_GOMatt2519,VideoTitle.value,16639,LUMO - Matius 24:1-51,,all-caps-token,true,true,SKIPPED_LOW_CONFIDENCE,,,
6_GOMatt2519,VideoTitle.value,18259,LUMO - Матай 24:1-51,,all-caps-token,true,true,SKIPPED_LOW_CONFIDENCE,,,
6_GOMatt2519,VideoTitle.value,1942,LUMO - Matta 24:1-51,,all-caps-token,true,true,SKIPPED_LOW_CONFIDENCE,,,
6_GOMatt2519,VideoTitle.value,21028,LUMO - Mateo 24:1-51,,all-caps-token,true,true,SKIPPED_LOW_CONFIDENCE,,,
6_GOMatt2519,VideoTitle.value,21753,LUMO - 馬太福音 24:1-51,,all-caps-token,true,true,SKIPPED_LOW_CONFIDENCE,,,
6_GOMatt2519,VideoTitle.value,371,LUMO - Матай 24:1-51,,all-caps-token,true,true,SKIPPED_LOW_CONFIDENCE,,,
6_GOMatt2519,VideoTitle.value,3887,LUMO - Ma-thi-ơ 24:1-51,,all-caps-token,true,true,SKIPPED_LOW_CONFIDENCE,,,
6_GOMatt2519,VideoTitle.value,3934,LUMO - Матфея 24:1-51,,all-caps-token,true,true,SKIPPED_LOW_CONFIDENCE,,,
6_GOMatt2519,VideoTitle.value,496,LUMO - Matthieu 24:1-51,,all-caps-token,true,true,SKIPPED_LOW_CONFIDENCE,,,
6_GOMatt2519,VideoTitle.value,529,LUMO - Matthew 24:1-51,,all-caps-token,true,true,SKIPPED_LOW_CONFIDENCE,,,
6_GOMatt2519,VideoTitle.value,584,LUMO - Mateus 24:1-51,,all-caps-token,true,true,SKIPPED_LOW_CONFIDENCE,,,
6_GOMatt2519,VideoTitle.value,6930,"LUMO - מתי כ""ד:1-51",,all-caps-token,true,true,SKIPPED_LOW_CONFIDENCE,,,
3_IAm1203-0-0,VideoTitle.value,12551,Episode 3: AKO ANG Tinapay ng Buhay - Ikalawang Bahagi,,all-caps-token,true,true,SKIPPED_LOW_CONFIDENCE,,,
3_IAm1203-0-0,VideoTitle.value,16639,Episode 3: AKULAH Roti Hidup - Bagian Dua,,all-caps-token,true,true,SKIPPED_LOW_CONFIDENCE,,,
3_IAm1203-0-0,VideoTitle.value,21028,Episodio 3: YO SOY el Pan de Vida - Segunda parte,,all-caps-token,true,true,SKIPPED_LOW_CONFIDENCE,,,
3_IAm1203-0-0,VideoTitle.value,496,Épisode 3 : JE SUIS le Pain de Vie - Deuxième partie,,all-caps-token,true,true,SKIPPED_LOW_CONFIDENCE,,,
3_IAm1203-0-0,VideoTitle.value,584,Episódio 3: EU SOU o pão da vida - Parte dois,,all-caps-token,true,true,SKIPPED_LOW_CONFIDENCE,,,
1_cl1310-0-0,VideoTitle.value,16639,Klub Cerita : Persembahan Janda,,possible-multilingual-concatenation,true,true,SKIPPED_LOW_CONFIDENCE,,,
6_GOJohn2201,VideoTitle.value,1106,LUMO - Johannes 1:1-34,,all-caps-token,true,true,SKIPPED_LOW_CONFIDENCE,,,
6_GOJohn2201,VideoTitle.value,12551,LUMO - Juan 1:1-34,,all-caps-token,true,true,SKIPPED_LOW_CONFIDENCE,,,
6_GOJohn2201,VideoTitle.value,13169,LUMO - ยอห์น 1:1-34,,all-caps-token,true,true,SKIPPED_LOW_CONFIDENCE,,,
6_GOJohn2201,VideoTitle.value,143871,LUMO - Иохан 1:1-34,,all-caps-token,true,true,SKIPPED_LOW_CONFIDENCE,,,
6_GOJohn2201,VideoTitle.value,16639,LUMO - Yohanes 1:1-34,,all-caps-token,true,true,SKIPPED_LOW_CONFIDENCE,,,
6_GOJohn2201,VideoTitle.value,18259,LUMO - Иохан 1:1-34,,all-caps-token,true,true,SKIPPED_LOW_CONFIDENCE,,,
6_GOJohn2201,VideoTitle.value,1942,LUMO - Yuhanna 1:1-34,,all-caps-token,true,true,SKIPPED_LOW_CONFIDENCE,,,
6_GOJohn2201,VideoTitle.value,21028,LUMO - Juan 1:1-34,,all-caps-token,true,true,SKIPPED_LOW_CONFIDENCE,,,
6_GOJohn2201,VideoTitle.value,21753,LUMO - 約翰福音 1:1-34,,all-caps-token,true,true,SKIPPED_LOW_CONFIDENCE,,,
6_GOJohn2201,VideoTitle.value,21754,LUMO - 约翰福音 1:1-34,,all-caps-token,true,true,SKIPPED_LOW_CONFIDENCE,,,
6_GOJohn2201,VideoTitle.value,371,LUMO - Жохан 1:1-34,,all-caps-token,true,true,SKIPPED_LOW_CONFIDENCE,,,
6_GOJohn2201,VideoTitle.value,3887,LUMO - Giăng 1:1-34,,all-caps-token,true,true,SKIPPED_LOW_CONFIDENCE,,,
6_GOJohn2201,VideoTitle.value,3934,LUMO - Иоанна 1:1-34,,all-caps-token,true,true,SKIPPED_LOW_CONFIDENCE,,,
6_GOJohn2201,VideoTitle.value,407,LUMO - یوحنا 1:1-34,,all-caps-token,true,true,SKIPPED_LOW_CONFIDENCE,,,
6_GOJohn2201,VideoTitle.value,496,LUMO - Jean 1:1-34,,all-caps-token,true,true,SKIPPED_LOW_CONFIDENCE,,,
6_GOJohn2201,VideoTitle.value,529,LUMO - John 1:1-34,,all-caps-token,true,true,SKIPPED_LOW_CONFIDENCE,,,
6_GOJohn2201,VideoTitle.value,584,LUMO - João 1:1-34,,all-caps-token,true,true,SKIPPED_LOW_CONFIDENCE,,,
6_GOJohn2201,VideoTitle.value,6930,LUMO - יוחנן א':1-34,,all-caps-token,true,true,SKIPPED_LOW_CONFIDENCE,,,
6_GOJohn2211,VideoTitle.value,1106,LUMO - Johannes 10:1-42,,all-caps-token,true,true,SKIPPED_LOW_CONFIDENCE,,,
6_GOJohn2211,VideoTitle.value,12551,LUMO - Juan 10:1-42,,all-caps-token,true,true,SKIPPED_LOW_CONFIDENCE,,,
6_GOJohn2211,VideoTitle.value,13169,LUMO - ยอห์น 10:1-42,,all-caps-token,true,true,SKIPPED_LOW_CONFIDENCE,,,
6_GOJohn2211,VideoTitle.value,143871,LUMO - Иохан 10:1-42,,all-caps-token,true,true,SKIPPED_LOW_CONFIDENCE,,,
6_GOJohn2211,VideoTitle.value,16639,LUMO - Yohanes 10:1-42,,all-caps-token,true,true,SKIPPED_LOW_CONFIDENCE,,,
6_GOJohn2211,VideoTitle.value,18259,LUMO - Иохан 10:1-42,,all-caps-token,true,true,SKIPPED_LOW_CONFIDENCE,,,
6_GOJohn2211,VideoTitle.value,1942,LUMO - Yuhanna 10:1-42,,all-caps-token,true,true,SKIPPED_LOW_CONFIDENCE,,,
6_GOJohn2211,VideoTitle.value,21028,LUMO - Juan 10:1-42,,all-caps-token,true,true,SKIPPED_LOW_CONFIDENCE,,,
6_GOJohn2211,VideoTitle.value,21753,LUMO - 約翰福音 10:1-42,,all-caps-token,true,true,SKIPPED_LOW_CONFIDENCE,,,
6_GOJohn2211,VideoTitle.value,21754,LUMO - 约翰福音 10：1-42,,all-caps-token,true,true,SKIPPED_LOW_CONFIDENCE,,,
6_GOJohn2211,VideoTitle.value,371,LUMO - Жохан 10:1-42,,all-caps-token,true,true,SKIPPED_LOW_CONFIDENCE,,,
6_GOJohn2211,VideoTitle.value,3887,LUMO - Giăng 10:1-42,,all-caps-token,true,true,SKIPPED_LOW_CONFIDENCE,,,
6_GOJohn2211,VideoTitle.value,3934,LUMO - Иоанна 10:1-42,,all-caps-token,true,true,SKIPPED_LOW_CONFIDENCE,,,
6_GOJohn2211,VideoTitle.value,496,LUMO - Jean 10:1-42,,all-caps-token,true,true,SKIPPED_LOW_CONFIDENCE,,,
6_GOJohn2211,VideoTitle.value,529,LUMO - John 10:1-42,,all-caps-token,true,true,SKIPPED_LOW_CONFIDENCE,,,
6_GOJohn2211,VideoTitle.value,584,LUMO - João 10:1-42,,all-caps-token,true,true,SKIPPED_LOW_CONFIDENCE,,,
6_GOJohn2211,VideoTitle.value,6930,LUMO - יוחנן י':1-42,,all-caps-token,true,true,SKIPPED_LOW_CONFIDENCE,,,
10_Darkroom01Doubt,VideoTitle.value,496,Le doute : Ma déconversion,,possible-multilingual-concatenation,true,true,SKIPPED_LOW_CONFIDENCE,,,
3_IAm1210-0-0,VideoTitle.value,1106,"Episode 10: Ich BIN der Weg, die Wahrheit und das Leben",,all-caps-token,true,true,SKIPPED_LOW_CONFIDENCE,,,
3_IAm1210-0-0,VideoTitle.value,12551,"Episode 10: AKO ANG Daan, Katotohanan at Buhay",,all-caps-token,true,true,SKIPPED_LOW_CONFIDENCE,,,
3_IAm1210-0-0,VideoTitle.value,16639,"Episode 10: AKULAH Jalan, Kebenaran dan Kehidupan",,all-caps-token,true,true,SKIPPED_LOW_CONFIDENCE,,,
3_IAm1210-0-0,VideoTitle.value,21028,"Episodio 10: YO SOY el Camino, la Verdad y la Vida",,all-caps-token,true,true,SKIPPED_LOW_CONFIDENCE,,,
3_IAm1210-0-0,VideoTitle.value,496,"Épisode 10 : JE SUIS le chemin, la vérité et la vie",,all-caps-token,true,true,SKIPPED_LOW_CONFIDENCE,,,
3_IAm1210-0-0,VideoTitle.value,584,"Episódio 10: EU SOU o caminho, a verdade e a vida",,all-caps-token,true,true,SKIPPED_LOW_CONFIDENCE,,,
3_IAm1212-0-0,VideoTitle.value,21028,Episodio 12: Revisión de la serie YO SOY,,all-caps-token,true,true,SKIPPED_LOW_CONFIDENCE,,,
3_IAm1212-0-0,VideoTitle.value,584,Episódio 12: Resumo da série EU SOU,,all-caps-token,true,true,SKIPPED_LOW_CONFIDENCE,,,
1_cl1311-0-0,VideoTitle.value,16639,Klub Cerita : Perjamuan Terakhir,,possible-multilingual-concatenation,true,true,SKIPPED_LOW_CONFIDENCE,,,
3_IAm1211-0-0,VideoTitle.value,1106,Episode 11: ICH BIN der wahre Weinstock,,all-caps-token,true,true,SKIPPED_LOW_CONFIDENCE,,,
3_IAm1211-0-0,VideoTitle.value,12551,Episode 11: AKO ANG Tunay na baging,,all-caps-token,true,true,SKIPPED_LOW_CONFIDENCE,,,
3_IAm1211-0-0,VideoTitle.value,16639,Episode 11: AKULAH Pohon Anggur Sejati,,all-caps-token,true,true,SKIPPED_LOW_CONFIDENCE,,,
3_IAm1211-0-0,VideoTitle.value,21028,Episodio 11: YO SOY la Vid Verdadera,,all-caps-token,true,true,SKIPPED_LOW_CONFIDENCE,,,
3_IAm1211-0-0,VideoTitle.value,496,Épisode 11 : JE SUIS la vraie vigne,,all-caps-token,true,true,SKIPPED_LOW_CONFIDENCE,,,
3_IAm1211-0-0,VideoTitle.value,584,Episódio 11: EU SOU a videira verdadeira,,all-caps-token,true,true,SKIPPED_LOW_CONFIDENCE,,,
10_Darkroom06Suffering,VideoTitle.value,496,Souffrance : Max veut en finir,,possible-multilingual-concatenation,true,true,SKIPPED_LOW_CONFIDENCE,,,
4_Loss5Preview,VideoTitle.value,21028,Vista Previa - Manejandro la Pérdida,,possible-multilingual-concatenation,true,true,SKIPPED_LOW_CONFIDENCE,,,
6_GOMark1508,VideoTitle.value,1106,LUMO - Markus 9:30-10:31,,all-caps-token,true,true,SKIPPED_LOW_CONFIDENCE,,,
6_GOMark1508,VideoTitle.value,12551,LUMO - Marcos 9:30-10:31,,all-caps-token,true,true,SKIPPED_LOW_CONFIDENCE,,,
6_GOMark1508,VideoTitle.value,13169,LUMO - มาระโก 9:30-10:31,,all-caps-token,true,true,SKIPPED_LOW_CONFIDENCE,,,
6_GOMark1508,VideoTitle.value,143871,LUMO - Марк 9:30-10:31,,all-caps-token,true,true,SKIPPED_LOW_CONFIDENCE,,,
6_GOMark1508,VideoTitle.value,16639,LUMO - Markus 9:30-10:31,,all-caps-token,true,true,SKIPPED_LOW_CONFIDENCE,,,
6_GOMark1508,VideoTitle.value,18259,LUMO - Марк 9:30-10:31,,all-caps-token,true,true,SKIPPED_LOW_CONFIDENCE,,,
6_GOMark1508,VideoTitle.value,1942,LUMO - Markos 9:30-10:31,,all-caps-token,true,true,SKIPPED_LOW_CONFIDENCE,,,
6_GOMark1508,VideoTitle.value,21028,LUMO - Marcos 9:30-10:31,,all-caps-token,true,true,SKIPPED_LOW_CONFIDENCE,,,
6_GOMark1508,VideoTitle.value,21753,LUMO - 馬可福音 9:30-10:31,,all-caps-token,true,true,SKIPPED_LOW_CONFIDENCE,,,
6_GOMark1508,VideoTitle.value,21754,LUMO - 马可福音 9:30-10:31,,all-caps-token,true,true,SKIPPED_LOW_CONFIDENCE,,,
6_GOMark1508,VideoTitle.value,371,LUMO - Марк 9:30-10:31,,all-caps-token,true,true,SKIPPED_LOW_CONFIDENCE,,,
6_GOMark1508,VideoTitle.value,3887,LUMO - Mác 9:30-10:31,,all-caps-token,true,true,SKIPPED_LOW_CONFIDENCE,,,
6_GOMark1508,VideoTitle.value,3934,LUMO - Марк 9:30-10:31,,all-caps-token,true,true,SKIPPED_LOW_CONFIDENCE,,,
6_GOMark1508,VideoTitle.value,407,LUMO - مارک 9:30-10:31,,all-caps-token,true,true,SKIPPED_LOW_CONFIDENCE,,,
6_GOMark1508,VideoTitle.value,496,LUMO - Marc 9:30-10:31,,all-caps-token,true,true,SKIPPED_LOW_CONFIDENCE,,,
6_GOMark1508,VideoTitle.value,529,LUMO - Mark 9:30-10:31,,all-caps-token,true,true,SKIPPED_LOW_CONFIDENCE,,,
6_GOMark1508,VideoTitle.value,584,LUMO - Marcos 9:30-10:31,,all-caps-token,true,true,SKIPPED_LOW_CONFIDENCE,,,
6_GOMark1508,VideoTitle.value,6788,LUMO - مرقس ۹:۳۰-۱۰:۳۱,,all-caps-token,true,true,SKIPPED_LOW_CONFIDENCE,,,
6_GOMark1508,VideoTitle.value,6930,LUMO - מרקוס ט':30-10:31,,all-caps-token,true,true,SKIPPED_LOW_CONFIDENCE,,,
6_GOMatt2504,VideoTitle.value,1106,LUMO - Matthäus 6:1-7:23,,all-caps-token,true,true,SKIPPED_LOW_CONFIDENCE,,,
6_GOMatt2504,VideoTitle.value,12551,LUMO - Mateo 6:1-7:23,,all-caps-token,true,true,SKIPPED_LOW_CONFIDENCE,,,
6_GOMatt2504,VideoTitle.value,13169,LUMO - มัทธิว 6:1-7:23,,all-caps-token,true,true,SKIPPED_LOW_CONFIDENCE,,,
6_GOMatt2504,VideoTitle.value,143871,LUMO - Матай 6:1-7:23,,all-caps-token,true,true,SKIPPED_LOW_CONFIDENCE,,,
6_GOMatt2504,VideoTitle.value,16639,LUMO - Matius 6:1-7:23,,all-caps-token,true,true,SKIPPED_LOW_CONFIDENCE,,,
6_GOMatt2504,VideoTitle.value,18259,LUMO - Матай 6:1-7:23,,all-caps-token,true,true,SKIPPED_LOW_CONFIDENCE,,,
6_GOMatt2504,VideoTitle.value,1942,LUMO - Matta 6:1-7:23,,all-caps-token,true,true,SKIPPED_LOW_CONFIDENCE,,,
6_GOMatt2504,VideoTitle.value,21028,LUMO - Mateo 6:1-7:23,,all-caps-token,true,true,SKIPPED_LOW_CONFIDENCE,,,
6_GOMatt2504,VideoTitle.value,21753,LUMO - 馬太福音 6:1-7:23,,all-caps-token,true,true,SKIPPED_LOW_CONFIDENCE,,,
6_GOMatt2504,VideoTitle.value,371,LUMO - Матай 6:1-7:23,,all-caps-token,true,true,SKIPPED_LOW_CONFIDENCE,,,
6_GOMatt2504,VideoTitle.value,3887,LUMO - Ma-thi-ơ 6:1-7:23,,all-caps-token,true,true,SKIPPED_LOW_CONFIDENCE,,,
6_GOMatt2504,VideoTitle.value,3934,LUMO - Матфея 6:1-7:23,,all-caps-token,true,true,SKIPPED_LOW_CONFIDENCE,,,
6_GOMatt2504,VideoTitle.value,407,LUMO - Matthew 6:1-7:23,,all-caps-token,true,true,SKIPPED_LOW_CONFIDENCE,,,
6_GOMatt2504,VideoTitle.value,496,LUMO - Matthieu 6:1-7:23,,all-caps-token,true,true,SKIPPED_LOW_CONFIDENCE,,,
6_GOMatt2504,VideoTitle.value,529,LUMO - Matthew 6:1-7:23,,all-caps-token,true,true,SKIPPED_LOW_CONFIDENCE,,,
6_GOMatt2504,VideoTitle.value,584,LUMO - Mateus 6:1-7:23,,all-caps-token,true,true,SKIPPED_LOW_CONFIDENCE,,,
6_GOMatt2504,VideoTitle.value,6930,LUMO - מתי ו':1-7:23,,all-caps-token,true,true,SKIPPED_LOW_CONFIDENCE,,,
2_0-La_Busqueda_The_Search,VideoTitle.value,1106,La Búsqueda - Die Suche,,possible-multilingual-concatenation,true,true,SKIPPED_LOW_CONFIDENCE,,,
2_0-La_Busqueda_The_Search,VideoTitle.value,12551,La Búsqueda - Ang Paghahanap,,possible-multilingual-concatenation,true,true,SKIPPED_LOW_CONFIDENCE,,,
2_0-La_Busqueda_The_Search,VideoTitle.value,143871,Ла Бускеда - Хайлт,,possible-multilingual-concatenation,true,true,SKIPPED_LOW_CONFIDENCE,,,
2_0-La_Busqueda_The_Search,VideoTitle.value,16639,La Búsqueda - Pencarian,,possible-multilingual-concatenation,true,true,SKIPPED_LOW_CONFIDENCE,,,
2_0-La_Busqueda_The_Search,VideoTitle.value,18259,Ла Бускеда - Хайлт,,possible-multilingual-concatenation,true,true,SKIPPED_LOW_CONFIDENCE,,,
2_0-La_Busqueda_The_Search,VideoTitle.value,1942,La Búsqueda - Arayış,,possible-multilingual-concatenation,true,true,SKIPPED_LOW_CONFIDENCE,,,
2_0-La_Busqueda_The_Search,VideoTitle.value,371,La Busqueda - Іздеу,,possible-multilingual-concatenation,true,true,SKIPPED_LOW_CONFIDENCE,,,
2_0-La_Busqueda_The_Search,VideoTitle.value,3887,La Búsqueda - Cuộc Tìm Kiếm,,possible-multilingual-concatenation,true,true,SKIPPED_LOW_CONFIDENCE,,,
2_0-La_Busqueda_The_Search,VideoTitle.value,3934,La Búsqueda - Поиск,,possible-multilingual-concatenation,true,true,SKIPPED_LOW_CONFIDENCE,,,
2_0-La_Busqueda_The_Search,VideoTitle.value,529,La Búsqueda - The Search,,possible-multilingual-concatenation,true,true,SKIPPED_LOW_CONFIDENCE,,,
9_CreationtoChristFull,VideoTitle.value,3887,Câu chuyện từ Sáng thế đến Chúa Kitô - Video đầy đủ,,possible-multilingual-concatenation,true,true,SKIPPED_LOW_CONFIDENCE,,,
2_0-La-Liberte,VideoTitle.value,1106,La Liberté De L'Interieur - Die Innere Freiheit,,possible-multilingual-concatenation,true,true,SKIPPED_LOW_CONFIDENCE,,,
2_0-La-Liberte,VideoTitle.value,12551,La Liberté De L'Interieur - Kalayaan sa Loob,,possible-multilingual-concatenation,true,true,SKIPPED_LOW_CONFIDENCE,,,
2_0-La-Liberte,VideoTitle.value,143871,La Liberté De L'Interieur - Дотор эрх чөлөө,,possible-multilingual-concatenation,true,true,SKIPPED_LOW_CONFIDENCE,,,
2_0-La-Liberte,VideoTitle.value,16639,La Liberté De L'Interieur - Dalam Kebebasan,,possible-multilingual-concatenation,true,true,SKIPPED_LOW_CONFIDENCE,,,
2_0-La-Liberte,VideoTitle.value,18259,La Liberté De L'Interieur - Дотор эрх чөлөө,,possible-multilingual-concatenation,true,true,SKIPPED_LOW_CONFIDENCE,,,
2_0-La-Liberte,VideoTitle.value,21028,La Liberté de l'Interieur - La libertad del interior,,possible-multilingual-concatenation,true,true,SKIPPED_LOW_CONFIDENCE,,,
2_0-La-Liberte,VideoTitle.value,371,La Liberté De L'Interieur - Ішкі еркіндік,,possible-multilingual-concatenation,true,true,SKIPPED_LOW_CONFIDENCE,,,
2_0-La-Liberte,VideoTitle.value,496,La Liberté De L'Interieur - Liberté dans,,possible-multilingual-concatenation,true,true,SKIPPED_LOW_CONFIDENCE,,,
2_0-La-Liberte,VideoTitle.value,584,La Liberté de l'Interieur – A liberdade interna,,possible-multilingual-concatenation,true,true,SKIPPED_LOW_CONFIDENCE,,,
6_GOJohn2204,VideoTitle.value,1106,LUMO - Johannes 4:1-54,,all-caps-token,true,true,SKIPPED_LOW_CONFIDENCE,,,
6_GOJohn2204,VideoTitle.value,12551,LUMO - Juan 4:1-54,,all-caps-token,true,true,SKIPPED_LOW_CONFIDENCE,,,
6_GOJohn2204,VideoTitle.value,13169,LUMO - ยอห์น 4:1-54,,all-caps-token,true,true,SKIPPED_LOW_CONFIDENCE,,,
6_GOJohn2204,VideoTitle.value,143871,LUMO - Иохан 4:1-54,,all-caps-token,true,true,SKIPPED_LOW_CONFIDENCE,,,
6_GOJohn2204,VideoTitle.value,16639,LUMO - Yohanes 4:1-54,,all-caps-token,true,true,SKIPPED_LOW_CONFIDENCE,,,
6_GOJohn2204,VideoTitle.value,18259,LUMO - Иохан 4:1-54,,all-caps-token,true,true,SKIPPED_LOW_CONFIDENCE,,,
6_GOJohn2204,VideoTitle.value,1942,LUMO - Yuhanna 4:1-54,,all-caps-token,true,true,SKIPPED_LOW_CONFIDENCE,,,
6_GOJohn2204,VideoTitle.value,21028,LUMO - Juan 4:1-54,,all-caps-token,true,true,SKIPPED_LOW_CONFIDENCE,,,
6_GOJohn2204,VideoTitle.value,21753,LUMO - 約翰福音 4:1-54,,all-caps-token,true,true,SKIPPED_LOW_CONFIDENCE,,,
6_GOJohn2204,VideoTitle.value,21754,LUMO - 约翰福音 4:1-54,,all-caps-token,true,true,SKIPPED_LOW_CONFIDENCE,,,
6_GOJohn2204,VideoTitle.value,371,LUMO - Жохан 4:1-54,,all-caps-token,true,true,SKIPPED_LOW_CONFIDENCE,,,
6_GOJohn2204,VideoTitle.value,3887,LUMO - Giăng 4:1-54,,all-caps-token,true,true,SKIPPED_LOW_CONFIDENCE,,,
6_GOJohn2204,VideoTitle.value,3934,LUMO - Иоанна 4:1-54,,all-caps-token,true,true,SKIPPED_LOW_CONFIDENCE,,,
6_GOJohn2204,VideoTitle.value,496,LUMO - Jean 4:1-54,,all-caps-token,true,true,SKIPPED_LOW_CONFIDENCE,,,
6_GOJohn2204,VideoTitle.value,529,LUMO - John 4:1-54,,all-caps-token,true,true,SKIPPED_LOW_CONFIDENCE,,,
6_GOJohn2204,VideoTitle.value,584,LUMO - João 4:1-54,,all-caps-token,true,true,SKIPPED_LOW_CONFIDENCE,,,
6_GOJohn2204,VideoTitle.value,6930,LUMO - יוחנן ד':1-54,,all-caps-token,true,true,SKIPPED_LOW_CONFIDENCE,,,
JFM1,VideoTitle.value,1106,JFM-Kollektion,,all-caps-token,true,true,SKIPPED_LOW_CONFIDENCE,,,
JFM1,VideoTitle.value,139485,مجموعة JFM,,all-caps-token,true,true,SKIPPED_LOW_CONFIDENCE,,,
JFM1,VideoTitle.value,16639,Koleksi JFM,,all-caps-token,true,true,SKIPPED_LOW_CONFIDENCE,,,
JFM1,VideoTitle.value,1942,JFM Koleksiyonu,,all-caps-token,true,true,SKIPPED_LOW_CONFIDENCE,,,
JFM1,VideoTitle.value,21028,Colección JFM,,all-caps-token,true,true,SKIPPED_LOW_CONFIDENCE,,,
JFM1,VideoTitle.value,21753,耶穌影業傳媒(JFM)系列,,all-caps-token,true,true,SKIPPED_LOW_CONFIDENCE,,,
JFM1,VideoTitle.value,21754,JFM 合集,,all-caps-token,true,true,SKIPPED_LOW_CONFIDENCE,,,
JFM1,VideoTitle.value,22658,مجموعة JFM,,all-caps-token,true,true,SKIPPED_LOW_CONFIDENCE,,,
JFM1,VideoTitle.value,3887,"Bộ Sưu Tập JFM
(Sưu Tập Phim truyền thông về Chúa Jêsus)",,all-caps-token,true,true,SKIPPED_LOW_CONFIDENCE,,,
JFM1,VideoTitle.value,3934,"Коллекция ""JFM""",,all-caps-token,true,true,SKIPPED_LOW_CONFIDENCE,,,
JFM1,VideoTitle.value,496, Collection JFM,,leading-or-trailing-whitespace;all-caps-token,true,true,SKIPPED_LOW_CONFIDENCE,,,
JFM1,VideoTitle.value,529,JFM Collection,,all-caps-token,true,true,SKIPPED_LOW_CONFIDENCE,,,
JFM1,VideoTitle.value,584,Coleção JFM,,all-caps-token,true,true,SKIPPED_LOW_CONFIDENCE,,,
JFM1,VideoTitle.value,7083,JFM コレクション,,all-caps-token,true,true,SKIPPED_LOW_CONFIDENCE,,,
1_cl1301-0-0,VideoTitle.value,16639,Klub Cerita : Kelahiran Yesus,,possible-multilingual-concatenation,true,true,SKIPPED_LOW_CONFIDENCE,,,
1_cl1302-0-0,VideoTitle.value,16639,Klub Cerita : Kisah Kanak-kanak Yesus,,possible-multilingual-concatenation,true,true,SKIPPED_LOW_CONFIDENCE,,,
1_cl1305-0-0,VideoTitle.value,16639,Klub Cerita : Pengampunan Wanita Berdosa,,possible-multilingual-concatenation,true,true,SKIPPED_LOW_CONFIDENCE,,,
1_cl1308-0-0,VideoTitle.value,16639,Klub Cerita : Kesembuhan Bartimeus,,possible-multilingual-concatenation,true,true,SKIPPED_LOW_CONFIDENCE,,,
1_cl1309-0-0,VideoTitle.value,16639,Klub Cerita : Yesus dan Zakheus,,possible-multilingual-concatenation,true,true,SKIPPED_LOW_CONFIDENCE,,,
1_jf6108-0-0,VideoTitle.value,1106,Wunder - Fischfang,,possible-multilingual-concatenation,true,true,SKIPPED_LOW_CONFIDENCE,,,
1_cl1312-0-0,VideoTitle.value,16639,Klub Cerita : Penyaliban Yesus,,possible-multilingual-concatenation,true,true,SKIPPED_LOW_CONFIDENCE,,,
1_cl1313-0-0,VideoTitle.value,16639,Klub Cerita : Kubur itu Kosong,,possible-multilingual-concatenation,true,true,SKIPPED_LOW_CONFIDENCE,,,
1_wl604444-0-0,VideoTitle.value,1106,Ein christliches Leben leben,,duplicated-word,true,true,SKIPPED_LOW_CONFIDENCE,,,
1_wl71-0-0,VideoTitle.value,3934,Иисус - Любовь Которая Идёт по Пятам,,possible-multilingual-concatenation,true,true,SKIPPED_LOW_CONFIDENCE,,,
1_wl72-0-0,VideoTitle.value,3934,Иисус - Милость Которая Прощает,,possible-multilingual-concatenation,true,true,SKIPPED_LOW_CONFIDENCE,,,
1_wl73-0-0,VideoTitle.value,3934,Иисус - Сила Жизни,,possible-multilingual-concatenation,true,true,SKIPPED_LOW_CONFIDENCE,,,
1_wl74-0-0,VideoTitle.value,3934,Иисус - Сила Освобождения,,possible-multilingual-concatenation,true,true,SKIPPED_LOW_CONFIDENCE,,,
1_wl75-0-0,VideoTitle.value,3934,Иисус - Сострадание Которое Обеспечивает ,,leading-or-trailing-whitespace;possible-multilingual-concatenation,true,true,SKIPPED_LOW_CONFIDENCE,,,
1_wl76-0-0,VideoTitle.value,3934,Иисус - Полное Восстановление ,,leading-or-trailing-whitespace;possible-multilingual-concatenation,true,true,SKIPPED_LOW_CONFIDENCE,,,
1_wl77-0-0,VideoTitle.value,3934,Иисус - Вода Живая,,possible-multilingual-concatenation,true,true,SKIPPED_LOW_CONFIDENCE,,,
6_GOJohn2203,VideoTitle.value,1106,LUMO - Johannes 2:23-3:36,,all-caps-token,true,true,SKIPPED_LOW_CONFIDENCE,,,
6_GOJohn2203,VideoTitle.value,12551,LUMO - Juan 2:23-3:36,,all-caps-token,true,true,SKIPPED_LOW_CONFIDENCE,,,
6_GOJohn2203,VideoTitle.value,13169,LUMO - ยอห์น 2:23-3:36,,all-caps-token,true,true,SKIPPED_LOW_CONFIDENCE,,,
6_GOJohn2203,VideoTitle.value,143871,LUMO - Иохан 2:23-3:36,,all-caps-token,true,true,SKIPPED_LOW_CONFIDENCE,,,
6_GOJohn2203,VideoTitle.value,16639,LUMO - Yohanes 2:23-3:36,,all-caps-token,true,true,SKIPPED_LOW_CONFIDENCE,,,
6_GOJohn2203,VideoTitle.value,18259,LUMO - Иохан 2:23-3:36,,all-caps-token,true,true,SKIPPED_LOW_CONFIDENCE,,,
6_GOJohn2203,VideoTitle.value,1942,LUMO - Yuhanna 2:23-3:36,,all-caps-token,true,true,SKIPPED_LOW_CONFIDENCE,,,
6_GOJohn2203,VideoTitle.value,21028,LUMO - Juan 2:23-3:36,,all-caps-token,true,true,SKIPPED_LOW_CONFIDENCE,,,
6_GOJohn2203,VideoTitle.value,21753,LUMO - 約翰福音 2:23-3:36,,all-caps-token,true,true,SKIPPED_LOW_CONFIDENCE,,,
6_GOJohn2203,VideoTitle.value,21754,LUMO - 约翰福音 2:23-3:36,,all-caps-token,true,true,SKIPPED_LOW_CONFIDENCE,,,
6_GOJohn2203,VideoTitle.value,371,LUMO - Жохан 2:23-3:36,,all-caps-token,true,true,SKIPPED_LOW_CONFIDENCE,,,
6_GOJohn2203,VideoTitle.value,3887,LUMO - Giăng 2:23-3:36,,all-caps-token,true,true,SKIPPED_LOW_CONFIDENCE,,,
6_GOJohn2203,VideoTitle.value,3934,LUMO - Иоанна 2:23-3:36,,all-caps-token,true,true,SKIPPED_LOW_CONFIDENCE,,,
6_GOJohn2203,VideoTitle.value,496,LUMO - Jean 2:23-3:36,,all-caps-token,true,true,SKIPPED_LOW_CONFIDENCE,,,
6_GOJohn2203,VideoTitle.value,529,LUMO - John 2:23-3:36,,all-caps-token,true,true,SKIPPED_LOW_CONFIDENCE,,,
6_GOJohn2203,VideoTitle.value,584,LUMO - João 2:23-3:36,,all-caps-token,true,true,SKIPPED_LOW_CONFIDENCE,,,
6_GOJohn2203,VideoTitle.value,6930,LUMO - יוחנן ב':23-3:36,,all-caps-token,true,true,SKIPPED_LOW_CONFIDENCE,,,
6_GOJohn2205,VideoTitle.value,1106,LUMO - Johannes 5:1-47,,all-caps-token,true,true,SKIPPED_LOW_CONFIDENCE,,,
6_GOJohn2205,VideoTitle.value,12551,LUMO - Juan 5:1-47,,all-caps-token,true,true,SKIPPED_LOW_CONFIDENCE,,,
6_GOJohn2205,VideoTitle.value,13169,LUMO - ยอห์น 5:1-47,,all-caps-token,true,true,SKIPPED_LOW_CONFIDENCE,,,
6_GOJohn2205,VideoTitle.value,139485,LUMO - يوحنا 5: 1-47,,all-caps-token,true,true,SKIPPED_LOW_CONFIDENCE,,,
6_GOJohn2205,VideoTitle.value,143871,LUMO - Иохан 5:1-47,,all-caps-token,true,true,SKIPPED_LOW_CONFIDENCE,,,
6_GOJohn2205,VideoTitle.value,16639,LUMO - Yohanes 5:1-47,,all-caps-token,true,true,SKIPPED_LOW_CONFIDENCE,,,
6_GOJohn2205,VideoTitle.value,18259,LUMO - Иохан 5:1-47,,all-caps-token,true,true,SKIPPED_LOW_CONFIDENCE,,,
6_GOJohn2205,VideoTitle.value,1942,LUMO - Yuhanna 5:1-47,,all-caps-token,true,true,SKIPPED_LOW_CONFIDENCE,,,
6_GOJohn2205,VideoTitle.value,21028,LUMO - Juan 5:1-47,,all-caps-token,true,true,SKIPPED_LOW_CONFIDENCE,,,
6_GOJohn2205,VideoTitle.value,21753,LUMO - 約翰福音 5:1-47,,all-caps-token,true,true,SKIPPED_LOW_CONFIDENCE,,,
6_GOJohn2205,VideoTitle.value,21754,LUMO - 约翰福音 5:1-47,,all-caps-token,true,true,SKIPPED_LOW_CONFIDENCE,,,
6_GOJohn2205,VideoTitle.value,22658,LUMO - يوحنا 5: 1-47,,all-caps-token,true,true,SKIPPED_LOW_CONFIDENCE,,,
6_GOJohn2205,VideoTitle.value,371,LUMO - Жохан 5:1-47,,all-caps-token,true,true,SKIPPED_LOW_CONFIDENCE,,,
6_GOJohn2205,VideoTitle.value,3887,LUMO - Giăng 5:1-47,,all-caps-token,true,true,SKIPPED_LOW_CONFIDENCE,,,
6_GOJohn2205,VideoTitle.value,3934,LUMO - Иоанна 5:1-47,,all-caps-token,true,true,SKIPPED_LOW_CONFIDENCE,,,
6_GOJohn2205,VideoTitle.value,496,LUMO - Jean 5:1-47,,all-caps-token,true,true,SKIPPED_LOW_CONFIDENCE,,,
6_GOJohn2205,VideoTitle.value,529,LUMO - John 5:1-47,,all-caps-token,true,true,SKIPPED_LOW_CONFIDENCE,,,
6_GOJohn2205,VideoTitle.value,584,LUMO - João 5:1-47,,all-caps-token,true,true,SKIPPED_LOW_CONFIDENCE,,,
6_GOJohn2205,VideoTitle.value,6930,LUMO - יוחנן 5:1-47,,all-caps-token,true,true,SKIPPED_LOW_CONFIDENCE,,,
6_GOJohn2208,VideoTitle.value,1106,LUMO - Johannes 7:45-8:30,,all-caps-token,true,true,SKIPPED_LOW_CONFIDENCE,,,
6_GOJohn2208,VideoTitle.value,12551,LUMO - Juan 7:45-8:30,,all-caps-token,true,true,SKIPPED_LOW_CONFIDENCE,,,
6_GOJohn2208,VideoTitle.value,13169,LUMO - ยอห์น 7:45-8:30,,all-caps-token,true,true,SKIPPED_LOW_CONFIDENCE,,,
6_GOJohn2208,VideoTitle.value,143871,LUMO - Иохан 7:45-8:30,,all-caps-token,true,true,SKIPPED_LOW_CONFIDENCE,,,
6_GOJohn2208,VideoTitle.value,16639,LUMO - Yohanes 7:45-8:30,,all-caps-token,true,true,SKIPPED_LOW_CONFIDENCE,,,
6_GOJohn2208,VideoTitle.value,18259,LUMO - Иохан 7:45-8:30,,all-caps-token,true,true,SKIPPED_LOW_CONFIDENCE,,,
6_GOJohn2208,VideoTitle.value,1942,LUMO - Yuhanna 7:45-8:30,,all-caps-token,true,true,SKIPPED_LOW_CONFIDENCE,,,
6_GOJohn2208,VideoTitle.value,21028,LUMO - Juan 7:45-8:30,,all-caps-token,true,true,SKIPPED_LOW_CONFIDENCE,,,
6_GOJohn2208,VideoTitle.value,21753,LUMO - 約翰福音 7:45-8:30,,all-caps-token,true,true,SKIPPED_LOW_CONFIDENCE,,,
6_GOJohn2208,VideoTitle.value,21754,LUMO - 约翰福音 7:45-8:30,,all-caps-token,true,true,SKIPPED_LOW_CONFIDENCE,,,
6_GOJohn2208,VideoTitle.value,371,LUMO - Жохан 7:45-8:30,,all-caps-token,true,true,SKIPPED_LOW_CONFIDENCE,,,
6_GOJohn2208,VideoTitle.value,3887,LUMO - Giăng 7:45-8:30,,all-caps-token,true,true,SKIPPED_LOW_CONFIDENCE,,,
6_GOJohn2208,VideoTitle.value,3934,LUMO - Иоанна 7:45-8:30,,all-caps-token,true,true,SKIPPED_LOW_CONFIDENCE,,,
6_GOJohn2208,VideoTitle.value,496,LUMO - Jean 7:45-8:30,,all-caps-token,true,true,SKIPPED_LOW_CONFIDENCE,,,
6_GOJohn2208,VideoTitle.value,529,LUMO - John 7:45-8:30,,all-caps-token,true,true,SKIPPED_LOW_CONFIDENCE,,,
6_GOJohn2208,VideoTitle.value,584,LUMO - João 7:45-8:30,,all-caps-token,true,true,SKIPPED_LOW_CONFIDENCE,,,
6_GOJohn2208,VideoTitle.value,6930,LUMO - יוחנן 7:45-8:30,,all-caps-token,true,true,SKIPPED_LOW_CONFIDENCE,,,
6_GOJohn2212,VideoTitle.value,1106,LUMO - Johannes 11:1-57,,all-caps-token,true,true,SKIPPED_LOW_CONFIDENCE,,,
6_GOJohn2212,VideoTitle.value,12551,LUMO - Juan 11:1-57,,all-caps-token,true,true,SKIPPED_LOW_CONFIDENCE,,,
6_GOJohn2212,VideoTitle.value,13169,LUMO - ยอห์น 11:1-57,,all-caps-token,true,true,SKIPPED_LOW_CONFIDENCE,,,
6_GOJohn2212,VideoTitle.value,143871,LUMO - Иохан 11:1-57,,all-caps-token,true,true,SKIPPED_LOW_CONFIDENCE,,,
6_GOJohn2212,VideoTitle.value,16639,LUMO - Yohanes 11:1-57,,all-caps-token,true,true,SKIPPED_LOW_CONFIDENCE,,,
6_GOJohn2212,VideoTitle.value,18259,LUMO - Иохан 11:1-57,,all-caps-token,true,true,SKIPPED_LOW_CONFIDENCE,,,
6_GOJohn2212,VideoTitle.value,1942,LUMO - Yuhanna 11:1-57,,all-caps-token,true,true,SKIPPED_LOW_CONFIDENCE,,,
6_GOJohn2212,VideoTitle.value,21028,LUMO - Juan 11:1-57,,all-caps-token,true,true,SKIPPED_LOW_CONFIDENCE,,,
6_GOJohn2212,VideoTitle.value,21753,LUMO - 約翰福音 11:1-57,,all-caps-token,true,true,SKIPPED_LOW_CONFIDENCE,,,
6_GOJohn2212,VideoTitle.value,21754,LUMO - 约翰福音 11:1-57,,all-caps-token,true,true,SKIPPED_LOW_CONFIDENCE,,,
6_GOJohn2212,VideoTitle.value,371,LUMO - Жохан 11:1-57,,all-caps-token,true,true,SKIPPED_LOW_CONFIDENCE,,,
6_GOJohn2212,VideoTitle.value,3887,LUMO - Giăng 11:1-57,,all-caps-token,true,true,SKIPPED_LOW_CONFIDENCE,,,
6_GOJohn2212,VideoTitle.value,3934,LUMO - Иоанна 11:1-57,,all-caps-token,true,true,SKIPPED_LOW_CONFIDENCE,,,
6_GOJohn2212,VideoTitle.value,496,LUMO - Jean 11:1-57,,all-caps-token,true,true,SKIPPED_LOW_CONFIDENCE,,,
6_GOJohn2212,VideoTitle.value,529,LUMO - John 11:1-57,,all-caps-token,true,true,SKIPPED_LOW_CONFIDENCE,,,
6_GOJohn2212,VideoTitle.value,584,LUMO - João 11:1-57,,all-caps-token,true,true,SKIPPED_LOW_CONFIDENCE,,,
6_GOJohn2212,VideoTitle.value,6930,LUMO - יוחנן 11:1-57,,all-caps-token,true,true,SKIPPED_LOW_CONFIDENCE,,,
6_GOJohn2213,VideoTitle.value,1106,LUMO - Johannes 12:1-50,,all-caps-token,true,true,SKIPPED_LOW_CONFIDENCE,,,
6_GOJohn2213,VideoTitle.value,12551,LUMO - Juan 12:1-50,,all-caps-token,true,true,SKIPPED_LOW_CONFIDENCE,,,
6_GOJohn2213,VideoTitle.value,13169,LUMO - ยอห์น 12:1-50,,all-caps-token,true,true,SKIPPED_LOW_CONFIDENCE,,,
6_GOJohn2213,VideoTitle.value,143871,LUMO - Иохан 12:1-50,,all-caps-token,true,true,SKIPPED_LOW_CONFIDENCE,,,
6_GOJohn2213,VideoTitle.value,16639,LUMO - Yohanes 12:1-50,,all-caps-token,true,true,SKIPPED_LOW_CONFIDENCE,,,
6_GOJohn2213,VideoTitle.value,18259,LUMO - Иохан 12:1-50,,all-caps-token,true,true,SKIPPED_LOW_CONFIDENCE,,,
6_GOJohn2213,VideoTitle.value,1942,LUMO - Yuhanna 12:1-50,,all-caps-token,true,true,SKIPPED_LOW_CONFIDENCE,,,
6_GOJohn2213,VideoTitle.value,21028,LUMO - Juan 12:1-50,,all-caps-token,true,true,SKIPPED_LOW_CONFIDENCE,,,
6_GOJohn2213,VideoTitle.value,21753,LUMO - 約翰福音 12:1-50,,all-caps-token,true,true,SKIPPED_LOW_CONFIDENCE,,,
6_GOJohn2213,VideoTitle.value,21754,LUMO - 约翰福音 12：1-50,,all-caps-token,true,true,SKIPPED_LOW_CONFIDENCE,,,
6_GOJohn2213,VideoTitle.value,371,LUMO - Жохан 12:1-50,,all-caps-token,true,true,SKIPPED_LOW_CONFIDENCE,,,
6_GOJohn2213,VideoTitle.value,3887,LUMO - Giăng 12:1-50,,all-caps-token,true,true,SKIPPED_LOW_CONFIDENCE,,,
6_GOJohn2213,VideoTitle.value,3934,LUMO - Иоанна 12:1-50,,all-caps-token,true,true,SKIPPED_LOW_CONFIDENCE,,,
6_GOJohn2213,VideoTitle.value,496,LUMO - Jean 12:1-50,,all-caps-token,true,true,SKIPPED_LOW_CONFIDENCE,,,
6_GOJohn2213,VideoTitle.value,529,LUMO - John 12:1-50,,all-caps-token,true,true,SKIPPED_LOW_CONFIDENCE,,,
6_GOJohn2213,VideoTitle.value,584,LUMO - João 12:1-50,,all-caps-token,true,true,SKIPPED_LOW_CONFIDENCE,,,
6_GOJohn2213,VideoTitle.value,6930,LUMO - יוחנן 12:1-50,,all-caps-token,true,true,SKIPPED_LOW_CONFIDENCE,,,
6_GOJohn2214,VideoTitle.value,1106,LUMO - Johannes 13:1-38,,all-caps-token,true,true,SKIPPED_LOW_CONFIDENCE,,,
6_GOJohn2214,VideoTitle.value,12551,LUMO - Juan 13:1-38,,all-caps-token,true,true,SKIPPED_LOW_CONFIDENCE,,,
6_GOJohn2214,VideoTitle.value,13169,LUMO - ยอห์น 13:1-38,,all-caps-token,true,true,SKIPPED_LOW_CONFIDENCE,,,
6_GOJohn2214,VideoTitle.value,143871,LUMO - Иохан 13:1-38,,all-caps-token,true,true,SKIPPED_LOW_CONFIDENCE,,,
6_GOJohn2214,VideoTitle.value,16639,LUMO - Yohanes 13:1-38,,all-caps-token,true,true,SKIPPED_LOW_CONFIDENCE,,,
6_GOJohn2214,VideoTitle.value,18259,LUMO - Иохан 13:1-38,,all-caps-token,true,true,SKIPPED_LOW_CONFIDENCE,,,
6_GOJohn2214,VideoTitle.value,1942,LUMO - Yuhanna 13:1-38,,all-caps-token,true,true,SKIPPED_LOW_CONFIDENCE,,,
6_GOJohn2214,VideoTitle.value,21028,LUMO - Juan 13:1-38,,all-caps-token,true,true,SKIPPED_LOW_CONFIDENCE,,,
6_GOJohn2214,VideoTitle.value,21753,LUMO - 約翰福音 13:1-38,,all-caps-token,true,true,SKIPPED_LOW_CONFIDENCE,,,
6_GOJohn2214,VideoTitle.value,21754,LUMO - 约翰 13:1-38,,all-caps-token,true,true,SKIPPED_LOW_CONFIDENCE,,,
6_GOJohn2214,VideoTitle.value,371,LUMO - Жохан 13:1-38,,all-caps-token,true,true,SKIPPED_LOW_CONFIDENCE,,,
6_GOJohn2214,VideoTitle.value,3887,LUMO - Giăng 13:1-38,,all-caps-token,true,true,SKIPPED_LOW_CONFIDENCE,,,
6_GOJohn2214,VideoTitle.value,3934,LUMO - Иоанна 13:1-38,,all-caps-token,true,true,SKIPPED_LOW_CONFIDENCE,,,
6_GOJohn2214,VideoTitle.value,496,LUMO - Jean 13:1-38,,all-caps-token,true,true,SKIPPED_LOW_CONFIDENCE,,,
6_GOJohn2214,VideoTitle.value,529,LUMO - John 13:1-38,,all-caps-token,true,true,SKIPPED_LOW_CONFIDENCE,,,
6_GOJohn2214,VideoTitle.value,584,LUMO - João 13:1-38,,all-caps-token,true,true,SKIPPED_LOW_CONFIDENCE,,,
6_GOJohn2214,VideoTitle.value,6930,LUMO - יוחנן 13:1-38,,all-caps-token,true,true,SKIPPED_LOW_CONFIDENCE,,,
6_GOLuke2604,VideoTitle.value,1106,LUMO - Lukas 4:1-44,,all-caps-token,true,true,SKIPPED_LOW_CONFIDENCE,,,
6_GOLuke2604,VideoTitle.value,12551,LUMO - Lucas 4:1-44,,all-caps-token,true,true,SKIPPED_LOW_CONFIDENCE,,,
6_GOLuke2604,VideoTitle.value,13169,LUMO - ลูกา 4:1-44,,all-caps-token,true,true,SKIPPED_LOW_CONFIDENCE,,,
6_GOLuke2604,VideoTitle.value,143871,LUMO - Лук 4:1-44,,all-caps-token,true,true,SKIPPED_LOW_CONFIDENCE,,,
6_GOLuke2604,VideoTitle.value,16639,LUMO - Lukas 4:1-44,,all-caps-token,true,true,SKIPPED_LOW_CONFIDENCE,,,
6_GOLuke2604,VideoTitle.value,18259,LUMO - Лук 4:1-44,,all-caps-token,true,true,SKIPPED_LOW_CONFIDENCE,,,
6_GOLuke2604,VideoTitle.value,1942,LUMO - Luka 4:1-44,,all-caps-token,true,true,SKIPPED_LOW_CONFIDENCE,,,
6_GOLuke2604,VideoTitle.value,21028,LUMO - Lucas 4:1-44,,all-caps-token,true,true,SKIPPED_LOW_CONFIDENCE,,,
6_GOLuke2604,VideoTitle.value,21753,LUMO - 路加福音 4:1-44,,all-caps-token,true,true,SKIPPED_LOW_CONFIDENCE,,,
6_GOLuke2604,VideoTitle.value,371,LUMO - Лұқа 4:1-44,,all-caps-token,true,true,SKIPPED_LOW_CONFIDENCE,,,
6_GOLuke2604,VideoTitle.value,3887,LUMO - Lu-ca 4:1-44,,all-caps-token,true,true,SKIPPED_LOW_CONFIDENCE,,,
6_GOLuke2604,VideoTitle.value,3934,LUMO - Лука 4:1-44,,all-caps-token,true,true,SKIPPED_LOW_CONFIDENCE,,,
6_GOLuke2604,VideoTitle.value,407,LUMO - لوقا 4:1-44,,all-caps-token,true,true,SKIPPED_LOW_CONFIDENCE,,,
6_GOLuke2604,VideoTitle.value,496,LUMO - Luc 4:1-44,,all-caps-token,true,true,SKIPPED_LOW_CONFIDENCE,,,
6_GOLuke2604,VideoTitle.value,529,LUMO - Luke 4:1-44,,all-caps-token,true,true,SKIPPED_LOW_CONFIDENCE,,,
6_GOLuke2604,VideoTitle.value,584,LUMO - Lucas 4:1-44,,all-caps-token,true,true,SKIPPED_LOW_CONFIDENCE,,,
6_GOLuke2604,VideoTitle.value,6788,LUMO - لوقا 4:1-44,,all-caps-token,true,true,SKIPPED_LOW_CONFIDENCE,,,
6_GOLuke2604,VideoTitle.value,6930,LUMO - לוקס 4:1-44,,all-caps-token,true,true,SKIPPED_LOW_CONFIDENCE,,,
6_GOLuke2606,VideoTitle.value,1106,LUMO - Lukas 6:1-49,,all-caps-token,true,true,SKIPPED_LOW_CONFIDENCE,,,
6_GOLuke2606,VideoTitle.value,12551,LUMO - Lucas 6:1-49,,all-caps-token,true,true,SKIPPED_LOW_CONFIDENCE,,,
6_GOLuke2606,VideoTitle.value,13169,LUMO - ลูกา 6:1-49,,all-caps-token,true,true,SKIPPED_LOW_CONFIDENCE,,,
6_GOLuke2606,VideoTitle.value,143871,LUMO - Лук 6:1-49,,all-caps-token,true,true,SKIPPED_LOW_CONFIDENCE,,,
6_GOLuke2606,VideoTitle.value,16639,LUMO - Lukas 6:1-49,,all-caps-token,true,true,SKIPPED_LOW_CONFIDENCE,,,
6_GOLuke2606,VideoTitle.value,18259,LUMO - Лук 6:1-49,,all-caps-token,true,true,SKIPPED_LOW_CONFIDENCE,,,
6_GOLuke2606,VideoTitle.value,1942,LUMO - Luka 6:1-49,,all-caps-token,true,true,SKIPPED_LOW_CONFIDENCE,,,
6_GOLuke2606,VideoTitle.value,21028,LUMO - Lucas 6:1-49,,all-caps-token,true,true,SKIPPED_LOW_CONFIDENCE,,,
6_GOLuke2606,VideoTitle.value,21753,LUMO - 路加福音 6:1-49,,all-caps-token,true,true,SKIPPED_LOW_CONFIDENCE,,,
6_GOLuke2606,VideoTitle.value,371,LUMO - Лұқа 6:1-49,,all-caps-token,true,true,SKIPPED_LOW_CONFIDENCE,,,
6_GOLuke2606,VideoTitle.value,3887,LUMO - Lc 6:1-49,,all-caps-token,true,true,SKIPPED_LOW_CONFIDENCE,,,
6_GOLuke2606,VideoTitle.value,3934,LUMO - Лука 6:1-49,,all-caps-token,true,true,SKIPPED_LOW_CONFIDENCE,,,
6_GOLuke2606,VideoTitle.value,407,LUMO - لوقا 6:1-49,,all-caps-token,true,true,SKIPPED_LOW_CONFIDENCE,,,
6_GOLuke2606,VideoTitle.value,496,LUMO - Luc 6:1-49,,all-caps-token,true,true,SKIPPED_LOW_CONFIDENCE,,,
6_GOLuke2606,VideoTitle.value,529,LUMO - Luke 6:1-49,,all-caps-token,true,true,SKIPPED_LOW_CONFIDENCE,,,
6_GOLuke2606,VideoTitle.value,584,LUMO - Lucas 6:1-49,,all-caps-token,true,true,SKIPPED_LOW_CONFIDENCE,,,
6_GOLuke2606,VideoTitle.value,6788,LUMO - لوقا 6:1-49,,all-caps-token,true,true,SKIPPED_LOW_CONFIDENCE,,,
6_GOLuke2606,VideoTitle.value,6930,LUMO - לוקס ו':1-49,,all-caps-token,true,true,SKIPPED_LOW_CONFIDENCE,,,
6_GOLuke2607,VideoTitle.value,1106,LUMO - Lukas 7:1-50,,all-caps-token,true,true,SKIPPED_LOW_CONFIDENCE,,,
6_GOLuke2607,VideoTitle.value,12551,LUMO - Lucas 7:1-50,,all-caps-token,true,true,SKIPPED_LOW_CONFIDENCE,,,
6_GOLuke2607,VideoTitle.value,13169,LUMO - ลูกา 7:1-50,,all-caps-token,true,true,SKIPPED_LOW_CONFIDENCE,,,
6_GOLuke2607,VideoTitle.value,143871,LUMO - Лук 7:1-50,,all-caps-token,true,true,SKIPPED_LOW_CONFIDENCE,,,
6_GOLuke2607,VideoTitle.value,16639,LUMO - Lukas 7:1-50,,all-caps-token,true,true,SKIPPED_LOW_CONFIDENCE,,,
6_GOLuke2607,VideoTitle.value,18259,LUMO - Лук 7:1-50,,all-caps-token,true,true,SKIPPED_LOW_CONFIDENCE,,,
6_GOLuke2607,VideoTitle.value,1942,LUMO - Luka 7:1-50,,all-caps-token,true,true,SKIPPED_LOW_CONFIDENCE,,,
6_GOLuke2607,VideoTitle.value,21028,LUMO - Lucas 7:1-50,,all-caps-token,true,true,SKIPPED_LOW_CONFIDENCE,,,
6_GOLuke2607,VideoTitle.value,21753,LUMO - 路加福音 7:1-50,,all-caps-token,true,true,SKIPPED_LOW_CONFIDENCE,,,
6_GOLuke2607,VideoTitle.value,371,LUMO - Лұқа 7:1-50,,all-caps-token,true,true,SKIPPED_LOW_CONFIDENCE,,,
6_GOLuke2607,VideoTitle.value,3887,LUMO - Lc 7:1-50,,all-caps-token,true,true,SKIPPED_LOW_CONFIDENCE,,,
6_GOLuke2607,VideoTitle.value,3934,LUMO - Лука 7:1-50,,all-caps-token,true,true,SKIPPED_LOW_CONFIDENCE,,,
6_GOLuke2607,VideoTitle.value,407,LUMO - لوقا 7:1-50,,all-caps-token,true,true,SKIPPED_LOW_CONFIDENCE,,,
6_GOLuke2607,VideoTitle.value,496,LUMO - Luc 7:1-50,,all-caps-token,true,true,SKIPPED_LOW_CONFIDENCE,,,
6_GOLuke2607,VideoTitle.value,529,LUMO - Luke 7:1-50,,all-caps-token,true,true,SKIPPED_LOW_CONFIDENCE,,,
6_GOLuke2607,VideoTitle.value,584,LUMO - Lucas 7:1-50,,all-caps-token,true,true,SKIPPED_LOW_CONFIDENCE,,,
6_GOLuke2607,VideoTitle.value,6788,LUMO - لوقا 7:1-50,,all-caps-token,true,true,SKIPPED_LOW_CONFIDENCE,,,
6_GOLuke2607,VideoTitle.value,6930,LUMO - לוקס ז':1-50,,all-caps-token,true,true,SKIPPED_LOW_CONFIDENCE,,,
6_GOLuke2610,VideoTitle.value,1106,LUMO - Lukas 9:18-62,,all-caps-token,true,true,SKIPPED_LOW_CONFIDENCE,,,
6_GOLuke2610,VideoTitle.value,12551,LUMO - Lucas 9:18-62,,all-caps-token,true,true,SKIPPED_LOW_CONFIDENCE,,,
6_GOLuke2610,VideoTitle.value,13169,LUMO - ลูกา 9:18-62,,all-caps-token,true,true,SKIPPED_LOW_CONFIDENCE,,,
6_GOLuke2610,VideoTitle.value,143871,LUMO - Лук 9:18-62,,all-caps-token,true,true,SKIPPED_LOW_CONFIDENCE,,,
6_GOLuke2610,VideoTitle.value,16639,LUMO - Lukas 9:18-62,,all-caps-token,true,true,SKIPPED_LOW_CONFIDENCE,,,
6_GOLuke2610,VideoTitle.value,18259,LUMO - Лук 9:18-62,,all-caps-token,true,true,SKIPPED_LOW_CONFIDENCE,,,
6_GOLuke2610,VideoTitle.value,1942,LUMO - Luka 9:18-62,,all-caps-token,true,true,SKIPPED_LOW_CONFIDENCE,,,
6_GOLuke2610,VideoTitle.value,21028,LUMO - Lucas 9:18-62,,all-caps-token,true,true,SKIPPED_LOW_CONFIDENCE,,,
6_GOLuke2610,VideoTitle.value,21753,LUMO - 路加福音 9:18-62,,all-caps-token,true,true,SKIPPED_LOW_CONFIDENCE,,,
6_GOLuke2610,VideoTitle.value,371,LUMO - Лұқа 9:18-62,,all-caps-token,true,true,SKIPPED_LOW_CONFIDENCE,,,
6_GOLuke2610,VideoTitle.value,3887,LUMO - Lc 9:18-62,,all-caps-token,true,true,SKIPPED_LOW_CONFIDENCE,,,
6_GOLuke2610,VideoTitle.value,3934,LUMO - Луки 9:18-62,,all-caps-token,true,true,SKIPPED_LOW_CONFIDENCE,,,
6_GOLuke2610,VideoTitle.value,407,LUMO - لوقا 9:18-62,,all-caps-token,true,true,SKIPPED_LOW_CONFIDENCE,,,
6_GOLuke2610,VideoTitle.value,496,LUMO - Luc 9:18-62,,all-caps-token,true,true,SKIPPED_LOW_CONFIDENCE,,,
6_GOLuke2610,VideoTitle.value,529,LUMO - Luke 9:18-62,,all-caps-token,true,true,SKIPPED_LOW_CONFIDENCE,,,
6_GOLuke2610,VideoTitle.value,584,LUMO - Lucas 9:18-62,,all-caps-token,true,true,SKIPPED_LOW_CONFIDENCE,,,
6_GOLuke2610,VideoTitle.value,6788,LUMO - لوقا 9:18-62,,all-caps-token,true,true,SKIPPED_LOW_CONFIDENCE,,,
6_GOLuke2610,VideoTitle.value,6930,LUMO - לוקס 9:18-62,,all-caps-token,true,true,SKIPPED_LOW_CONFIDENCE,,,
6_GOLuke2611,VideoTitle.value,1106,LUMO - Lukas 10:1-42,,all-caps-token,true,true,SKIPPED_LOW_CONFIDENCE,,,
6_GOLuke2611,VideoTitle.value,12551,LUMO - Lucas 10:1-42,,all-caps-token,true,true,SKIPPED_LOW_CONFIDENCE,,,
6_GOLuke2611,VideoTitle.value,13169,LUMO - ลูกา 10:1-42,,all-caps-token,true,true,SKIPPED_LOW_CONFIDENCE,,,
6_GOLuke2611,VideoTitle.value,143871,LUMO - Лук 10:1-42,,all-caps-token,true,true,SKIPPED_LOW_CONFIDENCE,,,
6_GOLuke2611,VideoTitle.value,16639,LUMO - Lukas 10:1-42,,all-caps-token,true,true,SKIPPED_LOW_CONFIDENCE,,,
6_GOLuke2611,VideoTitle.value,18259,LUMO - Лук 10:1-42,,all-caps-token,true,true,SKIPPED_LOW_CONFIDENCE,,,
6_GOLuke2611,VideoTitle.value,1942,LUMO - Luka 10:1-42,,all-caps-token,true,true,SKIPPED_LOW_CONFIDENCE,,,
6_GOLuke2611,VideoTitle.value,21028,LUMO - Lucas 10:1-42,,all-caps-token,true,true,SKIPPED_LOW_CONFIDENCE,,,
6_GOLuke2611,VideoTitle.value,21753,LUMO - 路加福音 10:1-42,,all-caps-token,true,true,SKIPPED_LOW_CONFIDENCE,,,
6_GOLuke2611,VideoTitle.value,371,LUMO - Лұқа 10:1-42,,all-caps-token,true,true,SKIPPED_LOW_CONFIDENCE,,,
6_GOLuke2611,VideoTitle.value,3887,LUMO - Lu-ca 10:1-42,,all-caps-token,true,true,SKIPPED_LOW_CONFIDENCE,,,
6_GOLuke2611,VideoTitle.value,3934,LUMO - Лука 10:1-42,,all-caps-token,true,true,SKIPPED_LOW_CONFIDENCE,,,
6_GOLuke2611,VideoTitle.value,407,LUMO - لوقا 10:1-42,,all-caps-token,true,true,SKIPPED_LOW_CONFIDENCE,,,
6_GOLuke2611,VideoTitle.value,496,LUMO - Luc 10:1-42,,all-caps-token,true,true,SKIPPED_LOW_CONFIDENCE,,,
6_GOLuke2611,VideoTitle.value,529,LUMO - Luke 10:1-42,,all-caps-token,true,true,SKIPPED_LOW_CONFIDENCE,,,
6_GOLuke2611,VideoTitle.value,584,LUMO - Lucas 10:1-42,,all-caps-token,true,true,SKIPPED_LOW_CONFIDENCE,,,
6_GOLuke2611,VideoTitle.value,6788,LUMO - لوقا 10:1-42,,all-caps-token,true,true,SKIPPED_LOW_CONFIDENCE,,,
6_GOLuke2611,VideoTitle.value,6930,LUMO - לוקס 10:1-42,,all-caps-token,true,true,SKIPPED_LOW_CONFIDENCE,,,
6_GOLuke2617,VideoTitle.value,1106,LUMO - Lukas 17:1-18:8,,all-caps-token,true,true,SKIPPED_LOW_CONFIDENCE,,,
6_GOLuke2617,VideoTitle.value,12551,LUMO - Lucas 17:1-18:8,,all-caps-token,true,true,SKIPPED_LOW_CONFIDENCE,,,
6_GOLuke2617,VideoTitle.value,13169,LUMO - ลูกา 17:1-18:8,,all-caps-token,true,true,SKIPPED_LOW_CONFIDENCE,,,
6_GOLuke2617,VideoTitle.value,143871,LUMO - Лук 17:1-18:8,,all-caps-token,true,true,SKIPPED_LOW_CONFIDENCE,,,
6_GOLuke2617,VideoTitle.value,16639,LUMO - Lukas 17:1-18:8,,all-caps-token,true,true,SKIPPED_LOW_CONFIDENCE,,,
6_GOLuke2617,VideoTitle.value,18259,LUMO - Лук 17:1-18:8,,all-caps-token,true,true,SKIPPED_LOW_CONFIDENCE,,,
6_GOLuke2617,VideoTitle.value,1942,LUMO - Luka 17:1-18:8,,all-caps-token,true,true,SKIPPED_LOW_CONFIDENCE,,,
6_GOLuke2617,VideoTitle.value,21028,LUMO - Lucas 17:1-18:8,,all-caps-token,true,true,SKIPPED_LOW_CONFIDENCE,,,
6_GOLuke2617,VideoTitle.value,21753,LUMO - 路加福音 17:1-18:8,,all-caps-token,true,true,SKIPPED_LOW_CONFIDENCE,,,
6_GOLuke2617,VideoTitle.value,21754,LUMO - 《路加福音》17:1-18:8,,all-caps-token,true,true,SKIPPED_LOW_CONFIDENCE,,,
6_GOLuke2617,VideoTitle.value,371,LUMO - Лұқа 17:1-18:8,,all-caps-token,true,true,SKIPPED_LOW_CONFIDENCE,,,
6_GOLuke2617,VideoTitle.value,3887,LUMO - Lu-ca 17:1-18:8,,all-caps-token,true,true,SKIPPED_LOW_CONFIDENCE,,,
6_GOLuke2617,VideoTitle.value,3934,LUMO - Луки 17:1-18:8,,all-caps-token,true,true,SKIPPED_LOW_CONFIDENCE,,,
6_GOLuke2617,VideoTitle.value,407,LUMO - لوک 17:1-18:8,,all-caps-token,true,true,SKIPPED_LOW_CONFIDENCE,,,
6_GOLuke2617,VideoTitle.value,496,LUMO - Luc 17:1-18:8,,all-caps-token,true,true,SKIPPED_LOW_CONFIDENCE,,,
6_GOLuke2617,VideoTitle.value,529,LUMO - Luke 17:1-18:8,,all-caps-token,true,true,SKIPPED_LOW_CONFIDENCE,,,
6_GOLuke2617,VideoTitle.value,584,LUMO - Lucas 17:1-18:8,,all-caps-token,true,true,SKIPPED_LOW_CONFIDENCE,,,
6_GOLuke2617,VideoTitle.value,6788,LUMO - لوقا 17:1-18:8,,all-caps-token,true,true,SKIPPED_LOW_CONFIDENCE,,,
6_GOLuke2617,VideoTitle.value,6930,LUMO - לוקס 17:1-18:8,,all-caps-token,true,true,SKIPPED_LOW_CONFIDENCE,,,
6_GOLuke2621,VideoTitle.value,1106,LUMO - Lukas 21:1-36,,all-caps-token,true,true,SKIPPED_LOW_CONFIDENCE,,,
6_GOLuke2621,VideoTitle.value,12551,LUMO - Lucas 21:1-36,,all-caps-token,true,true,SKIPPED_LOW_CONFIDENCE,,,
6_GOLuke2621,VideoTitle.value,13169,LUMO - ลูกา 21:1-36,,all-caps-token,true,true,SKIPPED_LOW_CONFIDENCE,,,
6_GOLuke2621,VideoTitle.value,143871,LUMO - Лук 21:1-36,,all-caps-token,true,true,SKIPPED_LOW_CONFIDENCE,,,
6_GOLuke2621,VideoTitle.value,16639,LUMO - Lukas 21:1-36,,all-caps-token,true,true,SKIPPED_LOW_CONFIDENCE,,,
6_GOLuke2621,VideoTitle.value,18259,LUMO - Лук 21:1-36,,all-caps-token,true,true,SKIPPED_LOW_CONFIDENCE,,,
6_GOLuke2621,VideoTitle.value,1942,LUMO - Luka 21:1-36,,all-caps-token,true,true,SKIPPED_LOW_CONFIDENCE,,,
6_GOLuke2621,VideoTitle.value,21028,LUMO - Lucas 21:1-36,,all-caps-token,true,true,SKIPPED_LOW_CONFIDENCE,,,
6_GOLuke2621,VideoTitle.value,21753,LUMO - 路加福音 21:1-36,,all-caps-token,true,true,SKIPPED_LOW_CONFIDENCE,,,
6_GOLuke2621,VideoTitle.value,371,LUMO - Лұқа 21:1-36,,all-caps-token,true,true,SKIPPED_LOW_CONFIDENCE,,,
6_GOLuke2621,VideoTitle.value,3887,LUMO - Lu-ca 21:1-36,,all-caps-token,true,true,SKIPPED_LOW_CONFIDENCE,,,
6_GOLuke2621,VideoTitle.value,3934,LUMO - Луки 21:1-36,,all-caps-token,true,true,SKIPPED_LOW_CONFIDENCE,,,
6_GOLuke2621,VideoTitle.value,407,LUMO - لوک 21:1-36,,all-caps-token,true,true,SKIPPED_LOW_CONFIDENCE,,,
6_GOLuke2621,VideoTitle.value,496,LUMO - Luc 21:1-36,,all-caps-token,true,true,SKIPPED_LOW_CONFIDENCE,,,
6_GOLuke2621,VideoTitle.value,529,LUMO - Luke 21:1-36,,all-caps-token,true,true,SKIPPED_LOW_CONFIDENCE,,,
6_GOLuke2621,VideoTitle.value,584,LUMO - Lucas 21:1-36,,all-caps-token,true,true,SKIPPED_LOW_CONFIDENCE,,,
6_GOLuke2621,VideoTitle.value,6788,LUMO - لوقا ۲۱:۱-۳۶,,all-caps-token,true,true,SKIPPED_LOW_CONFIDENCE,,,
6_GOLuke2621,VideoTitle.value,6930,LUMO - לוקס 21:1-36,,all-caps-token,true,true,SKIPPED_LOW_CONFIDENCE,,,
6_GOLuke2622,VideoTitle.value,1106,LUMO - Lukas 21:37-22:38,,all-caps-token,true,true,SKIPPED_LOW_CONFIDENCE,,,
6_GOLuke2622,VideoTitle.value,12551,LUMO - Lucas 21:37-22:38,,all-caps-token,true,true,SKIPPED_LOW_CONFIDENCE,,,
6_GOLuke2622,VideoTitle.value,13169,LUMO - ลูกา 21:37-22:38,,all-caps-token,true,true,SKIPPED_LOW_CONFIDENCE,,,
6_GOLuke2622,VideoTitle.value,143871,LUMO - Лук 21:37-22:38,,all-caps-token,true,true,SKIPPED_LOW_CONFIDENCE,,,
6_GOLuke2622,VideoTitle.value,16639,LUMO - Lukas 21:37-22:38,,all-caps-token,true,true,SKIPPED_LOW_CONFIDENCE,,,
6_GOLuke2622,VideoTitle.value,18259,LUMO - Лук 21:37-22:38,,all-caps-token,true,true,SKIPPED_LOW_CONFIDENCE,,,
6_GOLuke2622,VideoTitle.value,1942,LUMO - Luka 21:37-22:38,,all-caps-token,true,true,SKIPPED_LOW_CONFIDENCE,,,
6_GOLuke2622,VideoTitle.value,21028,LUMO - Lucas 21:37-22:38,,all-caps-token,true,true,SKIPPED_LOW_CONFIDENCE,,,
6_GOLuke2622,VideoTitle.value,21753,LUMO - 路加福音 21:37-22:38,,all-caps-token,true,true,SKIPPED_LOW_CONFIDENCE,,,
6_GOLuke2622,VideoTitle.value,21754,LUMO - 《路加福音》21:37-22:38,,all-caps-token,true,true,SKIPPED_LOW_CONFIDENCE,,,
6_GOLuke2622,VideoTitle.value,371,LUMO - Лұқа 21:37-22:38,,all-caps-token,true,true,SKIPPED_LOW_CONFIDENCE,,,
6_GOLuke2622,VideoTitle.value,3887,LUMO - Lu-ca 21:37-22:38,,all-caps-token,true,true,SKIPPED_LOW_CONFIDENCE,,,
6_GOLuke2622,VideoTitle.value,3934,LUMO - Луки 21:37-22:38,,all-caps-token,true,true,SKIPPED_LOW_CONFIDENCE,,,
6_GOLuke2622,VideoTitle.value,407,LUMO - لوک 21:37-22:38,,all-caps-token,true,true,SKIPPED_LOW_CONFIDENCE,,,
6_GOLuke2622,VideoTitle.value,496,LUMO - Luc 21:37-22:38,,all-caps-token,true,true,SKIPPED_LOW_CONFIDENCE,,,
6_GOLuke2622,VideoTitle.value,529,LUMO - Luke 21:37-22:38,,all-caps-token,true,true,SKIPPED_LOW_CONFIDENCE,,,
6_GOLuke2622,VideoTitle.value,584,LUMO - Lucas 21:37-22:38,,all-caps-token,true,true,SKIPPED_LOW_CONFIDENCE,,,
6_GOLuke2622,VideoTitle.value,6788,LUMO - لوقا ۲۱:۳۷-۲۲:۳۸,,all-caps-token,true,true,SKIPPED_LOW_CONFIDENCE,,,
6_GOLuke2622,VideoTitle.value,6930,LUMO - לוקס 21:37-22:38,,all-caps-token,true,true,SKIPPED_LOW_CONFIDENCE,,,
6_GOLuke2623,VideoTitle.value,1106,LUMO - Lukas 22:39-23:25,,all-caps-token,true,true,SKIPPED_LOW_CONFIDENCE,,,
6_GOLuke2623,VideoTitle.value,12551,LUMO - Lucas 22:39-23:25,,all-caps-token,true,true,SKIPPED_LOW_CONFIDENCE,,,
6_GOLuke2623,VideoTitle.value,13169,LUMO - ลูกา 22:39-23:25,,all-caps-token,true,true,SKIPPED_LOW_CONFIDENCE,,,
6_GOLuke2623,VideoTitle.value,143871,LUMO - Лук 22:39-23:25,,all-caps-token,true,true,SKIPPED_LOW_CONFIDENCE,,,
6_GOLuke2623,VideoTitle.value,16639,LUMO - Lukas 22:39-23:25,,all-caps-token,true,true,SKIPPED_LOW_CONFIDENCE,,,
6_GOLuke2623,VideoTitle.value,18259,LUMO - Лук 22:39-23:25,,all-caps-token,true,true,SKIPPED_LOW_CONFIDENCE,,,
6_GOLuke2623,VideoTitle.value,1942,LUMO - Luka 22:39-23:25,,all-caps-token,true,true,SKIPPED_LOW_CONFIDENCE,,,
6_GOLuke2623,VideoTitle.value,21028,LUMO - Lucas 22:39-23:25,,all-caps-token,true,true,SKIPPED_LOW_CONFIDENCE,,,
6_GOLuke2623,VideoTitle.value,21753,LUMO - 路加福音 22:39-23:25,,all-caps-token,true,true,SKIPPED_LOW_CONFIDENCE,,,
6_GOLuke2623,VideoTitle.value,21754,LUMO - 《路加福音》22:39-23:25,,all-caps-token,true,true,SKIPPED_LOW_CONFIDENCE,,,
6_GOLuke2623,VideoTitle.value,371,LUMO - Лұқа 22:39-23:25,,all-caps-token,true,true,SKIPPED_LOW_CONFIDENCE,,,
6_GOLuke2623,VideoTitle.value,3887,LUMO - Lc 22:39-23:25,,all-caps-token,true,true,SKIPPED_LOW_CONFIDENCE,,,
6_GOLuke2623,VideoTitle.value,3934,LUMO - Луки 22:39-23:25,,all-caps-token,true,true,SKIPPED_LOW_CONFIDENCE,,,
6_GOLuke2623,VideoTitle.value,407,LUMO - لوقا 22:39-23:25,,all-caps-token,true,true,SKIPPED_LOW_CONFIDENCE,,,
6_GOLuke2623,VideoTitle.value,496,LUMO - Luc 22:39-23:25,,all-caps-token,true,true,SKIPPED_LOW_CONFIDENCE,,,
6_GOLuke2623,VideoTitle.value,529,LUMO - Luke 22:39-23:25,,all-caps-token,true,true,SKIPPED_LOW_CONFIDENCE,,,
6_GOLuke2623,VideoTitle.value,584,LUMO - Lucas 22:39-23:25,,all-caps-token,true,true,SKIPPED_LOW_CONFIDENCE,,,
6_GOLuke2623,VideoTitle.value,6788,LUMO - لوقا ۲۲:۳۹-۲۳:۲۵,,all-caps-token,true,true,SKIPPED_LOW_CONFIDENCE,,,
6_GOLuke2623,VideoTitle.value,6930,LUMO - לוקס 22:39-23:25,,all-caps-token,true,true,SKIPPED_LOW_CONFIDENCE,,,
6_GOLuke2625,VideoTitle.value,1106,LUMO - Lukas 24:1-53,,all-caps-token,true,true,SKIPPED_LOW_CONFIDENCE,,,
6_GOLuke2625,VideoTitle.value,12551,LUMO - Lucas 24:1-53,,all-caps-token,true,true,SKIPPED_LOW_CONFIDENCE,,,
6_GOLuke2625,VideoTitle.value,13169,LUMO - ลูกา 24:1-53,,all-caps-token,true,true,SKIPPED_LOW_CONFIDENCE,,,
6_GOLuke2625,VideoTitle.value,143871,LUMO - Лук 24:1-53,,all-caps-token,true,true,SKIPPED_LOW_CONFIDENCE,,,
6_GOLuke2625,VideoTitle.value,16639,LUMO - Lukas 24:1-53,,all-caps-token,true,true,SKIPPED_LOW_CONFIDENCE,,,
6_GOLuke2625,VideoTitle.value,18259,LUMO - Лук 24:1-53,,all-caps-token,true,true,SKIPPED_LOW_CONFIDENCE,,,
6_GOLuke2625,VideoTitle.value,1942,LUMO - Luka 24:1-53,,all-caps-token,true,true,SKIPPED_LOW_CONFIDENCE,,,
6_GOLuke2625,VideoTitle.value,21028,LUMO - Lucas 24:1-53,,all-caps-token,true,true,SKIPPED_LOW_CONFIDENCE,,,
6_GOLuke2625,VideoTitle.value,21753,LUMO - 路加福音 24:1-53,,all-caps-token,true,true,SKIPPED_LOW_CONFIDENCE,,,
6_GOLuke2625,VideoTitle.value,371,LUMO - Лұқа 24:1-53,,all-caps-token,true,true,SKIPPED_LOW_CONFIDENCE,,,
6_GOLuke2625,VideoTitle.value,3887,LUMO - Lu-ca 24:1-53,,all-caps-token,true,true,SKIPPED_LOW_CONFIDENCE,,,
6_GOLuke2625,VideoTitle.value,3934,LUMO - Лука 24:1-53,,all-caps-token,true,true,SKIPPED_LOW_CONFIDENCE,,,
6_GOLuke2625,VideoTitle.value,407,LUMO - لوقا 24:1-53,,all-caps-token,true,true,SKIPPED_LOW_CONFIDENCE,,,
6_GOLuke2625,VideoTitle.value,496,LUMO - Luc 24:1-53,,all-caps-token,true,true,SKIPPED_LOW_CONFIDENCE,,,
6_GOLuke2625,VideoTitle.value,529,LUMO - Luke 24:1-53,,all-caps-token,true,true,SKIPPED_LOW_CONFIDENCE,,,
6_GOLuke2625,VideoTitle.value,584,LUMO - Lucas 24:1-53,,all-caps-token,true,true,SKIPPED_LOW_CONFIDENCE,,,
6_GOLuke2625,VideoTitle.value,6788,LUMO - لوقا ۲۴:۱-۵۳,,all-caps-token,true,true,SKIPPED_LOW_CONFIDENCE,,,
6_GOLuke2625,VideoTitle.value,6930,LUMO - לוקס 24:1-53,,all-caps-token,true,true,SKIPPED_LOW_CONFIDENCE,,,
6_GOMark1501,VideoTitle.value,1106,LUMO - Markus 1:1-45,,all-caps-token,true,true,SKIPPED_LOW_CONFIDENCE,,,
6_GOMark1501,VideoTitle.value,12551,LUMO - Marcos 1:1-45,,all-caps-token,true,true,SKIPPED_LOW_CONFIDENCE,,,
6_GOMark1501,VideoTitle.value,13169,LUMO - มาระโก 1:1-45,,all-caps-token,true,true,SKIPPED_LOW_CONFIDENCE,,,
6_GOMark1501,VideoTitle.value,143871,LUMO - Марк 1:1-45,,all-caps-token,true,true,SKIPPED_LOW_CONFIDENCE,,,
6_GOMark1501,VideoTitle.value,16639,LUMO - Markus 1:1-45,,all-caps-token,true,true,SKIPPED_LOW_CONFIDENCE,,,
6_GOMark1501,VideoTitle.value,18259,LUMO - Марк 1:1-45,,all-caps-token,true,true,SKIPPED_LOW_CONFIDENCE,,,
6_GOMark1501,VideoTitle.value,1942,LUMO - Markos 1:1-45,,all-caps-token,true,true,SKIPPED_LOW_CONFIDENCE,,,
6_GOMark1501,VideoTitle.value,21028,LUMO - Marcos 1:1-45,,all-caps-token,true,true,SKIPPED_LOW_CONFIDENCE,,,
6_GOMark1501,VideoTitle.value,21753,LUMO - 馬可福音 1:1-45,,all-caps-token,true,true,SKIPPED_LOW_CONFIDENCE,,,
6_GOMark1501,VideoTitle.value,21754,LUMO - 马可福音 1:1-45,,all-caps-token,true,true,SKIPPED_LOW_CONFIDENCE,,,
6_GOMark1501,VideoTitle.value,371,LUMO - Марк 1:1-45,,all-caps-token,true,true,SKIPPED_LOW_CONFIDENCE,,,
6_GOMark1501,VideoTitle.value,3887,LUMO - Mác 1:1-45,,all-caps-token,true,true,SKIPPED_LOW_CONFIDENCE,,,
6_GOMark1501,VideoTitle.value,3934,LUMO - Марк 1:1-45,,all-caps-token,true,true,SKIPPED_LOW_CONFIDENCE,,,
6_GOMark1501,VideoTitle.value,407,LUMO - مرقس 1:1-45,,all-caps-token,true,true,SKIPPED_LOW_CONFIDENCE,,,
6_GOMark1501,VideoTitle.value,496,LUMO - Marc 1:1-45,,all-caps-token,true,true,SKIPPED_LOW_CONFIDENCE,,,
6_GOMark1501,VideoTitle.value,529,LUMO - Mark 1:1-45,,all-caps-token,true,true,SKIPPED_LOW_CONFIDENCE,,,
6_GOMark1501,VideoTitle.value,584,LUMO - Marcos  1:1-45,,all-caps-token,true,true,SKIPPED_LOW_CONFIDENCE,,,
6_GOMark1501,VideoTitle.value,6788,LUMO - مارک 1:1-45,,all-caps-token,true,true,SKIPPED_LOW_CONFIDENCE,,,
6_GOMark1501,VideoTitle.value,6930,LUMO - מרקוס א':1-45,,all-caps-token,true,true,SKIPPED_LOW_CONFIDENCE,,,
6_GOMark1502,VideoTitle.value,1106,LUMO - Markus 2:1-3:19,,all-caps-token,true,true,SKIPPED_LOW_CONFIDENCE,,,
6_GOMark1502,VideoTitle.value,12551,LUMO - Marcos 2:1-3:19,,all-caps-token,true,true,SKIPPED_LOW_CONFIDENCE,,,
6_GOMark1502,VideoTitle.value,13169,LUMO - มาระโก 2:1-3:19,,all-caps-token,true,true,SKIPPED_LOW_CONFIDENCE,,,
6_GOMark1502,VideoTitle.value,143871,LUMO - Марк 2:1-3:19,,all-caps-token,true,true,SKIPPED_LOW_CONFIDENCE,,,
6_GOMark1502,VideoTitle.value,16639,LUMO - Markus 2:1-3:19,,all-caps-token,true,true,SKIPPED_LOW_CONFIDENCE,,,
6_GOMark1502,VideoTitle.value,18259,LUMO - Марк 2:1-3:19,,all-caps-token,true,true,SKIPPED_LOW_CONFIDENCE,,,
6_GOMark1502,VideoTitle.value,1942,LUMO - Markos 2:1-3:19,,all-caps-token,true,true,SKIPPED_LOW_CONFIDENCE,,,
6_GOMark1502,VideoTitle.value,21028,LUMO - Marcos 2:1-3:19,,all-caps-token,true,true,SKIPPED_LOW_CONFIDENCE,,,
6_GOMark1502,VideoTitle.value,21753,LUMO - 馬可福音 2:1-3:19,,all-caps-token,true,true,SKIPPED_LOW_CONFIDENCE,,,
6_GOMark1502,VideoTitle.value,21754,LUMO - 《马可福音》2:1-3:19,,all-caps-token,true,true,SKIPPED_LOW_CONFIDENCE,,,
6_GOMark1502,VideoTitle.value,371,LUMO - Марк 2:1-3:19,,all-caps-token,true,true,SKIPPED_LOW_CONFIDENCE,,,
6_GOMark1502,VideoTitle.value,3887,LUMO - Mác 2:1-3:19,,all-caps-token,true,true,SKIPPED_LOW_CONFIDENCE,,,
6_GOMark1502,VideoTitle.value,3934,LUMO - Марк 2:1-3:19,,all-caps-token,true,true,SKIPPED_LOW_CONFIDENCE,,,
6_GOMark1502,VideoTitle.value,407,LUMO - مرقس 2:1-3:19,,all-caps-token,true,true,SKIPPED_LOW_CONFIDENCE,,,
6_GOMark1502,VideoTitle.value,496,LUMO - Marc 2:1-3:19,,all-caps-token,true,true,SKIPPED_LOW_CONFIDENCE,,,
6_GOMark1502,VideoTitle.value,529,LUMO - Mark 2:1-3:19,,all-caps-token,true,true,SKIPPED_LOW_CONFIDENCE,,,
6_GOMark1502,VideoTitle.value,584,LUMO - Marcos 2:1-3:19,,all-caps-token,true,true,SKIPPED_LOW_CONFIDENCE,,,
6_GOMark1502,VideoTitle.value,6788,LUMO - مارک 2:1-3:19,,all-caps-token,true,true,SKIPPED_LOW_CONFIDENCE,,,
6_GOMark1502,VideoTitle.value,6930,LUMO - מרקוס ב':1-3:19,,all-caps-token,true,true,SKIPPED_LOW_CONFIDENCE,,,
6_GOMark1506,VideoTitle.value,1106,LUMO - Markus 7:1-8:21,,all-caps-token,true,true,SKIPPED_LOW_CONFIDENCE,,,
6_GOMark1506,VideoTitle.value,12551,LUMO - Marcos 7:1-8:21,,all-caps-token,true,true,SKIPPED_LOW_CONFIDENCE,,,
6_GOMark1506,VideoTitle.value,13169,LUMO - มาระโก 7:1-8:21,,all-caps-token,true,true,SKIPPED_LOW_CONFIDENCE,,,
6_GOMark1506,VideoTitle.value,143871,LUMO - Марк 7:1-8:21,,all-caps-token,true,true,SKIPPED_LOW_CONFIDENCE,,,
6_GOMark1506,VideoTitle.value,16639,LUMO - Markus 7:1-8:21,,all-caps-token,true,true,SKIPPED_LOW_CONFIDENCE,,,
6_GOMark1506,VideoTitle.value,18259,LUMO - Марк 7:1-8:21,,all-caps-token,true,true,SKIPPED_LOW_CONFIDENCE,,,
6_GOMark1506,VideoTitle.value,1942,LUMO - Markos 7:1-8:21,,all-caps-token,true,true,SKIPPED_LOW_CONFIDENCE,,,
6_GOMark1506,VideoTitle.value,21028,LUMO - Marcos 7:1-8:21,,all-caps-token,true,true,SKIPPED_LOW_CONFIDENCE,,,
6_GOMark1506,VideoTitle.value,21753,LUMO - 馬可福音 7:1-8:21,,all-caps-token,true,true,SKIPPED_LOW_CONFIDENCE,,,
6_GOMark1506,VideoTitle.value,21754,LUMO - 马可福音 7:1-8:21,,all-caps-token,true,true,SKIPPED_LOW_CONFIDENCE,,,
6_GOMark1506,VideoTitle.value,371,LUMO - Марк 7:1-8:21,,all-caps-token,true,true,SKIPPED_LOW_CONFIDENCE,,,
6_GOMark1506,VideoTitle.value,3887,LUMO - Mác 7:1-8:21,,all-caps-token,true,true,SKIPPED_LOW_CONFIDENCE,,,
6_GOMark1506,VideoTitle.value,3934,LUMO - Марк 7:1-8:21,,all-caps-token,true,true,SKIPPED_LOW_CONFIDENCE,,,
6_GOMark1506,VideoTitle.value,407,LUMO - مارک 7:1-8:21,,all-caps-token,true,true,SKIPPED_LOW_CONFIDENCE,,,
6_GOMark1506,VideoTitle.value,496,LUMO - Marc 7:1-8:21,,all-caps-token,true,true,SKIPPED_LOW_CONFIDENCE,,,
6_GOMark1506,VideoTitle.value,529,LUMO - Mark 7:1-8:21,,all-caps-token,true,true,SKIPPED_LOW_CONFIDENCE,,,
6_GOMark1506,VideoTitle.value,584,LUMO - Marcos 7:1-8:21,,all-caps-token,true,true,SKIPPED_LOW_CONFIDENCE,,,
6_GOMark1506,VideoTitle.value,6788,LUMO - مرقس ۷:۱-۸:۲۱,,all-caps-token,true,true,SKIPPED_LOW_CONFIDENCE,,,
6_GOMark1506,VideoTitle.value,6930,LUMO - מרקוס ז':1-ח':21,,all-caps-token,true,true,SKIPPED_LOW_CONFIDENCE,,,
6_GOMark1507,VideoTitle.value,1106,LUMO - Markus 8:22-9:29,,all-caps-token,true,true,SKIPPED_LOW_CONFIDENCE,,,
6_GOMark1507,VideoTitle.value,12551,LUMO - Marcos 8:22-9:29,,all-caps-token,true,true,SKIPPED_LOW_CONFIDENCE,,,
6_GOMark1507,VideoTitle.value,13169,LUMO - มาระโก 8:22-9:29,,all-caps-token,true,true,SKIPPED_LOW_CONFIDENCE,,,
6_GOMark1507,VideoTitle.value,143871,LUMO - Марк 8:22-9:29,,all-caps-token,true,true,SKIPPED_LOW_CONFIDENCE,,,
6_GOMark1507,VideoTitle.value,16639,LUMO - Markus 8:22-9:29,,all-caps-token,true,true,SKIPPED_LOW_CONFIDENCE,,,
6_GOMark1507,VideoTitle.value,18259,LUMO - Марк 8:22-9:29,,all-caps-token,true,true,SKIPPED_LOW_CONFIDENCE,,,
6_GOMark1507,VideoTitle.value,1942,LUMO - Markos 8:22-9:29,,all-caps-token,true,true,SKIPPED_LOW_CONFIDENCE,,,
6_GOMark1507,VideoTitle.value,21028,LUMO - Marcos 8:22-9:29,,all-caps-token,true,true,SKIPPED_LOW_CONFIDENCE,,,
6_GOMark1507,VideoTitle.value,21753,LUMO - 馬可福音 8:22-9:29,,all-caps-token,true,true,SKIPPED_LOW_CONFIDENCE,,,
6_GOMark1507,VideoTitle.value,21754,LUMO - 马可福音 8:22-9:29,,all-caps-token,true,true,SKIPPED_LOW_CONFIDENCE,,,
6_GOMark1507,VideoTitle.value,371,LUMO - Марк 8:22-9:29,,all-caps-token,true,true,SKIPPED_LOW_CONFIDENCE,,,
6_GOMark1507,VideoTitle.value,3887,LUMO - Mác 8:22-9:29,,all-caps-token,true,true,SKIPPED_LOW_CONFIDENCE,,,
6_GOMark1507,VideoTitle.value,3934,LUMO - Марк 8:22-9:29,,all-caps-token,true,true,SKIPPED_LOW_CONFIDENCE,,,
6_GOMark1507,VideoTitle.value,407,LUMO - مارک 8:22-9:29,,all-caps-token,true,true,SKIPPED_LOW_CONFIDENCE,,,
6_GOMark1507,VideoTitle.value,496,LUMO - Marc 8:22-9:29,,all-caps-token,true,true,SKIPPED_LOW_CONFIDENCE,,,
6_GOMark1507,VideoTitle.value,529,LUMO - Mark 8:22-9:29,,all-caps-token,true,true,SKIPPED_LOW_CONFIDENCE,,,
6_GOMark1507,VideoTitle.value,584,LUMO - Marcos 8:22-9:29,,all-caps-token,true,true,SKIPPED_LOW_CONFIDENCE,,,
6_GOMark1507,VideoTitle.value,6788,LUMO - مرقس ۸:۲۲-۹:۲۹,,all-caps-token,true,true,SKIPPED_LOW_CONFIDENCE,,,
6_GOMark1507,VideoTitle.value,6930,LUMO - מרקוס ח':22-9:29,,all-caps-token,true,true,SKIPPED_LOW_CONFIDENCE,,,
6_GOMark1510,VideoTitle.value,1106,LUMO - Markus 11:27-12:40,,all-caps-token,true,true,SKIPPED_LOW_CONFIDENCE,,,
6_GOMark1510,VideoTitle.value,12551,LUMO - Marcos 11:27-12:40,,all-caps-token,true,true,SKIPPED_LOW_CONFIDENCE,,,
6_GOMark1510,VideoTitle.value,13169,LUMO - มาระโก 11:27-12:40,,all-caps-token,true,true,SKIPPED_LOW_CONFIDENCE,,,
6_GOMark1510,VideoTitle.value,143871,LUMO - Марк 11:27-12:40,,all-caps-token,true,true,SKIPPED_LOW_CONFIDENCE,,,
6_GOMark1510,VideoTitle.value,16639,LUMO - Markus 11:27-12:40,,all-caps-token,true,true,SKIPPED_LOW_CONFIDENCE,,,
6_GOMark1510,VideoTitle.value,18259,LUMO - Марк 11:27-12:40,,all-caps-token,true,true,SKIPPED_LOW_CONFIDENCE,,,
6_GOMark1510,VideoTitle.value,1942,LUMO - Markos 11:27-12:40,,all-caps-token,true,true,SKIPPED_LOW_CONFIDENCE,,,
6_GOMark1510,VideoTitle.value,21028,LUMO - Marcos 11:27-12:40,,all-caps-token,true,true,SKIPPED_LOW_CONFIDENCE,,,
6_GOMark1510,VideoTitle.value,21753,LUMO - 馬可福音 11:27-12:40,,all-caps-token,true,true,SKIPPED_LOW_CONFIDENCE,,,
6_GOMark1510,VideoTitle.value,21754,LUMO - 马可福音 11:27-12:40,,all-caps-token,true,true,SKIPPED_LOW_CONFIDENCE,,,
6_GOMark1510,VideoTitle.value,371,LUMO - Марк 11:27-12:40,,all-caps-token,true,true,SKIPPED_LOW_CONFIDENCE,,,
6_GOMark1510,VideoTitle.value,3887,LUMO - Mác 11:27-12:40,,all-caps-token,true,true,SKIPPED_LOW_CONFIDENCE,,,
6_GOMark1510,VideoTitle.value,3934,LUMO - Марк 11:27-12:40,,all-caps-token,true,true,SKIPPED_LOW_CONFIDENCE,,,
6_GOMark1510,VideoTitle.value,407,LUMO - Mark 11:27-12:40,,all-caps-token,true,true,SKIPPED_LOW_CONFIDENCE,,,
6_GOMark1510,VideoTitle.value,496,LUMO - Marc 11:27-12:40,,all-caps-token,true,true,SKIPPED_LOW_CONFIDENCE,,,
6_GOMark1510,VideoTitle.value,529,LUMO - Mark 11:27-12:40,,all-caps-token,true,true,SKIPPED_LOW_CONFIDENCE,,,
6_GOMark1510,VideoTitle.value,584,LUMO - Marcos 11:27-12:40,,all-caps-token,true,true,SKIPPED_LOW_CONFIDENCE,,,
6_GOMark1510,VideoTitle.value,6788,LUMO - مرقس ۱۱:۲۷-۱۲:۴۰,,all-caps-token,true,true,SKIPPED_LOW_CONFIDENCE,,,
6_GOMark1510,VideoTitle.value,6930,LUMO - מרקוס יא:27-12:40,,all-caps-token,true,true,SKIPPED_LOW_CONFIDENCE,,,
6_GOMark1513,VideoTitle.value,1106,LUMO - Markus 14:53-15:32,,all-caps-token,true,true,SKIPPED_LOW_CONFIDENCE,,,
6_GOMark1513,VideoTitle.value,12551,LUMO - Marcos 14:53-15:32,,all-caps-token,true,true,SKIPPED_LOW_CONFIDENCE,,,
6_GOMark1513,VideoTitle.value,13169,LUMO - มาระโก 14:53-15:32,,all-caps-token,true,true,SKIPPED_LOW_CONFIDENCE,,,
6_GOMark1513,VideoTitle.value,143871,LUMO - Марк 14:53-15:32,,all-caps-token,true,true,SKIPPED_LOW_CONFIDENCE,,,
6_GOMark1513,VideoTitle.value,16639,LUMO - Markus 14:53-15:32,,all-caps-token,true,true,SKIPPED_LOW_CONFIDENCE,,,
6_GOMark1513,VideoTitle.value,18259,LUMO - Марк 14:53-15:32,,all-caps-token,true,true,SKIPPED_LOW_CONFIDENCE,,,
6_GOMark1513,VideoTitle.value,1942,LUMO - Markos 14:53-15:32,,all-caps-token,true,true,SKIPPED_LOW_CONFIDENCE,,,
6_GOMark1513,VideoTitle.value,21028,LUMO - Marcos 14:53-15:32,,all-caps-token,true,true,SKIPPED_LOW_CONFIDENCE,,,
6_GOMark1513,VideoTitle.value,21753,LUMO - 馬可福音 14:53-15:32,,all-caps-token,true,true,SKIPPED_LOW_CONFIDENCE,,,
6_GOMark1513,VideoTitle.value,21754,LUMO - 马可福音 14:53-15:32,,all-caps-token,true,true,SKIPPED_LOW_CONFIDENCE,,,
6_GOMark1513,VideoTitle.value,371,LUMO - Марк 14:53-15:32,,all-caps-token,true,true,SKIPPED_LOW_CONFIDENCE,,,
6_GOMark1513,VideoTitle.value,3887,LUMO - Mác 14:53-15:32,,all-caps-token,true,true,SKIPPED_LOW_CONFIDENCE,,,
6_GOMark1513,VideoTitle.value,3934,LUMO - Марк 14:53-15:32,,all-caps-token,true,true,SKIPPED_LOW_CONFIDENCE,,,
6_GOMark1513,VideoTitle.value,407,LUMO - Mark 14:53-15:32,,all-caps-token,true,true,SKIPPED_LOW_CONFIDENCE,,,
6_GOMark1513,VideoTitle.value,496,LUMO - Marc 14:53-15:32,,all-caps-token,true,true,SKIPPED_LOW_CONFIDENCE,,,
6_GOMark1513,VideoTitle.value,529,LUMO - Mark 14:53-15:32,,all-caps-token,true,true,SKIPPED_LOW_CONFIDENCE,,,
6_GOMark1513,VideoTitle.value,584,LUMO - Marcos 14:53-15:32,,all-caps-token,true,true,SKIPPED_LOW_CONFIDENCE,,,
6_GOMark1513,VideoTitle.value,6930,LUMO - מרקוס יד:53-15:32,,all-caps-token,true,true,SKIPPED_LOW_CONFIDENCE,,,
6_GOJohn2217,VideoTitle.value,1106,LUMO - Johannes 16:16-17:26,,all-caps-token,true,true,SKIPPED_LOW_CONFIDENCE,,,
6_GOJohn2217,VideoTitle.value,12551,LUMO - Juan 16:16-17:26,,all-caps-token,true,true,SKIPPED_LOW_CONFIDENCE,,,
6_GOJohn2217,VideoTitle.value,13169,LUMO - ยอห์น 16:16-17:26,,all-caps-token,true,true,SKIPPED_LOW_CONFIDENCE,,,
6_GOJohn2217,VideoTitle.value,143871,LUMO - Иохан 16:16-17:26,,all-caps-token,true,true,SKIPPED_LOW_CONFIDENCE,,,
6_GOJohn2217,VideoTitle.value,16639,LUMO - Yohanes 16:16-17:26,,all-caps-token,true,true,SKIPPED_LOW_CONFIDENCE,,,
6_GOJohn2217,VideoTitle.value,18259,LUMO - Иохан 16:16-17:26,,all-caps-token,true,true,SKIPPED_LOW_CONFIDENCE,,,
6_GOJohn2217,VideoTitle.value,1942,LUMO - Yuhanna 16:16-17:26,,all-caps-token,true,true,SKIPPED_LOW_CONFIDENCE,,,
6_GOJohn2217,VideoTitle.value,21028,LUMO - Juan 16:16-17:26,,all-caps-token,true,true,SKIPPED_LOW_CONFIDENCE,,,
6_GOJohn2217,VideoTitle.value,21753,LUMO - 約翰福音 16:16-17:26,,all-caps-token,true,true,SKIPPED_LOW_CONFIDENCE,,,
6_GOJohn2217,VideoTitle.value,21754,LUMO - 约翰福音 16:16-17:26,,all-caps-token,true,true,SKIPPED_LOW_CONFIDENCE,,,
6_GOJohn2217,VideoTitle.value,371,LUMO - Жохан 16:16-17:26,,all-caps-token,true,true,SKIPPED_LOW_CONFIDENCE,,,
6_GOJohn2217,VideoTitle.value,3887,LUMO - Giăng 16:16-17:26,,all-caps-token,true,true,SKIPPED_LOW_CONFIDENCE,,,
6_GOJohn2217,VideoTitle.value,3934,LUMO - Иоанна 16:16-17:26,,all-caps-token,true,true,SKIPPED_LOW_CONFIDENCE,,,
6_GOJohn2217,VideoTitle.value,407,LUMO - یوحنا 16:16-17:26,,all-caps-token,true,true,SKIPPED_LOW_CONFIDENCE,,,
6_GOJohn2217,VideoTitle.value,496,LUMO - Jean 16:16-17:26,,all-caps-token,true,true,SKIPPED_LOW_CONFIDENCE,,,
6_GOJohn2217,VideoTitle.value,529,LUMO - John 16:16-17:26,,all-caps-token,true,true,SKIPPED_LOW_CONFIDENCE,,,
6_GOJohn2217,VideoTitle.value,584,LUMO - João 16:16-17:26,,all-caps-token,true,true,SKIPPED_LOW_CONFIDENCE,,,
6_GOJohn2217,VideoTitle.value,6930,"LUMO - יוחנן ט""ז:16-17:26",,all-caps-token,true,true,SKIPPED_LOW_CONFIDENCE,,,
6_GOMatt2524,VideoTitle.value,1106,LUMO - Matthäus 27:32-28:20,,all-caps-token,true,true,SKIPPED_LOW_CONFIDENCE,,,
6_GOMatt2524,VideoTitle.value,12551,LUMO - Mateo 27:32-28:20,,all-caps-token,true,true,SKIPPED_LOW_CONFIDENCE,,,
6_GOMatt2524,VideoTitle.value,13169,LUMO - มัทธิว 27:32-28:20,,all-caps-token,true,true,SKIPPED_LOW_CONFIDENCE,,,
6_GOMatt2524,VideoTitle.value,143871,LUMO - Матай 27:32-28:20,,all-caps-token,true,true,SKIPPED_LOW_CONFIDENCE,,,
6_GOMatt2524,VideoTitle.value,16639,LUMO - Matius 27:32-28:20,,all-caps-token,true,true,SKIPPED_LOW_CONFIDENCE,,,
6_GOMatt2524,VideoTitle.value,18259,LUMO - Матай 27:32-28:20,,all-caps-token,true,true,SKIPPED_LOW_CONFIDENCE,,,
6_GOMatt2524,VideoTitle.value,1942,LUMO - Matta 27:32-28:20,,all-caps-token,true,true,SKIPPED_LOW_CONFIDENCE,,,
6_GOMatt2524,VideoTitle.value,21028,LUMO - Mateo 27:32-28:20,,all-caps-token,true,true,SKIPPED_LOW_CONFIDENCE,,,
6_GOMatt2524,VideoTitle.value,21753,LUMO - 馬太福音 27:32-28:20,,all-caps-token,true,true,SKIPPED_LOW_CONFIDENCE,,,
6_GOMatt2524,VideoTitle.value,371,LUMO - Матай 27:32-28:20,,all-caps-token,true,true,SKIPPED_LOW_CONFIDENCE,,,
6_GOMatt2524,VideoTitle.value,3887,LUMO - Ma-thi-ơ 27:32-28:20,,all-caps-token,true,true,SKIPPED_LOW_CONFIDENCE,,,
6_GOMatt2524,VideoTitle.value,3934,LUMO - Матфея 27:32-28:20,,all-caps-token,true,true,SKIPPED_LOW_CONFIDENCE,,,
6_GOMatt2524,VideoTitle.value,496,LUMO - Matthieu 27:32-28:20,,all-caps-token,true,true,SKIPPED_LOW_CONFIDENCE,,,
6_GOMatt2524,VideoTitle.value,529,LUMO - Matthew 27:32-28:20,,all-caps-token,true,true,SKIPPED_LOW_CONFIDENCE,,,
6_GOMatt2524,VideoTitle.value,584,LUMO - Mateus 27:32-28:20,,all-caps-token,true,true,SKIPPED_LOW_CONFIDENCE,,,
6_GOMatt2524,VideoTitle.value,6930,"LUMO - מתי כ""ז:32-28:20",,all-caps-token,true,true,SKIPPED_LOW_CONFIDENCE,,,
7_Origins,VideoTitle.value,1106,NUA: Ursprünge,,all-caps-token,true,true,SKIPPED_LOW_CONFIDENCE,,,
7_Origins,VideoTitle.value,12551,NUA: Pinagmulan,,all-caps-token,true,true,SKIPPED_LOW_CONFIDENCE,,,
7_Origins,VideoTitle.value,139485,NUA: الأصول,,all-caps-token,true,true,SKIPPED_LOW_CONFIDENCE,,,
7_Origins,VideoTitle.value,143871,NUA: Гарал үүсэл,,all-caps-token,true,true,SKIPPED_LOW_CONFIDENCE,,,
7_Origins,VideoTitle.value,16639,NUA: Asal-usul,,all-caps-token,true,true,SKIPPED_LOW_CONFIDENCE,,,
7_Origins,VideoTitle.value,176243,NUA: উৎপত্তি,,all-caps-token,true,true,SKIPPED_LOW_CONFIDENCE,,,
7_Origins,VideoTitle.value,18259,NUA: Гарал үүсэл,,all-caps-token,true,true,SKIPPED_LOW_CONFIDENCE,,,
7_Origins,VideoTitle.value,1942,NUA: Kökenleri,,all-caps-token,true,true,SKIPPED_LOW_CONFIDENCE,,,
7_Origins,VideoTitle.value,21753,NUA：起源,,all-caps-token,true,true,SKIPPED_LOW_CONFIDENCE,,,
7_Origins,VideoTitle.value,21754,NUA：起源,,all-caps-token,true,true,SKIPPED_LOW_CONFIDENCE,,,
7_Origins,VideoTitle.value,22658,NUA: الأصول,,all-caps-token,true,true,SKIPPED_LOW_CONFIDENCE,,,
7_Origins,VideoTitle.value,371,NUA: шығу тегі,,all-caps-token,true,true,SKIPPED_LOW_CONFIDENCE,,,
7_Origins,VideoTitle.value,3804,NUA: 오리진,,all-caps-token,true,true,SKIPPED_LOW_CONFIDENCE,,,
7_Origins,VideoTitle.value,3887,NUA: Nguồn gốc,,all-caps-token,true,true,SKIPPED_LOW_CONFIDENCE,,,
7_Origins,VideoTitle.value,3934,NUA: Истоки,,all-caps-token,true,true,SKIPPED_LOW_CONFIDENCE,,,
7_Origins,VideoTitle.value,407,NUA: اصل,,all-caps-token,true,true,SKIPPED_LOW_CONFIDENCE,,,
7_Origins,VideoTitle.value,496,NUA : Origines,,possible-multilingual-concatenation;all-caps-token,true,true,SKIPPED_LOW_CONFIDENCE,,,
7_Origins,VideoTitle.value,529,NUA: Origins,,all-caps-token,true,true,SKIPPED_LOW_CONFIDENCE,,,
7_Origins,VideoTitle.value,584,NUA: Origens,,all-caps-token,true,true,SKIPPED_LOW_CONFIDENCE,,,
7_Origins,VideoTitle.value,6788,NUA: ریشه‌ها,,all-caps-token,true,true,SKIPPED_LOW_CONFIDENCE,,,
7_Origins,VideoTitle.value,6930,NUA: מקורות,,all-caps-token,true,true,SKIPPED_LOW_CONFIDENCE,,,
7_Origins,VideoTitle.value,7083,NUA：起源,,all-caps-token,true,true,SKIPPED_LOW_CONFIDENCE,,,
6_GOLuke2616,VideoTitle.value,1106,LUMO - Lukas 15:11-16:31,,all-caps-token,true,true,SKIPPED_LOW_CONFIDENCE,,,
6_GOLuke2616,VideoTitle.value,12551,LUMO - Lucas 15:11-16:31,,all-caps-token,true,true,SKIPPED_LOW_CONFIDENCE,,,
6_GOLuke2616,VideoTitle.value,13169,LUMO - ลูกา 15:11-16:31,,all-caps-token,true,true,SKIPPED_LOW_CONFIDENCE,,,
6_GOLuke2616,VideoTitle.value,143871,LUMO - Лук 15:11-16:31,,all-caps-token,true,true,SKIPPED_LOW_CONFIDENCE,,,
6_GOLuke2616,VideoTitle.value,16639,LUMO - Lukas 15:11-16:31,,all-caps-token,true,true,SKIPPED_LOW_CONFIDENCE,,,
6_GOLuke2616,VideoTitle.value,18259,LUMO - Лук 15:11-16:31,,all-caps-token,true,true,SKIPPED_LOW_CONFIDENCE,,,
6_GOLuke2616,VideoTitle.value,1942,LUMO - Luka 15:11-16:31,,all-caps-token,true,true,SKIPPED_LOW_CONFIDENCE,,,
6_GOLuke2616,VideoTitle.value,21028,LUMO - Lucas 15:11-16:31,,all-caps-token,true,true,SKIPPED_LOW_CONFIDENCE,,,
6_GOLuke2616,VideoTitle.value,21753,LUMO - 路加福音 15:11-16:31,,all-caps-token,true,true,SKIPPED_LOW_CONFIDENCE,,,
6_GOLuke2616,VideoTitle.value,21754,LUMO - 《路加福音》15:11-16:31,,all-caps-token,true,true,SKIPPED_LOW_CONFIDENCE,,,
6_GOLuke2616,VideoTitle.value,371,LUMO - Лұқа 15:11-16:31,,all-caps-token,true,true,SKIPPED_LOW_CONFIDENCE,,,
6_GOLuke2616,VideoTitle.value,3887,LUMO - Lc 15:11-16:31,,all-caps-token,true,true,SKIPPED_LOW_CONFIDENCE,,,
6_GOLuke2616,VideoTitle.value,3934,LUMO - Луки 15:11-16:31,,all-caps-token,true,true,SKIPPED_LOW_CONFIDENCE,,,
6_GOLuke2616,VideoTitle.value,407,LUMO - لوک 15:11-16:31,,all-caps-token,true,true,SKIPPED_LOW_CONFIDENCE,,,
6_GOLuke2616,VideoTitle.value,496,LUMO - Luc 15:11-16:31,,all-caps-token,true,true,SKIPPED_LOW_CONFIDENCE,,,
6_GOLuke2616,VideoTitle.value,529,LUMO - Luke 15:11-16:31,,all-caps-token,true,true,SKIPPED_LOW_CONFIDENCE,,,
6_GOLuke2616,VideoTitle.value,584,LUMO - Lucas 15:11-16:31,,all-caps-token,true,true,SKIPPED_LOW_CONFIDENCE,,,
6_GOLuke2616,VideoTitle.value,6788,LUMO - لوقا 15:11-16:31,,all-caps-token,true,true,SKIPPED_LOW_CONFIDENCE,,,
6_GOLuke2616,VideoTitle.value,6930,LUMO - לוקס 15:11-16:31,,all-caps-token,true,true,SKIPPED_LOW_CONFIDENCE,,,
6_GOMatt2511,VideoTitle.value,1106,LUMO - Matthäus 14:13-15:20,,all-caps-token,true,true,SKIPPED_LOW_CONFIDENCE,,,
6_GOMatt2511,VideoTitle.value,12551,LUMO - Mateo 14:13-15:20,,all-caps-token,true,true,SKIPPED_LOW_CONFIDENCE,,,
6_GOMatt2511,VideoTitle.value,13169,LUMO - มัทธิว 14:13-15:20,,all-caps-token,true,true,SKIPPED_LOW_CONFIDENCE,,,
6_GOMatt2511,VideoTitle.value,143871,LUMO - Матай 14:13-15:20,,all-caps-token,true,true,SKIPPED_LOW_CONFIDENCE,,,
6_GOMatt2511,VideoTitle.value,16639,LUMO - Matius 14:13-15:20,,all-caps-token,true,true,SKIPPED_LOW_CONFIDENCE,,,
6_GOMatt2511,VideoTitle.value,18259,LUMO - Матай 14:13-15:20,,all-caps-token,true,true,SKIPPED_LOW_CONFIDENCE,,,
6_GOMatt2511,VideoTitle.value,1942,LUMO - Matta 14:13-15:20,,all-caps-token,true,true,SKIPPED_LOW_CONFIDENCE,,,
6_GOMatt2511,VideoTitle.value,21028,LUMO - Mateo 14:13-15:20,,all-caps-token,true,true,SKIPPED_LOW_CONFIDENCE,,,
6_GOMatt2511,VideoTitle.value,21753,LUMO - 馬太福音 14:13-15:20,,all-caps-token,true,true,SKIPPED_LOW_CONFIDENCE,,,
6_GOMatt2511,VideoTitle.value,371,LUMO - Матай 14:13-15:20,,all-caps-token,true,true,SKIPPED_LOW_CONFIDENCE,,,
6_GOMatt2511,VideoTitle.value,3887,LUMO - Ma-thi-ơ 14:13-15:20,,all-caps-token,true,true,SKIPPED_LOW_CONFIDENCE,,,
6_GOMatt2511,VideoTitle.value,3934,LUMO - Матфея 14:13-15:20,,all-caps-token,true,true,SKIPPED_LOW_CONFIDENCE,,,
6_GOMatt2511,VideoTitle.value,407,LUMO - متی 14:13-15:20,,all-caps-token,true,true,SKIPPED_LOW_CONFIDENCE,,,
6_GOMatt2511,VideoTitle.value,496,LUMO - Matthieu 14:13-15:20,,all-caps-token,true,true,SKIPPED_LOW_CONFIDENCE,,,
6_GOMatt2511,VideoTitle.value,529,LUMO - Matthew 14:13-15:20,,all-caps-token,true,true,SKIPPED_LOW_CONFIDENCE,,,
6_GOMatt2511,VideoTitle.value,584,LUMO - Mateus 14:13-15:20,,all-caps-token,true,true,SKIPPED_LOW_CONFIDENCE,,,
6_GOMatt2511,VideoTitle.value,6930,LUMO - מתי יד:13-15:20,,all-caps-token,true,true,SKIPPED_LOW_CONFIDENCE,,,
6_GOMark1509,VideoTitle.value,1106,LUMO - Markus 10:32-11:26,,all-caps-token,true,true,SKIPPED_LOW_CONFIDENCE,,,
6_GOMark1509,VideoTitle.value,12551,LUMO - Marcos 10:32-11:26,,all-caps-token,true,true,SKIPPED_LOW_CONFIDENCE,,,
6_GOMark1509,VideoTitle.value,13169,LUMO - มาระโก 10:32-11:26,,all-caps-token,true,true,SKIPPED_LOW_CONFIDENCE,,,
6_GOMark1509,VideoTitle.value,143871,LUMO - Марк 10:32-11:26,,all-caps-token,true,true,SKIPPED_LOW_CONFIDENCE,,,
6_GOMark1509,VideoTitle.value,16639,LUMO - Markus 10:32-11:26,,all-caps-token,true,true,SKIPPED_LOW_CONFIDENCE,,,
6_GOMark1509,VideoTitle.value,18259,LUMO - Марк 10:32-11:26,,all-caps-token,true,true,SKIPPED_LOW_CONFIDENCE,,,
6_GOMark1509,VideoTitle.value,1942,LUMO - Markos 10:32-11:26,,all-caps-token,true,true,SKIPPED_LOW_CONFIDENCE,,,
6_GOMark1509,VideoTitle.value,21028,LUMO - Marcos 10:32-11:26,,all-caps-token,true,true,SKIPPED_LOW_CONFIDENCE,,,
6_GOMark1509,VideoTitle.value,21753,LUMO - 馬可福音 10:32-11:26,,all-caps-token,true,true,SKIPPED_LOW_CONFIDENCE,,,
6_GOMark1509,VideoTitle.value,21754,LUMO - 《马可福音》10:32-11:26,,all-caps-token,true,true,SKIPPED_LOW_CONFIDENCE,,,
6_GOMark1509,VideoTitle.value,371,LUMO - Марк 10:32-11:26,,all-caps-token,true,true,SKIPPED_LOW_CONFIDENCE,,,
6_GOMark1509,VideoTitle.value,3887,LUMO - Mác 10:32-11:26,,all-caps-token,true,true,SKIPPED_LOW_CONFIDENCE,,,
6_GOMark1509,VideoTitle.value,3934,LUMO - Марк 10:32-11:26,,all-caps-token,true,true,SKIPPED_LOW_CONFIDENCE,,,
6_GOMark1509,VideoTitle.value,407,LUMO - Mark 10:32-11:26,,all-caps-token,true,true,SKIPPED_LOW_CONFIDENCE,,,
6_GOMark1509,VideoTitle.value,496,LUMO - Marc 10:32-11:26,,all-caps-token,true,true,SKIPPED_LOW_CONFIDENCE,,,
6_GOMark1509,VideoTitle.value,529,LUMO - Mark 10:32-11:26,,all-caps-token,true,true,SKIPPED_LOW_CONFIDENCE,,,
6_GOMark1509,VideoTitle.value,584,LUMO - Marcos 10:32-11:26,,all-caps-token,true,true,SKIPPED_LOW_CONFIDENCE,,,
6_GOMark1509,VideoTitle.value,6788,LUMO - مرقس ۱۰:۳۲-۱۱:۲۶,,all-caps-token,true,true,SKIPPED_LOW_CONFIDENCE,,,
6_GOMark1509,VideoTitle.value,6930,LUMO - מרקוס י':32-11:26,,all-caps-token,true,true,SKIPPED_LOW_CONFIDENCE,,,
6_GOMatt2520,VideoTitle.value,1106,LUMO - Matthäus 25:1-46,,all-caps-token,true,true,SKIPPED_LOW_CONFIDENCE,,,
6_GOMatt2520,VideoTitle.value,12551,LUMO - Mateo 25:1-46,,all-caps-token,true,true,SKIPPED_LOW_CONFIDENCE,,,
6_GOMatt2520,VideoTitle.value,13169,LUMO - มัทธิว 25:1-46,,all-caps-token,true,true,SKIPPED_LOW_CONFIDENCE,,,
6_GOMatt2520,VideoTitle.value,143871,LUMO - Матай 25:1-46,,all-caps-token,true,true,SKIPPED_LOW_CONFIDENCE,,,
6_GOMatt2520,VideoTitle.value,16639,LUMO - Matius 25:1-46,,all-caps-token,true,true,SKIPPED_LOW_CONFIDENCE,,,
6_GOMatt2520,VideoTitle.value,18259,LUMO - Матай 25:1-46,,all-caps-token,true,true,SKIPPED_LOW_CONFIDENCE,,,
6_GOMatt2520,VideoTitle.value,1942,LUMO - Matta 25:1-46,,all-caps-token,true,true,SKIPPED_LOW_CONFIDENCE,,,
6_GOMatt2520,VideoTitle.value,21028,LUMO - Mateo 25:1-46,,all-caps-token,true,true,SKIPPED_LOW_CONFIDENCE,,,
6_GOMatt2520,VideoTitle.value,21753,LUMO - 馬太福音 25:1-46,,all-caps-token,true,true,SKIPPED_LOW_CONFIDENCE,,,
6_GOMatt2520,VideoTitle.value,371,LUMO - Матай 25:1-46,,all-caps-token,true,true,SKIPPED_LOW_CONFIDENCE,,,
6_GOMatt2520,VideoTitle.value,3887,LUMO - Ma-thi-ơ 25:1-46,,all-caps-token,true,true,SKIPPED_LOW_CONFIDENCE,,,
6_GOMatt2520,VideoTitle.value,3934,LUMO - Матфея 25:1-46,,all-caps-token,true,true,SKIPPED_LOW_CONFIDENCE,,,
6_GOMatt2520,VideoTitle.value,496,LUMO - Matthieu 25:1-46,,all-caps-token,true,true,SKIPPED_LOW_CONFIDENCE,,,
6_GOMatt2520,VideoTitle.value,529,LUMO - Matthew 25:1-46,,all-caps-token,true,true,SKIPPED_LOW_CONFIDENCE,,,
6_GOMatt2520,VideoTitle.value,584,LUMO - Mateus 25:1-46,,all-caps-token,true,true,SKIPPED_LOW_CONFIDENCE,,,
6_GOMatt2520,VideoTitle.value,6930,"LUMO - מתי כ""ה:1-46",,all-caps-token,true,true,SKIPPED_LOW_CONFIDENCE,,,
6_GOJohn2219,VideoTitle.value,1106,LUMO - Johannes 19:4-37,,all-caps-token,true,true,SKIPPED_LOW_CONFIDENCE,,,
6_GOJohn2219,VideoTitle.value,12551,LUMO - Juan 19:4-37,,all-caps-token,true,true,SKIPPED_LOW_CONFIDENCE,,,
6_GOJohn2219,VideoTitle.value,13169,LUMO - ยอห์น 19:4-37,,all-caps-token,true,true,SKIPPED_LOW_CONFIDENCE,,,
6_GOJohn2219,VideoTitle.value,143871,LUMO - Иохан 19:4-37,,all-caps-token,true,true,SKIPPED_LOW_CONFIDENCE,,,
6_GOJohn2219,VideoTitle.value,16639,LUMO - Yohanes 19:4-37,,all-caps-token,true,true,SKIPPED_LOW_CONFIDENCE,,,
6_GOJohn2219,VideoTitle.value,18259,LUMO - Иохан 19:4-37,,all-caps-token,true,true,SKIPPED_LOW_CONFIDENCE,,,
6_GOJohn2219,VideoTitle.value,1942,LUMO - Yuhanna 19:4-37,,all-caps-token,true,true,SKIPPED_LOW_CONFIDENCE,,,
6_GOJohn2219,VideoTitle.value,21028,LUMO - Juan 19:4-37,,all-caps-token,true,true,SKIPPED_LOW_CONFIDENCE,,,
6_GOJohn2219,VideoTitle.value,21753,LUMO - 約翰福音 19:4-37,,all-caps-token,true,true,SKIPPED_LOW_CONFIDENCE,,,
6_GOJohn2219,VideoTitle.value,21754,LUMO - 约翰福音 19:4-37,,all-caps-token,true,true,SKIPPED_LOW_CONFIDENCE,,,
6_GOJohn2219,VideoTitle.value,371,LUMO - Жохан 19:4-37,,all-caps-token,true,true,SKIPPED_LOW_CONFIDENCE,,,
6_GOJohn2219,VideoTitle.value,3887,LUMO - Giăng 19:4-37,,all-caps-token,true,true,SKIPPED_LOW_CONFIDENCE,,,
6_GOJohn2219,VideoTitle.value,3934,LUMO - Иоанна 19:4-37,,all-caps-token,true,true,SKIPPED_LOW_CONFIDENCE,,,
6_GOJohn2219,VideoTitle.value,407,LUMO - یوحنا 19:4-37,,all-caps-token,true,true,SKIPPED_LOW_CONFIDENCE,,,
6_GOJohn2219,VideoTitle.value,496,LUMO - Jean 19:4-37,,all-caps-token,true,true,SKIPPED_LOW_CONFIDENCE,,,
6_GOJohn2219,VideoTitle.value,529,LUMO - John 19:4-37,,all-caps-token,true,true,SKIPPED_LOW_CONFIDENCE,,,
6_GOJohn2219,VideoTitle.value,584,LUMO - João 19:4-37,,all-caps-token,true,true,SKIPPED_LOW_CONFIDENCE,,,
6_GOJohn2219,VideoTitle.value,6930,LUMO - יוחנן 19:4-37,,all-caps-token,true,true,SKIPPED_LOW_CONFIDENCE,,,
6_GOMark1503,VideoTitle.value,1106,LUMO - Markus 3:20-4:41,,all-caps-token,true,true,SKIPPED_LOW_CONFIDENCE,,,
6_GOMark1503,VideoTitle.value,12551,LUMO - Marcos 3:20-4:41,,all-caps-token,true,true,SKIPPED_LOW_CONFIDENCE,,,
6_GOMark1503,VideoTitle.value,13169,LUMO - มาระโก 3:20-4:41,,all-caps-token,true,true,SKIPPED_LOW_CONFIDENCE,,,
6_GOMark1503,VideoTitle.value,143871,LUMO - Марк 3:20-4:41,,all-caps-token,true,true,SKIPPED_LOW_CONFIDENCE,,,
6_GOMark1503,VideoTitle.value,16639,LUMO - Markus 3:20-4:41,,all-caps-token,true,true,SKIPPED_LOW_CONFIDENCE,,,
6_GOMark1503,VideoTitle.value,18259,LUMO - Марк 3:20-4:41,,all-caps-token,true,true,SKIPPED_LOW_CONFIDENCE,,,
6_GOMark1503,VideoTitle.value,1942,LUMO - Markos 3:20-4:41,,all-caps-token,true,true,SKIPPED_LOW_CONFIDENCE,,,
6_GOMark1503,VideoTitle.value,21028,LUMO - Marcos 3:20-4:41,,all-caps-token,true,true,SKIPPED_LOW_CONFIDENCE,,,
6_GOMark1503,VideoTitle.value,21753,LUMO - 馬可福音 3:20-4:41,,all-caps-token,true,true,SKIPPED_LOW_CONFIDENCE,,,
6_GOMark1503,VideoTitle.value,21754,LUMO - 马可福音 3:20-4:41,,all-caps-token,true,true,SKIPPED_LOW_CONFIDENCE,,,
6_GOMark1503,VideoTitle.value,371,LUMO - Марк 3:20-4:41,,all-caps-token,true,true,SKIPPED_LOW_CONFIDENCE,,,
6_GOMark1503,VideoTitle.value,3887,LUMO - Mác 3:20-4:41,,all-caps-token,true,true,SKIPPED_LOW_CONFIDENCE,,,
6_GOMark1503,VideoTitle.value,3934,LUMO - Марк 3:20-4:41,,all-caps-token,true,true,SKIPPED_LOW_CONFIDENCE,,,
6_GOMark1503,VideoTitle.value,407,LUMO - مارک 3:20-4:41,,all-caps-token,true,true,SKIPPED_LOW_CONFIDENCE,,,
6_GOMark1503,VideoTitle.value,496,LUMO - Marc 3:20-4:41,,all-caps-token,true,true,SKIPPED_LOW_CONFIDENCE,,,
6_GOMark1503,VideoTitle.value,529,LUMO - Mark 3:20-4:41,,all-caps-token,true,true,SKIPPED_LOW_CONFIDENCE,,,
6_GOMark1503,VideoTitle.value,584,LUMO - Marcos 3:20-4:41,,all-caps-token,true,true,SKIPPED_LOW_CONFIDENCE,,,
6_GOMark1503,VideoTitle.value,6788,LUMO - مارک 3:20-4:41,,all-caps-token,true,true,SKIPPED_LOW_CONFIDENCE,,,
6_GOMark1503,VideoTitle.value,6930,LUMO - מרקוס ג':20-4:41,,all-caps-token,true,true,SKIPPED_LOW_CONFIDENCE,,,
1_cl1303-0-0,VideoTitle.value,16639,Klub Cerita : Mujizat Penangkapan Ikan,,possible-multilingual-concatenation,true,true,SKIPPED_LOW_CONFIDENCE,,,
0_JesusVisionJohn,VideoTitle.value,1106,Jesus Vision - Johannes,,possible-multilingual-concatenation,true,true,SKIPPED_LOW_CONFIDENCE,,,
0_JesusVisionJohn,VideoTitle.value,12551,Pangitain ni Hesus - Juan,,possible-multilingual-concatenation,true,true,SKIPPED_LOW_CONFIDENCE,,,
0_JesusVisionJohn,VideoTitle.value,143871,Есүсийн үзэгдэл - Иохан,,possible-multilingual-concatenation,true,true,SKIPPED_LOW_CONFIDENCE,,,
0_JesusVisionJohn,VideoTitle.value,16639,Penglihatan Yesus - Yohanes,,possible-multilingual-concatenation,true,true,SKIPPED_LOW_CONFIDENCE,,,
0_JesusVisionJohn,VideoTitle.value,18259,Есүсийн үзэгдэл - Иохан,,possible-multilingual-concatenation,true,true,SKIPPED_LOW_CONFIDENCE,,,
0_JesusVisionJohn,VideoTitle.value,1942,İsa'nın Vizyonu - Yuhanna,,possible-multilingual-concatenation,true,true,SKIPPED_LOW_CONFIDENCE,,,
0_JesusVisionJohn,VideoTitle.value,21028,La visión de Jesús - Juan,,possible-multilingual-concatenation,true,true,SKIPPED_LOW_CONFIDENCE,,,
0_JesusVisionJohn,VideoTitle.value,371,Исаның көрінісі - Джон,,possible-multilingual-concatenation,true,true,SKIPPED_LOW_CONFIDENCE,,,
0_JesusVisionJohn,VideoTitle.value,3887,Tầm nhìn của Chúa Giêsu - John,,possible-multilingual-concatenation,true,true,SKIPPED_LOW_CONFIDENCE,,,
0_JesusVisionJohn,VideoTitle.value,3934,Видение Иисуса - Иоанн,,possible-multilingual-concatenation,true,true,SKIPPED_LOW_CONFIDENCE,,,
0_JesusVisionJohn,VideoTitle.value,496,Vision de Jésus - Jean,,possible-multilingual-concatenation,true,true,SKIPPED_LOW_CONFIDENCE,,,
0_JesusVisionJohn,VideoTitle.value,529,Jesus Vision - John,,possible-multilingual-concatenation,true,true,SKIPPED_LOW_CONFIDENCE,,,
0_JesusVisionJohn,VideoTitle.value,584,A visão de Jesus - João,,possible-multilingual-concatenation,true,true,SKIPPED_LOW_CONFIDENCE,,,
2_ThereIsHopeMena,VideoTitle.value,1106,Es gibt Hoffnung (MENA),,all-caps-token,true,true,SKIPPED_LOW_CONFIDENCE,,,
2_ThereIsHopeMena,VideoTitle.value,12551,May Pag-asa (MENA),,all-caps-token,true,true,SKIPPED_LOW_CONFIDENCE,,,
2_ThereIsHopeMena,VideoTitle.value,143871,Найдвар бий (MENA),,all-caps-token,true,true,SKIPPED_LOW_CONFIDENCE,,,
2_ThereIsHopeMena,VideoTitle.value,16639,Ada Harapan (MENA),,all-caps-token,true,true,SKIPPED_LOW_CONFIDENCE,,,
2_ThereIsHopeMena,VideoTitle.value,176243,আশা আছে (MENA),,all-caps-token,true,true,SKIPPED_LOW_CONFIDENCE,,,
2_ThereIsHopeMena,VideoTitle.value,18259,Найдвар бий (MENA),,all-caps-token,true,true,SKIPPED_LOW_CONFIDENCE,,,
2_ThereIsHopeMena,VideoTitle.value,1942,Umut Var (MENA),,all-caps-token,true,true,SKIPPED_LOW_CONFIDENCE,,,
2_ThereIsHopeMena,VideoTitle.value,21028,Hay esperanza (MENA),,all-caps-token,true,true,SKIPPED_LOW_CONFIDENCE,,,
2_ThereIsHopeMena,VideoTitle.value,21753,有希望 (MENA),,all-caps-token,true,true,SKIPPED_LOW_CONFIDENCE,,,
2_ThereIsHopeMena,VideoTitle.value,371,Үміт бар (MENA),,all-caps-token,true,true,SKIPPED_LOW_CONFIDENCE,,,
2_ThereIsHopeMena,VideoTitle.value,3804,희망이 있습니다(MENA),,all-caps-token,true,true,SKIPPED_LOW_CONFIDENCE,,,
2_ThereIsHopeMena,VideoTitle.value,3887,Có Hy Vọng (MENA),,all-caps-token,true,true,SKIPPED_LOW_CONFIDENCE,,,
2_ThereIsHopeMena,VideoTitle.value,3934,Надежда есть (MENA),,all-caps-token,true,true,SKIPPED_LOW_CONFIDENCE,,,
2_ThereIsHopeMena,VideoTitle.value,496,Il y a de l'espoir (MENA),,all-caps-token,true,true,SKIPPED_LOW_CONFIDENCE,,,
2_ThereIsHopeMena,VideoTitle.value,529,There Is Hope (MENA),,all-caps-token,true,true,SKIPPED_LOW_CONFIDENCE,,,
2_ThereIsHopeMena,VideoTitle.value,584,Há esperança (MENA),,all-caps-token,true,true,SKIPPED_LOW_CONFIDENCE,,,
2_ThereIsHopeMena,VideoTitle.value,6788,امیدی هست (MENA),,all-caps-token,true,true,SKIPPED_LOW_CONFIDENCE,,,
2_ThereIsHopeMena,VideoTitle.value,6930,יש תקווה (MENA),,all-caps-token,true,true,SKIPPED_LOW_CONFIDENCE,,,
2_ThereIsHopeMena,VideoTitle.value,7083,希望はある（MENA）,,all-caps-token,true,true,SKIPPED_LOW_CONFIDENCE,,,
10_Darkroom05Religion,VideoTitle.value,496,Religion : Lara déteste les chrétiens,,possible-multilingual-concatenation,true,true,SKIPPED_LOW_CONFIDENCE,,,
6_GOJohn2210,VideoTitle.value,1106,LUMO - Johannes 9:1-41,,all-caps-token,true,true,SKIPPED_LOW_CONFIDENCE,,,
6_GOJohn2210,VideoTitle.value,12551,LUMO - Juan 9:1-41,,all-caps-token,true,true,SKIPPED_LOW_CONFIDENCE,,,
6_GOJohn2210,VideoTitle.value,13169,LUMO - ยอห์น 9:1-41,,all-caps-token,true,true,SKIPPED_LOW_CONFIDENCE,,,
6_GOJohn2210,VideoTitle.value,143871,LUMO - Иохан 9:1-41,,all-caps-token,true,true,SKIPPED_LOW_CONFIDENCE,,,
6_GOJohn2210,VideoTitle.value,16639,LUMO - Yohanes 9:1-41,,all-caps-token,true,true,SKIPPED_LOW_CONFIDENCE,,,
6_GOJohn2210,VideoTitle.value,18259,LUMO - Иохан 9:1-41,,all-caps-token,true,true,SKIPPED_LOW_CONFIDENCE,,,
6_GOJohn2210,VideoTitle.value,1942,LUMO - Yuhanna 9:1-41,,all-caps-token,true,true,SKIPPED_LOW_CONFIDENCE,,,
6_GOJohn2210,VideoTitle.value,21028,LUMO - Juan 9:1-41,,all-caps-token,true,true,SKIPPED_LOW_CONFIDENCE,,,
6_GOJohn2210,VideoTitle.value,21753,LUMO - 約翰福音 9:1-41,,all-caps-token,true,true,SKIPPED_LOW_CONFIDENCE,,,
6_GOJohn2210,VideoTitle.value,21754,LUMO - 约翰福音 9:1-41,,all-caps-token,true,true,SKIPPED_LOW_CONFIDENCE,,,
6_GOJohn2210,VideoTitle.value,371,LUMO - Жохан 9:1-41,,all-caps-token,true,true,SKIPPED_LOW_CONFIDENCE,,,
6_GOJohn2210,VideoTitle.value,3887,LUMO - Giăng 9:1-41,,all-caps-token,true,true,SKIPPED_LOW_CONFIDENCE,,,
6_GOJohn2210,VideoTitle.value,3934,LUMO - Иоанна 9:1-41,,all-caps-token,true,true,SKIPPED_LOW_CONFIDENCE,,,
6_GOJohn2210,VideoTitle.value,496,LUMO - Jean 9:1-41,,all-caps-token,true,true,SKIPPED_LOW_CONFIDENCE,,,
6_GOJohn2210,VideoTitle.value,529,LUMO - John 9:1-41,,all-caps-token,true,true,SKIPPED_LOW_CONFIDENCE,,,
6_GOJohn2210,VideoTitle.value,584,LUMO - João 9:1-41,,all-caps-token,true,true,SKIPPED_LOW_CONFIDENCE,,,
6_GOJohn2210,VideoTitle.value,6930,LUMO - יוחנן ט':1-41,,all-caps-token,true,true,SKIPPED_LOW_CONFIDENCE,,,
6_GOMark1514,VideoTitle.value,1106,LUMO - Markus 15:33-16:20,,all-caps-token,true,true,SKIPPED_LOW_CONFIDENCE,,,
6_GOMark1514,VideoTitle.value,12551,LUMO - Marcos 15:33-16:20,,all-caps-token,true,true,SKIPPED_LOW_CONFIDENCE,,,
6_GOMark1514,VideoTitle.value,13169,LUMO - มาระโก 15:33-16:20,,all-caps-token,true,true,SKIPPED_LOW_CONFIDENCE,,,
6_GOMark1514,VideoTitle.value,143871,LUMO - Марк 15:33-16:20,,all-caps-token,true,true,SKIPPED_LOW_CONFIDENCE,,,
6_GOMark1514,VideoTitle.value,16639,LUMO - Markus 15:33-16:20,,all-caps-token,true,true,SKIPPED_LOW_CONFIDENCE,,,
6_GOMark1514,VideoTitle.value,18259,LUMO - Марк 15:33-16:20,,all-caps-token,true,true,SKIPPED_LOW_CONFIDENCE,,,
6_GOMark1514,VideoTitle.value,1942,LUMO - Markos 15:33-16:20,,all-caps-token,true,true,SKIPPED_LOW_CONFIDENCE,,,
6_GOMark1514,VideoTitle.value,21028,LUMO - Marcos 15:33-16:20,,all-caps-token,true,true,SKIPPED_LOW_CONFIDENCE,,,
6_GOMark1514,VideoTitle.value,21753,LUMO - 馬可福音 15:33-16:20,,all-caps-token,true,true,SKIPPED_LOW_CONFIDENCE,,,
6_GOMark1514,VideoTitle.value,21754,LUMO - 马可福音 15:33-16:20,,all-caps-token,true,true,SKIPPED_LOW_CONFIDENCE,,,
6_GOMark1514,VideoTitle.value,371,LUMO - Марк 15:33-16:20,,all-caps-token,true,true,SKIPPED_LOW_CONFIDENCE,,,
6_GOMark1514,VideoTitle.value,3887,LUMO - Mác 15:33-16:20,,all-caps-token,true,true,SKIPPED_LOW_CONFIDENCE,,,
6_GOMark1514,VideoTitle.value,3934,LUMO - Марк 15:33-16:20,,all-caps-token,true,true,SKIPPED_LOW_CONFIDENCE,,,
6_GOMark1514,VideoTitle.value,407,LUMO - Mark 15:33-16:20,,all-caps-token,true,true,SKIPPED_LOW_CONFIDENCE,,,
6_GOMark1514,VideoTitle.value,496,LUMO - Marc 15:33-16:20,,all-caps-token,true,true,SKIPPED_LOW_CONFIDENCE,,,
6_GOMark1514,VideoTitle.value,529,LUMO - Mark 15:33-16:20,,all-caps-token,true,true,SKIPPED_LOW_CONFIDENCE,,,
6_GOMark1514,VideoTitle.value,584,LUMO - Marcos 15:33-16:20,,all-caps-token,true,true,SKIPPED_LOW_CONFIDENCE,,,
6_GOMark1514,VideoTitle.value,6930,LUMO - מרקוס טו:33-טז:20,,all-caps-token,true,true,SKIPPED_LOW_CONFIDENCE,,,
